ID,Datum,Zeit,SerialNumber,CompletionTime,Zufallszahlen,Signatur,HashedApiKey
152,2026-10-04,02:05:00,50348,2026-10-04 00:05:00Z,9 28 94 83 39 55 44 45 9 27 82 83 79 10 75 31 12 7 93 73 69 66 68 9 87 57 88 76 58 10 68 97 68 60 89 32 57 60 36 23 20 98 7 39 14 23 58 3 85 64 52 58 35 14 15 33 12 72 3 38 89 49 2 90 80 15 12 7 60 81 93 2 13 12 55 28 85 50 95 64 48 57 100 80 24 39 33 80 33 25 42 95 22 2 43 81 61 96 68 67,kbxdE02JJ5Be+r11l1NWlneSSGb9H1dLpSW56H4wefuwNYjKjaUfYwrv5riAq0/gTR1KUwZzEoJEwhbB1TtHhnebIan2Ln0M/++zxYoF08etPvFuprFYLx2r0V2Rqm9XQe5atHz2S0xHNFisyUap+x0b0Gi9aqJdmIwTRHRJUSC1lkZRwVjDRtNFbyFG/aQygYsqEFJSExSt9gdP0464rLPfUHY+/r3jxtyBVVReXMqn/P13xl3BUqGoi3czN/FdPWjeYERL89b9GNY+PzWztsyw1l4EzhVtA+1DIN7g+8vEOgIrOrOiEC4BqHJ0eLaEUHylgf4/hXCJlOLcqbNKJRTdA9xD4OOZ2tq0VoaW+wR0jTpiBCB+scvnDj2UYKSB00RGznlSqLzBMN3WDge8auenIAFJ+wj2ZScSLPElJKWybWT9qlPVECT8SGDfz+JkVnPd0tME5ATv155sqaR2iJ7NW/na6OvGJ5Fs0af1Sza5VHtIJqEB+U2zoIN9z3aCWc1vFSmTtIzy9jNMwk89YlMYbGq3+LN8sceTFnNH82HZG2yc2Pf1RgZ4lcSe61xlyKrfLIUXSnBCaI/9EHiP3d2/gQUjBjY0sNMVYKs1FpOGFOS9XOfHcByMoMSko0Xqpw2xxkKf7YKLd4FrqwKWqy9JEYmgimaO6qvwzVfIQ7c=,9BUxBxskt4zX31eFcUpfoKvMjOrdUAvN4y/Fb2KDJgJWm9qjULweg+hL4RgcJe+ObGtcZOay2feR12U1otf57w==
153,2026-10-04,02:10:00,50350,2026-10-04 00:10:00Z,23 91 69 83 67 47 24 6 46 25 33 58 36 68 7 86 24 92 59 31 53 72 58 91 1 35 54 46 47 46 30 88 91 64 97 19 99 32 33 70 56 24 75 40 7 10 69 78 40 58 82 73 62 3 4 59 8 98 18 20 6 73 38 88 9 38 83 38 17 9 23 83 16 57 45 46 24 86 49 3 70 71 24 5 5 36 39 15 33 14 49 2 10 41 34 78 53 93 93 67,T5wa0rd/gP+VZY/RDxicrN476xqLpuH0YOi7HPsTRNBK9PQpOhcsgFMWEsOm86iJTxuA3ccYLc42eMl67IzD6LyG5A0HCbvceECFzNnTaWqiSW6y/Dn2SsXN+mPhcXXIwPhbamxKs7NzZd4C7xEtijkZZWRufDVwYdgyjXMHYNdfiAiLOcJ6+ztbNlllJCWx96TpRWGzYWTM3Iwp/mVXfxybxapp/pWmD5j/qYVjB31+dyPx+UgOpoZtICqIMjzjMD+l8EmLcLkjGTs4nRY12fUugUBQzuEnIG19jn9AsyoTFYxeTJl92GG+fJtju36a/RTk6z1MqBP6DeeUQl+zAEv9d8o0KRg9c1m03UfAjIfVTnIovtmrQzRfMw7qdF0M0bXd6VgBEP0WcbKE5QMnWKmmV27AENXoyluqYQCO6w1dTD+TASRHuineEUd1YQM4y2fkf2kv5RqFELscL1qHuL5uGYZLhQ4ub3g1QGpzmNluJgHwzuDrQjBqdoVo0JSDLWLVv/5vTyiaT4B6MP4PbjTk4YkCMOaFAp9hUk2N4+aBoh0tuNMB91Wl2+hT0KlqKkba3IWDuZ9B+3BzJG/j9l4h14m60sC3LPJ0Cm8J86Q4iHg5VbXJtnH+TXgSa3ryp/dZJMQXV7kYv95xGQtqHshfTGizsA3TMqSOn9dPk+M=,9BUxBxskt4zX31eFcUpfoKvMjOrdUAvN4y/Fb2KDJgJWm9qjULweg+hL4RgcJe+ObGtcZOay2feR12U1otf57w==
154,2026-10-04,02:15:00,50352,2026-10-04 00:15:00Z,34 96 80 72 72 25 85 23 37 94 71 82 6 29 9 95 53 88 42 73 95 45 69 79 87 70 69 89 1 52 48 43 50 21 41 40 95 1 95 16 15 99 8 13 52 75 43 60 67 83 93 85 71 40 81 51 51 45 94 51 1 97 38 3 62 23 86 89 45 63 90 71 38 76 27 12 91 4 92 35 66 91 22 23 62 99 50 73 65 57 74 36 66 21 63 18 22 63 29 32,4LzTo65rzipFN+v6QjRI5XL90wUQeRa1heVr+uAjib1dh7ScMEeMwWeT/zl8gk3tegGCxEBIM/ZqenvZQ0gwjlnwY6WDY9pKdp2un9YbhGsLyi3IfkWmbjgMVFc0hoqYuiWKJZvkg9L8XDK/LpndRzQCbZ5MVrj0+N1jJyoUDvYrg1IwLDcShoITGnMlDBZFEkAWTkoTCjfcZaQDyJG7JjWVSItNSfk/vPYKaa6jnXXxbiC3LnwDA9eH/IuZbXshiYpi8Oc2ISR6nQzeS/OkXJLXQPXVhBjCumCc56ZLxJwyfPcfXdJq8MLRSRO6Cva8IsD7KZSH+hdWxypuk3RMNC4jWNwM7BBMPoOneEVwRAQnCQ6rE6ca/RsGO3+H392xCca/iCAq9ppL/La+y0ROByvZWr/PlDWmnyoAsyg6GX07y9x4GJfRtpCZ/nxfaSuJbAPCPorPZUWIHfJ1h1pXWLXimavRUi0zSEtokHOB2LqyhHTo1Xtgiz504U8N6uDVn1FG82RZuxIpQqtViYhMh2ScUL8cKH/opVmVUfUv1GZAffMSxvCn7d3dqwAS8waTcAppUcRJBrNptP2GwERDh8f3+h6rOIeSktqQ7Ef4xeCX3q1tG4fEoz5hSrM42qpzqbMmgwO0VIj4EOAG7O+tK8RxzP6Y2x1B1evskNtXwV0=,9BUxBxskt4zX31eFcUpfoKvMjOrdUAvN4y/Fb2KDJgJWm9qjULweg+hL4RgcJe+ObGtcZOay2feR12U1otf57w==
155,2026-10-04,02:20:00,50354,2026-10-04 00:20:00Z,89 21 59 75 44 90 6 37 93 53 64 83 12 97 81 7 73 53 81 30 25 70 54 16 50 35 30 52 94 78 96 27 42 1 11 18 3 27 90 80 42 80 22 37 1 14 74 96 72 5 83 94 8 88 87 43 59 10 29 5 17 21 73 59 53 5 86 67 92 14 2 52 48 54 83 69 34 60 11 50 4 81 85 90 89 100 9 36 35 15 77 79 63 47 13 37 60 69 32 32,roZAhhiTQuzWTvfVmTENv8g1G7WLnsB7ufZAWQjyZxfutq5qXDnk58MQFyR20stCvSv50cQ/HKOMawqj4GBKopyZZFGiyRsnJEzYOmpo61iH/hbt8VJRQvoofo3wR+gL4oWaR//HceLnJ3TUqmer89gRWzcGMbDlRkQAZarnEunZhR0DSHCMZ7y9+0tH3Wl5RcT8UcCWzhswKzX8BWJU7D9F/HWEroUvyStP/fdrDWF3TiPWCkD9dvhqXwnvGOU/lo7S3TsUDUFFHOtKHu0xYi0qsN7fOyQf6yUWSITa0+ZTDotHvOxIzqXhw/ADDJ6EVgBkkbzONOCASzW7sQsvrDVOlVq43mvbH1bSgHgpiuKGRLr4Sz2zCFwggEQ6n7+36HGHWHNqwYQxzEVkhAVYUSg7eczB+Z09OzgaRoXh8VhrsnO4+A0PEjsL4SC2NFFptH9gy81npNOUxdyFClHcqhlT2oYqbmAELuZg6A2V/wHXON+VAYewnFeRPttt6CEYrwtyD+E1pdynUWAv6XxY0BWqrB0p5IIzjXEcaUvltWrTKFlo83wjePu0bj6y8KSMitLYYFskui/XIq9ZAnhR640KPEfwZZ4L3LUB0HMfC8kx2D77WuaKOk17ghVTm/tUSC4PEMiC3g4T48VYrCw+jj49hJHi3fSxp4MyB/h6hSA=,9BUxBxskt4zX31eFcUpfoKvMjOrdUAvN4y/Fb2KDJgJWm9qjULweg+hL4RgcJe+ObGtcZOay2feR12U1otf57w==
156,2026-10-04,02:25:00,50356,2026-10-04 00:25:00Z,20 47 18 81 40 96 63 58 91 14 28 96 64 43 24 31 23 25 18 31 30 37 70 76 9 40 45 76 60 38 8 68 11 24 61 80 54 22 94 38 40 62 88 5 20 75 94 71 22 52 55 19 89 78 81 77 10 12 48 42 12 35 65 70 19 31 46 98 42 8 33 41 59 57 33 93 83 12 23 79 51 83 35 22 35 99 7 48 14 94 67 12 32 46 43 24 78 64 14 4,vEccqx7MPuAgrumrQpvKSV3Yj2GVQMMEvW3awOcYyUiCURmH8SG0BQQZhOUqTBoTfhk7LemeLJvbAteyXMi8ldEpcOdEOxQ0Rl/kxu7WDfAmfmnrLwaAPNap/++mtxGTWgl0e8HdhFsPUE0KamPKxx0p5Fa8UJPPlGuYICJIV/+Zod4sAIRw/07D7il4SANMo/nUlhg8VQ/sutmQImAycVcXMr/9afRHjfeuZVKCYlLQv16H4bNmN84S6U1TEfm31ghb76jUp+xzIy1nAWPcMh8BytRZ2uGVC6bJsNxa+eNe81bSX4+xfOyjilKv6c7ioAfyhPFP2Z4zn7c0OjxCvMe37Kc8Cj5Q+z11+v4RBlPgaAQmF+7saZ4xJ1OJTovpQA1GW4F/3RTHK7MyaRrgmt/3ivO0WZ7MFz0Oe0/4lFRCyfWqSdgCtCYom7awP9hzNXrztcVxnx2LSdfAuKUElEXIYvOKLg9x9ySj4GoLn6vFLyKun+gp8rXhKBGINE+rEfmZgCdMqEHBa651FdCUIsL1lrYsB1xzIv4dCmQaBORxu8Q8C1HoatTZG8ifw78bcw6YjGxXJKmL/f0oITDdqPggvPWteJ5lqrJJY8gAx/R4Jho6e4SnsvuAx0RBSNVHfJklBejn9R/VGlxpADYmSlsApuyZNtmZFBtqpuFInzs=,9BUxBxskt4zX31eFcUpfoKvMjOrdUAvN4y/Fb2KDJgJWm9qjULweg+hL4RgcJe+ObGtcZOay2feR12U1otf57w==
157,2026-10-04,02:30:00,50358,2026-10-04 00:30:00Z,92 60 75 60 39 45 28 15 40 50 36 77 64 57 43 32 92 92 15 85 91 5 83 6 15 16 78 86 28 9 76 50 87 56 4 31 40 44 87 87 1 21 64 27 22 63 17 20 47 23 72 72 22 8 58 92 78 49 98 72 92 81 71 25 87 100 78 11 7 43 6 47 64 84 23 1 74 79 6 42 79 88 12 85 10 93 41 3 87 64 37 73 92 62 57 71 72 99 51 84,uRGe3wYJIJeH13GcP4qV+rgHDEtV/lKMovzAScSkW9H1CEnSUn10s2bp0L5o62DY9uvw8s/Hu/hQROxlvAUUhzNWm8/FzlluDZhV+C8oO6U7waQBMnjU5j/n/H0t3YjvDqzY/hueOYjWmMFQMYYpp0HdakEWDJU/ChO057pUoqKs9+CO3u58uDzVyJHN3leGrEMUK2bH69vRN3AsBWX0x13N4hd6bBLI/RFiMrLaiqxuNUaZO62oL2E4bR/qedKAyWgubFDm3pIuYp3kAkq+/B5g2o8OiFrdptkcThyTnkp0QW68Ncca/KuuarnVn8Sk/YeUbLNjXIvj4pXy797U1Qnmpny95KXPKsqP8tuJ1DpY79ECtnFSRMc2WrrwI3GycK+qW4DINNn9xDnEeBhHkEQPVUT0n1jHWypvNPAMtZa1Kv+Ng91vgGbyiC6G8BwsXGV6PjXB2LVD5qb9HwndT+OLkpk1LgsGc1Rp4jFJ43j7MqFCJVSIZfRsZ2MBNn3l6vOxw8zDcjpufJp5K/bV+dybFDjAzhsulVG1JqzBULSDi2nlPHZ/xMDkgsUGlkyXdvwGFr+dfw3j2BHD762GzEb7Re4a8XiaK06vQ5h9bxVu6wjqHm+OAW1gBTXTsmxyRd+QZTilzPwhXgtNyBV1mdiHJt8EpNG3/mEFLzXQ6FE=,9BUxBxskt4zX31eFcUpfoKvMjOrdUAvN4y/Fb2KDJgJWm9qjULweg+hL4RgcJe+ObGtcZOay2feR12U1otf57w==
158,2026-10-04,02:35:00,50360,2026-10-04 00:35:00Z,3 6 77 93 52 42 47 6 17 32 71 50 39 57 27 2 8 67 57 77 23 40 46 12 54 70 85 44 44 60 27 24 42 86 50 37 69 35 51 20 28 99 94 97 6 20 74 80 11 68 38 28 41 49 83 77 75 2 66 73 33 59 56 98 13 17 46 35 62 55 50 24 95 39 44 54 52 47 85 75 95 99 7 57 43 8 40 65 8 93 72 100 35 54 17 19 85 18 89 57,5yCe0NKArNfeBSudwpU4GIAUa4/k8in0iLy9fWoQm5KJpIsNQ3I28HJpOoOLkOJ93GH9JA0UZyJON1L4UUy/RlcUayTb/36MhftCgnEpRMAfnfGetwH+SmrBk0nx+LZHPPfQuTL7sbNvc6O1xId6LIen+fGumqog/xlaBOfvZBuY6L/D2N99PX9jKv11sMINf+F7cwe7ooA1Yz8EeTGB2U2xgj6zjvx5KZ1lQuO/NtYtkbqyEgyCY+m8TxZ8gSw2/8AA8/Cza77ozRvskNaMv+EWsqxKp8vAGDTzkPtSIJHnRpvccqNzNKiWVSNqnOAoP47HkPRStJDp6TpmyQrwHz4SxESTNRFpdOPi9frVRsKQF3qIbBPVJTPWY7L1/VmNaLKZtgBd6d2i0Uc1qpfLAlt3O6ijXR7HMarBvMKxHpvQNvRs0HDFPoPoWVxLWw4wmxnO8WuyrBkStl4TuiHblY1xLgo6Ul3TkYk02jXvtMdYRFN26fnZkQ+w+PVZI3B+24hXSYN3FvV5GzIwhP+grVcDpdSb8oQj56E0DLLMIqlx5yTMWgtfgsm93Hk/IicOzE1LYAwciO1X5hxxqhpJwO0qk2fb9/MO+EIp2mD5ja7qu7E3Gmful+IS6K3khRWogBmikQRPcZX9NYCs4FoF8cTBsjvsN4GKgDB/OMW5upU=,9BUxBxskt4zX31eFcUpfoKvMjOrdUAvN4y/Fb2KDJgJWm9qjULweg+hL4RgcJe+ObGtcZOay2feR12U1otf57w==
159,2026-10-04,02:40:00,50362,2026-10-04 00:40:00Z,5 81 94 41 28 70 80 7 37 90 100 88 64 74 48 74 95 56 78 47 76 23 96 46 16 72 15 66 52 90 85 76 12 85 97 41 99 27 12 59 94 36 87 46 25 16 13 42 50 1 21 25 94 8 78 24 94 35 14 45 41 55 56 82 52 70 30 44 33 100 49 34 52 78 25 35 35 37 93 63 6 93 87 99 75 100 98 48 36 24 75 79 55 74 86 21 11 35 61 87,ZvCJ4TyY7RTl+YD8IO00WqYqFiAakcQyLQaP7mCWLGMhtrpAY1uLUeGbuC9+e30633hGVBHQIS3+z5EQHjh0DNp3p7TvxdrTGwHbU1D00aR3JxHEXnTfFguOvCwWM6t+L3874yuUodP1Wmfkd7+kQ5Y7poRaY/zXO0AmFKr6S8r7Urfn5ZTtivcoA5mcRhRCnkvv2v0wvRKkm3NvaWcGL3jE43MgVntP9cCZ7ul+ON9T4z+7HNDwRpbu1FY5K0fz1gkRmpNoN0WMKEfgqa+YepbWtH65a/ZNRD1TrRoXSWhI5ZNNHBodI4gl+M02cVr63lOD3ZFGCNWqW5oE0IyunhsnBsXaQcrG79IC5ePWkFESjbZ3Kbr7k4Pjm1nmEzn6eKQZPHUZlPkk56tPd2MyE2jcZkaOO4DzSz02PplimElhjuUBdcZ0rsKUcqSM5mxjg5q00rdVeu0rTbbR2GLv0CDHT0ZG0dAfZRIl9YowiGZw7v7jL/S+Y1ZrjMC7CdRRrKPKVxHxbkpqRfeEXq40JN/1J9+4BVgdcEV3bidSJyBJ5zrZju8BGLmzIbdt67yLE39HQwdkLmDmGscX2Kp53twNseW045hEYrHBEcULDzJf/MIy69vILutGVlZ+TZH3aAl6ogumEXbssNRH2djObnbQE7osnU3JkG2caQ0pQVM=,9BUxBxskt4zX31eFcUpfoKvMjOrdUAvN4y/Fb2KDJgJWm9qjULweg+hL4RgcJe+ObGtcZOay2feR12U1otf57w==
160,2026-10-04,02:45:00,50364,2026-10-04 00:45:00Z,80 70 89 80 26 24 98 67 3 87 1 36 78 89 21 28 21 81 67 100 16 61 91 92 69 97 34 85 10 37 96 2 77 65 57 91 11 57 17 73 26 17 92 33 42 49 49 81 62 59 14 5 62 38 19 7 18 70 29 76 23 71 31 26 74 17 55 10 24 48 8 16 68 66 29 32 83 93 7 68 64 41 86 13 72 62 10 20 70 76 62 4 21 74 40 16 28 68 51 56,FwwdjBqOX07AvRInmpipEnNNzYlJZkMuD7lV3LEEDLS4t2OzXZCtnInUxLMFSEgDzfE+xd8NX2p/Wa40i5tvk6Ga/CUzYN/ymPGyR3sptGMGnmpGYJJ5vbvyQNyZdVgZv7LOkuCv6yK8MAz8n3oUYXL3EaY9N0dEPc29eWe6YQPk3wljNSh3FPWp7keG5LaK7xvqRJalLwOnEqsO6MINJtpEQYcEa0QHlosfaceloDjdDTYbzhvG+S7dAuspck9DPEhk4SsrW8voJij+ZBF3vWV1ePQ5qT8Jl5U69gxSTXIkrvJV2cj0b3TZX/BZB5SoXFEguOJeGmnfWv1SZNtEuB2R1fYrp9yUrMV9wxGlVwel6nFjAudwqusBeB2713dosz1w/G6JpSHuSbsttS6mZxg203mwQRXLpDEebqDU0yzFFtUvM2125iM11Fiz3tNuqpxnV8JC4k6qawN7AFwbaUPcsKKSoUTMUK2JxAuO4AtrEJtvdo9ZYCABNpyuwaguu/ju85+IJhxVPXKKarZnVBk/tXmLm7kOeHUv+xUGkJ18Y/lqsVK4ydxcX+xOHbfDQxhyG/zGTjGwBHv8lNYgqPAiR0JbEzE+td07kCFfyJzRgCIZPisaSFZiONqRZH0/l/AwUJH9zvcx8BV/vHDCBx7041+HeqHJW30vZr7Yd1M=,9BUxBxskt4zX31eFcUpfoKvMjOrdUAvN4y/Fb2KDJgJWm9qjULweg+hL4RgcJe+ObGtcZOay2feR12U1otf57w==
161,2026-10-04,02:50:00,50366,2026-10-04 00:50:00Z,76 20 83 55 73 57 95 41 99 15 96 71 90 51 69 58 79 21 8 21 5 67 2 42 72 73 41 56 26 58 79 51 67 2 13 58 44 17 55 38 62 49 27 18 19 69 24 86 1 45 19 25 40 60 15 77 60 84 51 62 44 92 14 39 14 13 96 58 79 92 44 5 91 6 60 48 25 64 12 42 40 28 13 8 82 98 67 87 36 58 17 86 71 80 87 36 52 14 94 71,cb07j+nXY3iZPdU/XmJ+p7S2LOj3ih3M6oyCpstHTV9OrGilX3qMAalq9YjoLZXMyjmBdfhlET9s/Tvd4nvSC78UoDyL+K9Y5MUGQl5TU7o5TSAmIaqg+W1lKBBonFFYIBwm3HSHHUibyUDxoc1ihSMGwsVku04CooM3mQtPQXQVWsmdHoLiGLXAsEQrSKXwrkLkPmyQo/8ENyGx9qKtiSBW3fDwtXEnx1mAJp9YoZkyhiNxYmbpWZNdr+TNcLLpQIRRma+QAAzutjU8QK1NPdZpA5k+jxnmViEZmsb7KKe+OUvteRXtuxEH65zHXz7Z+enntT5WHwtvQsHZm4KQVXcexCAhdiRfQahuuTEUJZt/j+nIRb2vA1EM2f+UPyofY9fAKQvt1LrPzDJkY8VoPVuXETd0tgn4pX0yM9Is0nMq/fv05np93vjmEUx7Pe0NqmGlZK2TkO1vyCWx+LMDcFCMM9w9Tm7dDxxxQsmlJuGy3mWsnvxW9fzHA19hKZATtXRbb4b6d/DGjFrgTGt0T0aWHwNBUZnx2w527XJZwKhzr5VxIjwo+Ga84JPs0s9RgBAf2HotxwjtEjGJTh38vg2gElR2I+10kRmQyVM0U5CQADmZ8Q8qL9dibSHA45s0HHEA8/38v4uQLIewblFu8aBLE54s8TzbzA5sqqPOEwA=,9BUxBxskt4zX31eFcUpfoKvMjOrdUAvN4y/Fb2KDJgJWm9qjULweg+hL4RgcJe+ObGtcZOay2feR12U1otf57w==
162,2026-10-04,02:55:00,50368,2026-10-04 00:55:00Z,13 96 99 17 64 2 96 13 73 21 79 7 94 58 100 4 55 86 89 51 22 58 19 98 74 18 87 30 95 70 29 13 3 48 34 65 75 18 2 3 22 26 15 75 34 19 12 93 1 72 97 99 96 84 99 51 57 80 12 78 15 90 100 6 60 6 46 1 88 35 10 54 63 13 30 61 45 35 14 86 47 86 33 78 74 16 3 52 24 87 74 5 46 38 41 38 26 17 53 98,lAITDRMGJjFKI4HhilQkQK2Kilbq4y4LQSY48p7xoytJ+ncMqVJksHdk5ThQyso7OXzn6iSIiPI9Y5hGEcx5Xlo7wC7faZPhjariozXALgAtmzbPWHeqcCttpEfquSrN9sEUFjO27MDaFmnYyzl958N5l1cQtrmevsLm5nJPMOwthb445N4K1fGmJIhfFEe6r2KsTuinvjePPazOulryYRXP/jHgxYBn1/lrShCM1q9LtmrAivUkf0HxixLeczX+Ji6uHo5bL90H6qJl3oUB0qtm2dRaIdHQEwYUihMgi4iV9ecNuyhzs4w2C7vuX+98XM09V0IF8wdCyPeRagXQ875To9BYoBXnGCoF0ZOnwTYbrKqVnnOiyXWg9fxnfZ5JNZTunHE27jJVzqCQNWaPgIsFiLZrA85iLPSUS0QC8Y4ApHISyStApzUHrmNxRTMLZ/ey0y7NxXxZmNHiQTmdBrn6e/GQuYtF7vtwst9ZSy990OQjNrGNSJwyevwz6npXEYj7F1yrsx/ZYxFDtS+nGuH344Q1CKC/AYo/aoyt4dj76UxCklLWgXK9PjXzLEiATjycGLpuq+ZnL4iT29J1J8a45cXQtKWkmmNhJrATZJcW21L2DFIwtX1aKe1o6GF7O0tE7tPSRn52r+ljnYkG+nXgotyf87fKshlFw6gTuT4=,9BUxBxskt4zX31eFcUpfoKvMjOrdUAvN4y/Fb2KDJgJWm9qjULweg+hL4RgcJe+ObGtcZOay2feR12U1otf57w==
163,2026-10-04,03:00:00,50370,2026-10-04 01:00:00Z,87 14 56 23 97 96 7 52 72 63 87 19 84 18 89 30 95 91 83 32 6 18 83 3 44 7 38 41 94 26 78 65 45 34 24 22 36 15 93 24 15 23 44 53 56 11 29 77 22 92 31 90 94 42 17 70 4 78 43 36 87 90 9 47 56 80 38 11 64 8 94 73 38 65 26 25 75 24 16 42 74 31 18 99 100 10 32 96 78 41 62 22 63 66 56 72 93 19 69 13,cF30D7ETxw2GdDDWEEoIGCDOp+4ZlH3oGSLWvEcIcqdQjgMVLFNjV6u+qcuneqguZM+0d3oDcV4s1UvAiPUMIgR2SEOzoLhQbt1iHmoGgMXdFwkEPhqUT/xApUY3I9Ir0NuKvmo21v1OOy/zg9Y0n9JWd+yZ3bt37GNRdPje3BWRAPtUL1iOwyplkW8dfKWa1v0WBm8gdv0ZHPx7iQkp+gNsWgy3b6Fk1mPlMdV+uJG5DdqMb9cPMumS9MOi1M+ccKim8VF8elys0Ynvv4+ArtBjUU0kumECyPFUcSbfvT1UgSLE+QuAHRaaTtZtn/KOzwg/tR7VtsyCdsicbZRnCiN3RZp9pYVM3jybOcsFFweybQvz9enk6yIRZyKg4aBdyVVvMOKlcRrr5Wkllu2WWpOsdXYdMv6PZDjpgziRm6srR2ySlsGRbmFR1ra5I7yDtrpWJxWoMqz5ufQbk5H5vtytfvgzFhBRBk+hsFMpHg7AU1loCf6ydPJJRWErMf3LIWTcItjor0TMTK4H2/ghoyt9CSnwZjCKVHEq2MO7lvqDlXY8Ed5d0zb97phj6G/M5DxQpIyqsZM+Y+hZSnG1q/DTq1upCutBSALFrAzs80qajq098qjgDghF+0ueL3X32lfAnnLRnlvMmP1xwor9ahlvAdqM3Dgk3v1PKYPnqb4=,9BUxBxskt4zX31eFcUpfoKvMjOrdUAvN4y/Fb2KDJgJWm9qjULweg+hL4RgcJe+ObGtcZOay2feR12U1otf57w==
164,2026-10-04,03:05:00,50372,2026-10-04 01:05:00Z,25 56 17 67 77 75 41 48 90 76 11 10 48 66 61 65 55 82 18 66 66 71 76 39 29 4 23 74 17 51 50 43 6 25 45 66 78 93 56 16 68 39 57 83 48 86 69 83 19 52 79 88 55 78 96 23 95 14 88 88 32 29 74 37 95 25 39 58 46 55 45 42 48 20 26 17 29 18 72 39 92 98 29 30 77 81 66 92 74 55 74 79 16 15 53 75 60 15 15 62,ycvB/Lf3Xdbwybj8GrWXHWOMpjbFL49TOpqpYCJ8TJpww5vge7LrceeIyTW/+YkYZWqN1yOJEPOWMOSlE87LGBLuHzavwMcDikkWv1gB7HYURBLakNhQ1fgPxpOL8E04osgpwjjdewUSN7z+ovS4DyOxsIvWFkbOrggpIZgJpdmonElXrnAnmPPCXplCkOKWhLxsuCMrwRhekA8/KfqETpfMGodT6D0TZLMIVtO0MvZW3FzcXuzQZmW+FSXsNBE1Y1ENtkcDrZeKOibeLYxT3s8NdViDBtB6zSM2lQ3cevTy0NRXtAJo6eaoBMZK/O/xfKxw7/M1xuPBvHmrsvV447S52as65NN+Tf2UPmwaKpQg67AQ8QXYHYY9yfKcEXhIOrihDppjfqSmBrEJXTG8/jaMGXOTKr1AXJgGqy3K03NuvGkJhp44QcZ7agzKsmgcvftQxvj8qO7NQeanR6pL3/njdcEBiJqVZHCk6lGGXu9RrsoaOQ16yHcF8LKRiqR1lenW6DhprpmyKkOBgrsvSEkTZD9CDyfVEkGcRqLjwd4PQBdSLsmlpuOa2pGfHPblWPOSNvt2EeMT39muYA6iDdzx4YCQbtjQ1Q/2b/PYaiSTCDT8lt2IuGQgYJyWe4c2NlWZ12UCSqFzsbCiY21DrFRFSwaaTfUxqpCnjYbRNJU=,9BUxBxskt4zX31eFcUpfoKvMjOrdUAvN4y/Fb2KDJgJWm9qjULweg+hL4RgcJe+ObGtcZOay2feR12U1otf57w==
165,2026-10-04,03:10:00,50374,2026-10-04 01:10:00Z,19 45 39 65 59 9 43 15 81 53 66 11 58 70 27 79 77 2 60 40 91 25 55 91 30 64 44 87 88 70 95 69 4 62 79 77 93 72 7 78 87 55 94 41 45 64 57 65 23 36 13 60 20 67 61 45 87 74 68 48 31 34 91 67 32 10 38 22 36 23 79 88 70 59 86 96 17 27 45 39 7 58 27 57 21 39 60 59 41 41 24 10 29 69 68 17 16 76 55 14,LcZUrp0Q4iOPzKjz6kL5CuUbctOrpvAAfkmZLTx3ha3UwyYeo+EJ29vDsUqrMnJ5bDev/fOKiPWQLHUgVE+YegvjPsZZ90cZw53dHcHr1j56pU+nb5q6d4kP3tZKvQddKp8AbSv3VamO2NY/ntGBifZUb+dEkNEdyylEq+dJpWxpz94aO1o+SZR+HUOXDJO7kpNhrYbih6JAtwbKZomJW//1DSkGQkrmOkY4f7IBP6eZeO0oMNyL+7zAPWcmkdmQZWmIt920rXJmk9CsJM2mNALmJ4w76qzsb+EKNfMHD838VDyVMIfj7z+n5tDi06GNYj9Qttk4AraSpJesT6OdGN+CNpLNtEnggS0+VdaG6OTJk5ReP29iqV5/a2tnG/DOJCrnUIVvIyVxTMB1bU9DOiciqJhe5MS5Hn0PBWVljt6h5qtEbKJfAFd8zka7z6Z/3AUVh19oO9RJ4bjSmOyalU/CJE9F+55otGDE17PMme9x4/iOOspd/MIwu0KGlptmRdcGCEC0RWQP+wFteEf52NhaZbBFLGm6amdwxPRXbSBsMYARXq9ZJK9VnI5i732Y7VgQ0x9jfq4jvJDDPGbLVL/xP4Pr167qq/deH49E70OaOxCx1HNQjR7zxkeea7cBaH9fub42LatQCvUGOxkKCZH97bair7f8a7jmxreigHA=,9BUxBxskt4zX31eFcUpfoKvMjOrdUAvN4y/Fb2KDJgJWm9qjULweg+hL4RgcJe+ObGtcZOay2feR12U1otf57w==
166,2026-10-04,03:15:00,50376,2026-10-04 01:15:00Z,90 48 48 60 25 85 79 98 7 17 92 10 85 64 61 92 71 40 8 21 75 28 36 61 63 55 4 87 23 16 99 32 39 3 45 22 20 25 22 19 62 5 76 9 36 44 12 23 36 61 35 55 81 89 42 26 34 99 6 81 89 27 70 45 32 52 2 57 79 30 67 41 54 5 39 79 30 75 69 10 85 43 22 13 26 32 43 97 33 9 82 47 40 95 55 65 4 79 28 19,sKNftppPRrpbpkIZntxKoVFIDgB8NcCeR7mL2hsujWKYy0mzOdGhPQGJmoRAtQALPxXR+NGrvMdJWaixJt+IbpUUYr7tWvLGns/7PrFdUUm0TkQmc3fO7GVJpbBHjWXTjp7c0MxeRSe/7fa3nCGvFvaCC+mZXbXOGc66okVZMGs/Th2SgB8zqHMfUHStM6MG5kr0VRNzCxEfX852nxUwhptW3rCQcS2MB+JcpLiTIjRz1j4HZBm9L+OtpiL+dPJRl+Y1ejguMq2gX0bg5JnUXUd2/ndu6ynL1vbMgIF4PbBvgWt+50Bn3my7zZGBbInzxCkj174ZH9+zzX7+7F0a9aq7AcN/GnRDomXLABJCNRVcaB2UfK1Md9ii6A4a/QU34c4XuCS3AvMVTbHzxXOyAQLUPNS0aPmjeMCD0uDz58mO4nKLUZ5sVW2qzFFRhfrStE8GXRtg9mMZYUbdUnBqZGugoLy1+33Y604BX1QJ/TfmjA1/6tFDSrWsm7I4jXfJN1xyV2hiqnjMDeot5HbJH5ccnK3YaoxDbhG0uC8tk+XSbcqJuXZtxaOQVrR9bFzP6t/Yx6JRz4d4lt6ojGuJH05ems9CKxwPWrI/mmKSVDZzb/mLUKrxrMqztTdY9nv+DD7amDHMc9V3J3QxFmfpXfT7/i7sycB653wZEv7wwf4=,9BUxBxskt4zX31eFcUpfoKvMjOrdUAvN4y/Fb2KDJgJWm9qjULweg+hL4RgcJe+ObGtcZOay2feR12U1otf57w==
167,2026-10-04,03:20:00,50378,2026-10-04 01:20:00Z,29 69 11 52 19 85 35 56 47 18 78 51 4 92 85 67 81 56 40 11 78 47 32 62 65 79 85 48 15 14 84 10 45 68 82 23 87 37 20 9 5 81 68 29 12 91 7 82 70 34 99 19 86 56 27 76 23 59 71 5 29 84 93 59 95 53 78 43 86 37 91 4 71 35 62 38 90 68 26 67 24 15 91 92 43 12 9 57 42 28 63 38 5 87 73 9 53 66 78 37,uA1Airmixs2QdI6wpPzfEP4zc+bD6uFiVRVEN3URzU2JY8gL5g1q7qI71cOM7o7Gky+jYvShGsaKXEeOijk7oEwR08PXkomja7YefO9SX4gwFqsWVhVh1Y/WFAnk+BXeOtjol/JsMyErfQuSUT7j9v0KS0ahi6abFKqJdbtiwZLpr/FCLhrguJG9l7UA95vReUUADFt/kZWchWTXClObrBYYHhNdlUxdmuRdwAgebok6gKoCb9plp19X9a6ScHXg6aNuSCg6DCvbA+OCXAjkx+lCJlQGKUiwV1Y5QvuRSU7j/zhe8LAzc8FW0VHYjARlH9mF7oh7elqMrNTK+1hki6I/Cfi1sdFyoPKOcHQ+ktsSQTnFqO5KMwGNbbhb1pOBHsigEr+8TTRONW7g8LrsD29EBA6ydIZKGGqMO2eIj4Zy7PxZ/hhifMYSAeRH0VysxUSKc65SxoqLd2ZBx0Mbr13wSjwSmpqNzPWG/9b/dZbuvvOk83F1PkFLBnJEjjk75Q4384/8bkk9mA64+RKx4m2yI2Vye+9wNLVyOkz47tCe2dyfM3D11u7XXto+Q69x1JyXbCu5DG1hRRsBhquQrNsmkpb42qDvbL/hle3/Bimi2VvHK0x7dZZS2Co5yCL/psHtTXY0gOs9K0tTCMbMI55C7wNsW/83cszX1GlPk6A=,9BUxBxskt4zX31eFcUpfoKvMjOrdUAvN4y/Fb2KDJgJWm9qjULweg+hL4RgcJe+ObGtcZOay2feR12U1otf57w==
168,2026-10-04,03:25:00,50380,2026-10-04 01:25:00Z,92 37 38 56 100 41 82 14 62 64 42 73 45 9 73 44 99 81 10 1 67 47 7 14 84 87 54 15 19 82 97 29 6 21 6 88 69 9 94 3 50 10 61 94 10 50 20 99 52 14 98 61 100 94 14 3 88 46 33 46 50 12 99 16 71 47 56 55 46 52 77 47 71 87 76 25 55 88 72 42 17 11 70 71 68 7 17 82 78 99 24 43 89 54 54 18 12 87 83 20,TwqvvY31NhpuGBlZMjCnt6OX7ZlUHFWSrD7g+UuBm6KRjoxmEL5050lMvnrC88xvspIU2ihMwzz4x3yQJNoiG6xB9PCaZn0gcWsTMdMguEWGtJlNFYDQDk0jg7OhjKk5g+bMxd7Gkm/bdYtWF5PvPaAX+Jy4iI99xNm/u9FDnFhuFwI6zcLZE/VnJmbaHuy48PoY/yXHknEamNAuV/TdD+R8wyZxZOISre2XurVHB8L4i2tSH9owFlyFrB2uO4tK2H4HQhov/7mo7EhAuZiY5J9u75ZNkYsUT501WWufv6BdG67rUOkzwk2Vrj6Vc2h0uw+dJfkDWMO7Sk66PFMhnVMz10FmCED/zb0tHodAI171Dt4lDvYeF4aiRVpXT0ulUzseUNXTKuw/zLwP0c0umyxhq+J9n7rTUo/56k94GxzNRvCb3iIrY7pYq0Egy4v+AkIHo55Pf4fD/1Id9KQpGRa3nblyTELt06zQHNfTa+ISijxwK25qvf8JabzwcE6hLUDdn82CRhPXL87swwahEWFnh6cBIeLwxKbVSkIGvDvFxfdvLVg6cKMqoJofeOO6/lN0SzBR+L3aezD3H1o8B3KiZQxsu1Auwk7smriZxSQgVkD8iL8Es+bwmQKZhRXMBG1qIMcx2soRmKOW5gZCKHsdSlwDBJx7clnXbDqU17M=,9BUxBxskt4zX31eFcUpfoKvMjOrdUAvN4y/Fb2KDJgJWm9qjULweg+hL4RgcJe+ObGtcZOay2feR12U1otf57w==
169,2026-10-04,03:30:00,50382,2026-10-04 01:30:00Z,97 7 94 26 40 90 73 19 13 92 25 11 86 6 25 79 40 21 7 92 50 85 20 66 53 33 69 72 9 44 68 31 37 92 52 30 31 13 55 1 74 9 53 28 12 71 74 35 4 76 30 23 20 4 5 40 83 91 5 88 66 5 10 56 22 37 94 100 45 12 5 32 18 90 73 79 94 46 86 92 89 35 12 81 65 5 16 91 42 7 16 6 62 52 68 47 12 44 36 65,wJ/usZeKyI96uPkuf+RvSeFs8B1XYgQntoarSkchq+pC3MOj5itOr78IupXwjg+e+HuDAJAPZmYArJVrHdl4qOya5wOeVZrQqAmH0RTtuUhF/bfGQA8EmMXhQZa5ASPC4fKH9mx6t0EAD1kwl2CM6oodVJdwmGe+qxX1eRqarHdGc4G6j7Rr+Ou8OdS5hL7Yr8rN/s3fU4zZ+GZ/KQH/qApIxGmLO7gHXxwbrlVrYNwU0TQiwIJDslZ+sZ0g0zIvE8duIPr0PdWeFNo6y/qMJ3XRTKCTpWjWW4a4kDDamzKx6QlXqva5vbsdMy93McVNGkoa1jV/PE1P8i1+zjKqSvJPqXzL2c5uPkagbax5T7ysv/hSbY9fY1Tp3h+BDowhovSYO0hCQpyjPflh/BoCJ6cuK+omr0JMmJ0P8yflz8zoEhpcBNVT1caJOm7ubVKMWxAAG2hMl55LDVN97fhLx6JRizsN1hotMthtXWSKUyU+amYvg63WAQRHzMkmO/Red7RYEkJoOiQ4gWa4rVVtDRte/ecXIYYqEzH2d6CF+rS8EX5JTSbLdEkm0QPeMa4daOUKtZ2CCSSQARaE+pPHt1HShP/Bmb3ZakRPEps8WWI43r8d9CpoiBiTME701TCH7AIW5RQRy3bvxtYvAqPZRAJDm9acoYy4Si0A2VgKVBI=,9BUxBxskt4zX31eFcUpfoKvMjOrdUAvN4y/Fb2KDJgJWm9qjULweg+hL4RgcJe+ObGtcZOay2feR12U1otf57w==
170,2026-10-04,03:35:00,50384,2026-10-04 01:35:00Z,6 11 66 97 20 5 35 32 27 26 77 46 80 87 75 69 42 17 66 47 66 92 55 33 46 48 78 97 8 27 89 88 19 23 23 33 38 14 85 14 1 19 29 35 78 90 29 26 97 99 80 38 86 44 63 94 10 11 15 81 33 58 1 59 66 56 69 90 28 28 75 60 53 55 35 16 100 33 60 93 8 95 100 88 54 34 6 77 37 99 86 94 66 82 89 79 81 82 86 96,nOj7r1ZvPelJqQ1p58+ZTqhZno+guNWqhzHV4/FDrLUuIPwZh6yppyvl/60In3g5+/aMb1j2HYuFK+WIriyiahVL7CLlh1wXHFaQH+DKEExmG0m72oFR0FIt9zh254Bca5ViRf0V4aSeIHMFbfP9TLlMN42KuxNMMVcTf+n9KvBow0tfY0kDd7M41mwwJVjBit3for3GkSt8mzrsxtglXTu1lfxcaVNo13+3B6coMzDQzJtG7czVHOoX7q5VgPZzVe9qoI7UtXOEQ0+y6pEkqoVa+Mh+INRdGEsDPBXvOHRk4d/HLUAwNFF4ObJUgmhauBMnId/pEmLD4CrL39zk4WLHt6LaCxrNPd6kqqzgFbMJCjhPCbxgVY8+pZZNKK+8xid2z+cRDbk9e3Drp6YSSaRppd9R8u7rfT10Ef4vQRP8XqqIGiQITTv7cOtAn6bn2K4dlcDey7gE34+JdaTfJ5prUp+iEoG4eA0gmVGSbeIj41poVjJOXLQFZdbyuI24FCSQRW+tVwklA0lDc8lK+ZaLgBZXQOxfw6zBm0KcxyiZfpJWuNEQqdyeva6/PfbSiZPhtVXKGB3D0QMesz9qMl+ApyOPLx7Xb9RO5gVUz8rke1svbiEBwjzYCEk4wFmAmkz6v0BD6tWG5WQnJwBFiQ1hLOTQG566d5E2ucC7Ubw=,9BUxBxskt4zX31eFcUpfoKvMjOrdUAvN4y/Fb2KDJgJWm9qjULweg+hL4RgcJe+ObGtcZOay2feR12U1otf57w==
171,2026-10-04,03:40:00,50386,2026-10-04 01:40:00Z,16 77 9 83 38 73 19 16 49 1 54 91 79 82 64 5 5 22 75 100 20 29 36 28 73 21 16 13 23 7 37 57 13 31 11 13 23 58 7 75 28 80 68 19 62 40 100 95 83 54 61 18 80 86 5 41 60 74 23 83 79 65 9 14 7 22 20 80 17 28 30 57 99 26 15 11 97 10 63 20 67 76 31 18 11 21 8 89 42 50 27 59 67 39 35 41 39 73 88 98,uy+woJIc1ENrr6dTI5PMpcc9Jp5gj3WC9kceSSHwi9ssIYoqWcbhUrH3MmZQ04+tvwlJfhTcGExMFKR3pvBJJXfN0ryNbXoU1T97vTzQK9NioMN1KRtbzD4PBrIXRcGZKyuoZdVgtO6mLmtoIfLKSC+DDrJ1RDC4qrnJ7VkIV+NWZo35Y+Zs5RIlj1JxFulIsly11pJDlOdjMUW/u9fB6YVTBzxt2xfvAH5EkaDajfINCa+yp+UrraFVsMQa1OIeJ7COf4tCL/X1bZ1ebaxKghfyonVbevJpOdPW2kLM+v+tSZ/PldtkAKJ8JCNtX4V+XsTBADi/D96OQqyqrVY2njoiXQAKdMEchu+yhMpvFhJ7E7/hfknt0x8ZHTqOMAZo5rpxW5xFARjPG6M+w2G78XsQLw+pUAEsFvv+skb/0D6gJwaL/e8FNLmI7GWaLOO13m0AQBc0r53DCIeDnyb0OlqewV5YPsmVLaviMcF1oa+zotvfWD2lkdBh25K+u7hoVzvBqiSRqkGh1n6N8Eyp9XW8CN5gnmRcpWJumZ8X8vhjoHlc5qtGhkMhPrrvoXgIe2QE0AZZO04mh2UHWkCagFn6YwsNbsOwHOwG2SefoXxKUolKVbgh4P8gT3qKS9v/jRrlw6xkYp97bj5DPmQUNZBtrpykOKxurFBms91kzb4=,9BUxBxskt4zX31eFcUpfoKvMjOrdUAvN4y/Fb2KDJgJWm9qjULweg+hL4RgcJe+ObGtcZOay2feR12U1otf57w==
172,2026-10-04,03:45:00,50388,2026-10-04 01:45:00Z,56 30 21 54 37 72 75 29 8 58 30 4 32 53 72 47 78 31 13 57 14 70 73 64 51 96 67 21 62 4 13 79 1 21 39 68 94 60 36 7 14 5 99 53 58 20 3 54 10 40 92 80 36 24 2 36 32 100 93 89 39 14 46 98 72 6 86 73 77 75 93 84 6 5 43 73 6 68 95 47 53 49 67 70 89 97 21 60 11 89 24 85 98 55 78 52 92 8 74 87,ZtYhoL/x0KyIfF164+EkLlPABgk0DUGdI4G90fq6NHYdP/PXK7WA5i+5NcHuQsDOOtpOSvs67HsBYk1Br5InN20evigA3LD2K/sgbHIcslKgZr77ZlxoigsO6kNCfhkqxsoVn7O2ExRnGPBfqGmmCUHCYkzm2X9NYQa10k+9uYtkcQUtvaVz3+q0pEh0//vtkUkHiVGcEe+ULsAZYVStlLhQClDGqfWJIdI+7EwwZaGtKBm6xAqO3eRccEjqQnyVQ6TzJYB00t/lq1MRZidcBGvSl2a9pPjJtYMXljkssz00WsK8iUqaXW5Pxntjl778BPSZwfUiQuvneq6eQkIqnA3gQqPoTl9NNRUs5imaZ9MGDQaj3RXjLNRHHC5goNY70vehzTyrClFgq4NWZEUNry7Ktz8vX5sGiFIe76yB2++vHFVBi3B22LKlncJnXYoCLyBnpXWau9hsF0I37OF+ToR3d0pmOrBkoD4o468pGVijXQOazURtZf4yzy0BrAV4gvqJ+mR1QadTrayI0sVttrHwtvZ32A0FNYChejF6SzwwfB5mFzK+uBLPIl+Vu007WJV+n4rpYQqcELhBjLiR2rKbDdk735GHLVL6YCbJWy+sHCXjFk2dWE8vELn1XcIG+As0H3cpGamwXArN1OvvdEFHGnLUPnOXTi6FMjgnhnY=,9BUxBxskt4zX31eFcUpfoKvMjOrdUAvN4y/Fb2KDJgJWm9qjULweg+hL4RgcJe+ObGtcZOay2feR12U1otf57w==
173,2026-10-04,03:50:00,50390,2026-10-04 01:50:00Z,78 64 17 90 29 93 90 34 90 84 9 43 42 48 8 69 90 98 61 52 41 62 35 28 78 96 64 26 45 9 49 19 81 6 22 95 82 76 10 30 22 95 99 73 85 17 23 83 47 67 23 8 92 54 14 45 15 63 9 83 62 85 10 76 13 11 19 73 28 46 62 28 85 55 76 38 93 69 65 28 57 8 98 12 14 5 86 56 97 29 72 29 21 31 86 48 61 49 9 53,hmmHtMoM1KV7/4f2uUSzGGXaV9Q0tHQFWx+RDzKO0Ce6GTeV58esMmPqkToxEt+c9hE8bZ8W4AiAjumAH60GKiXfSlWpK3SlZk6lQZrvZpXLyVSifqRgQRbdSOZpXsjSLVvyLlzcMuxKRVsfvssRCLmwBLuES7RxcXWHUs5P8iMB7VItYBYV97KQBqJZ+DOHAnm/FS/7JZdiPtSiT/TDJCIJ5/JaaJPspoXxNeqWggUeBUYR+FLFzScWPS8bKYJtF2MSsIVrnzyBQiraegrC4lR7pAGtaDN4uAfyQdsfXow8ktgXhw4/I5pslg5pLzUap0HOwo9XDu1V5SL6iHBbe+yqxLCY/ghurwiFB5Jjtnt2NM3irYbrmerM/R9cFTtK5u3HfT6SjJAjhYOw8w6Gj1YpzCg8Kzmjs+StjAT0BXzbKn2y6HMMYDryWMrb0tmvPioPrcaQuGRFqOz19Ao7W9jPB3fyJcxD7SGcbodsJ+BREnBZdsFc7zlXOZPyE20mjCytUuXzFXRr8UNbMCTug+JHm1s4H1bI4BDBOZDDsGILA1oWLHJpt+bblf7+4VqEmFiYtDk9BURsRe9DnaS6V4L3BWBIbqozrrMrUO/CUv0WvbC6zABjE/8GNg4BGzn1/DDKc2bD101TCZwYyeO5zIKUtb1pJwl9t9zrv/pLPjU=,9BUxBxskt4zX31eFcUpfoKvMjOrdUAvN4y/Fb2KDJgJWm9qjULweg+hL4RgcJe+ObGtcZOay2feR12U1otf57w==
174,2026-10-04,03:55:00,50392,2026-10-04 01:55:00Z,67 12 35 91 57 38 99 14 98 68 32 64 71 14 40 91 3 43 87 11 85 43 78 43 74 21 38 31 30 32 18 47 7 31 36 83 97 4 52 50 12 82 45 16 7 17 41 97 17 26 90 39 46 80 32 21 46 54 29 22 31 85 16 14 59 43 11 95 1 56 6 12 1 43 47 92 20 85 21 97 84 32 66 83 81 14 24 11 16 66 58 75 18 50 82 75 1 24 54 53,YWcWZfUDTVMCfjsgxg+Bp8SzaMPrkdvg7GXtLc5SbnI44SHPQOPArYoQtbbIlgqCbv+6lMY3oAw1BLM7qWFPc/igGqzDhv/8x41e59fbYnoiWInyWYGp1gIpbfjQKo43+mFeIRN2tD9s4LmAhp/fdKXV0O1szn2GT5jc6mCoANo4PgP+NOcxnECX7CMmS46or2Df2HvvsmGQgx4PJAuHtd+TMZvdktvt8NFEJIHgJDsROGTVRuaY4j3Jpjs01SkQ5y3/fgoMoORhP5YDr4m9dxi6LM7O4Pp32aI+8SB+HzuX2MhWN/JStxUWdP16fraZX6e0nSGnYkMphEc6aETDQn2TKCiOQpa22EUOC8SIXl2XzkJVT0YGR+hCrPtZVPpJXnDXK0lJPdODj13QM3a5kOYZL2g4ziYB9YxOFBmZ8Xw1akam3MKLuayjGSjNJyqU2c6hYDHIBkDecCaoj6KG0a89/KIskV/ZIWDcfUQst/cd+VqiBeERxAV07h8Kx30OlzFZCwgaEPKkxO2ap8BOKEUtHYPEwBd/ycdfY4fmX36dva6uc8QW89z1ZMT0qxAHDbrfSn0vKzik4GiI7Yw+QWq24Tij3pGCNWwrXosHW2k9m6EkAJ4tfTzyiaRRuo4iSqp+vW62Os6XZFirN/N8eSmghOWf+U+x5kFGu/KWbuE=,9BUxBxskt4zX31eFcUpfoKvMjOrdUAvN4y/Fb2KDJgJWm9qjULweg+hL4RgcJe+ObGtcZOay2feR12U1otf57w==
175,2026-10-04,04:00:00,50394,2026-10-04 02:00:00Z,10 98 8 33 5 84 79 78 49 71 89 56 97 8 23 73 78 86 100 85 46 87 50 86 71 43 52 38 58 45 33 77 22 94 5 79 24 42 14 4 58 42 88 17 12 29 1 67 75 45 29 32 69 98 55 63 32 46 90 62 39 93 81 32 88 56 64 27 1 69 75 49 77 67 66 38 68 54 99 44 86 9 24 97 59 34 99 66 41 45 28 48 92 8 13 54 62 80 83 93,y30MgejcnAA9pCpcgWw/R7w3Cg1A3K+OdmcoQDiB64pF15GeIW30lkOXMiacXs1UZMVjoO7I0RtD31MqGDT1hdcymNQ+Q8tGaDyC+CNxtNWugFZG6bb+z82FrozVp7rZFNtkrA2oYmiinvAAJ1js8PFsV361kDIPzdvmuimOqyLQ4PnauDHbBQJP8OLzc7R6xhAXcd7OxVo+jwja1qbSAuik6LBe+dg1OX0Mq0cNNXHgf7AzP8f5DZuypyg6cGxy7+mWjLaTs1YAQEj6rLXgTT5Hk/NtJGzyw+/Rj5Mut3azctH93d7o/l3kxeLMhrnCrqK2zBuNhhOZHL+aOoKme+74ElKnvlEjsptcVLGX5ytHokiRlnRiTp9fHDetzp7cnfI5AvbYMITyjkpNuxC9BIT3/2GOdOhbM0JYDZIuKASLosboFCUNkPhxNjnG1utfeZqX1HXLmXCUSGceHPUtGk7aIyP2KFHPybIcnQjAzIKJs/mWXb3Hr98c9KsSQBbx3WprJC2FYHuq88MmREdXzjhid1TDbk81oKyK4ckYfbZ6NiMRaUOSXJJ9pTxwB+t/NEz719uSiuTnCFwjqwhpfZvaBMwSI2Eg6Ja6VjgxnZ4/Mvcl+h+hrVHQNKk+Cy/4RdWbU++DzcTsVFcAqMnk61mUkOIp6gjVqt56VCyUiAc=,9BUxBxskt4zX31eFcUpfoKvMjOrdUAvN4y/Fb2KDJgJWm9qjULweg+hL4RgcJe+ObGtcZOay2feR12U1otf57w==
176,2026-10-04,04:05:00,50396,2026-10-04 02:05:00Z,94 79 95 5 75 32 57 55 45 64 66 67 70 54 97 21 77 24 54 79 9 52 69 21 51 65 99 90 38 14 72 47 20 7 81 61 84 39 65 83 16 64 51 1 73 82 28 9 8 32 97 8 13 32 6 28 35 12 68 78 12 87 53 85 64 67 74 69 87 29 87 36 62 61 39 72 97 80 42 70 85 21 45 18 32 76 11 79 92 27 29 96 69 45 77 75 94 86 79 50,l9SKRrtXcXBtP8Le2kadH/kOo1BE8OBRcwo2xWIdLQ3dVzdID6uPbXq9gxhnvkeb/Y7tX0lg92gLrmBUgvY4rk/1Vt3Gx5IudgzMevn2TZgBvJqDe8FM9zz0v8aqo9bGSPNglWTFGSSwfPU9NLyC2bTETp3122j5dl5TJjwXs1VEkLEz1keYE52m3fL4oyorj9qyLLrWE6kY24tLSwYsVYWCBBW5wsJ+tHS18y/WK7vv7FZd93Z/MhV1HJPHJN3oRXWlmD1D9bHz9UMzQo3cN7ZkgT39lR87dL7DqaLhEJbwkvuBhvHloteqm0JL3sN3F/KgGyoB19KO+4qsfZM5/83tBV29zGleCIhY340E4mOfBEKMzvXdGr8isuj9gY7WaX4Aq8q87SsNhQNoiyA7WUJiiuAKwwIOgc3jfpFSqGk2JuwrvUrWcFCDasbwlm/L0D9jX5+l6Ip1ANTfoEGJs3609xAumyPjtRQleDbdPDFQqPMs0wtSCDmZtb70soJekoVbmC2zMyN8X6xslUqjrVmBBOjm36JEYO57woiK274Fb9pMnOSloQIyK8RqrkkSff0ybrUP3nwqB+02eoYJ7Cm3o4jh3Gg2vAZhQ7BDsWf6hF5SYSyJ83cGMtGln32/FzfaCkGdsWZuEz3q9wpk7Ify/RFFDy2SCLxaQIHSbtc=,9BUxBxskt4zX31eFcUpfoKvMjOrdUAvN4y/Fb2KDJgJWm9qjULweg+hL4RgcJe+ObGtcZOay2feR12U1otf57w==
177,2026-10-04,04:10:00,50398,2026-10-04 02:10:00Z,5 1 15 24 92 63 80 3 46 26 42 26 75 91 77 87 76 30 100 25 30 93 1 61 15 17 94 58 54 9 75 6 86 17 19 87 48 94 69 59 41 73 7 84 87 96 28 84 69 42 82 60 53 77 37 40 86 76 38 78 75 47 81 70 4 74 50 64 28 14 39 17 22 68 85 68 79 95 46 78 47 33 1 18 88 1 15 58 97 70 25 2 6 58 42 95 97 24 3 36,iNwiz7NyMIlMmgGs9Bb/ZtjNhMKMw/Ve1uJBeXLXf3IujR306mlQ6OJdKTY9hB/yNLkIK6N9squIEFFiti+Tm/NRfEy/R4k5UbS9A7rj/GQ9G7T+CX7+XuzWGhue2EDzRtrCOLXkqLbAXLfLL95NILuwSBfA6LknJkjWpIC3beLCgviCKxEhnnpDPfei/e8vKP5ODSrfnGLgn1451pmuWsJNpXJdUXAfq+sjS9UJD3LFx2K1u124qh8f5+msptdyG+8pdsIT7QW4WS9dOlhlc9+aGlJUxorn3PmjMBtn6qsMtnk03HjnZm7KVKJVhAG/8mATbqOP4ooIUyXigjDAzVB9/Awx4j8gS9ovudDZfkXBdJuqsYzu6QQISD/u30dmYxTmOR+VOhukIfi9kr3CPxNvINNp9ByO1UlKH2SawDkWq1IVdFccHbkZpAVIErXeyL6TRblo+5dTMb4di6iiYYbMsKzP+Cm64Tocmedr6NJYaKp2wq3blTiBDYSzKmXrtLdgBKa4t80HPQPUsEcLwFSnIKtXpKCUe5BGEhKxYPX5U/iqtotwn4z8qiYLndvjR9YMQF0ssOJoA85rxEBYUji7UE/GMV4FYWvlfCqrHjxRZc2xhl+nQds6AZqhb5W+k02B/bGljUpSUwgbgUAxTylwoOFOE6PRoQS45oGsphE=,9BUxBxskt4zX31eFcUpfoKvMjOrdUAvN4y/Fb2KDJgJWm9qjULweg+hL4RgcJe+ObGtcZOay2feR12U1otf57w==
178,2026-10-04,04:15:00,50400,2026-10-04 02:15:00Z,63 63 7 45 98 83 91 45 90 96 61 1 68 98 25 8 3 93 64 29 85 21 3 43 84 34 19 38 62 22 59 84 72 2 40 53 87 60 45 47 12 4 87 79 42 25 75 36 32 52 55 2 90 4 35 48 89 100 81 31 80 90 93 96 35 90 87 2 49 87 39 18 13 29 51 37 95 39 37 36 3 95 77 46 65 35 89 69 80 31 20 29 6 51 68 60 70 63 5 19,qmgMQbEzl1t6BTg3MgGqeVXkoLtQtG3m5m/mjT1QTGyNQewq8prOandEgDN8EGKEVhjRR4Afsw6gptWPhNhjIWCoZFUlye6wDJlnFFcdMK9+i03FzhaykEfOy8o7LPOr9HFkZ5bQ8ob9YbReiA3ou1RPhike4ynvyMyFzoPsVjTDQUpnk+L5RbqPv39Q/88S5bIOYBSivF+XqsH9p71vLTNO+uLjo/5yOYwKw7DKg3PM14fBjykAtCcdxplyYRhqTrRMtwA0aZaRh8yFj9BwWqE5o/PRSQo/jsMj7zCLP97i2l/zYeQD40M26+gW0gHsGjNC1jx8TY01+q8JEbXgBk0CnuZhakCTbcpumE5zINUp03EBxLC2kFTf16PfE4kmZxOXRDGmIDpemSXZYFsU0UP9hZB8fD0ftwI4HD6JhYh9vt9WFa+D6VkmDObvQM3kRexJ1+kaXKKl3O2VKVMkCAMyfO0zOxZ+9CRhofDsX58fN/JD57EahzgLRtD+gfrADhgXyFXChKiGb77d8H3PD6j+Ks9gNe7eAPl6AmWmyE/i0G5o3K7NhXo6Gp3Pf6MaWk8CioDPQaMH5REsa7SMuIP8Dd7AjWA91oyun8TVBc2mOYporU3faTyEqLedCIxF3r765LmGoW98Gwl+G7on6RcLwwwasx3QScL12rfn52E=,9BUxBxskt4zX31eFcUpfoKvMjOrdUAvN4y/Fb2KDJgJWm9qjULweg+hL4RgcJe+ObGtcZOay2feR12U1otf57w==
179,2026-10-04,04:20:00,50402,2026-10-04 02:20:00Z,23 4 77 18 98 32 29 13 4 96 33 56 46 10 60 76 49 45 53 62 84 52 43 85 11 31 75 29 36 49 89 71 79 3 41 100 75 49 31 80 57 44 80 90 87 11 56 64 24 5 4 9 83 21 20 94 44 33 72 95 92 84 67 40 62 57 79 22 82 52 30 50 9 72 12 73 45 51 36 31 13 2 1 57 1 79 96 16 54 55 22 30 8 20 67 69 46 90 44 6,P0b4tKLvZ696M0tvxjyNXIgI+3k9wKXv6UvYJoKtsH+hpTacYhMmOG6iH+32prodJHLm9aoiJ5E3DJ672yoRZ5sEzag3KOfI4LSgjXx75lmFM6uYpAYC62TQEffDXgHaQ750RUBUNI2nBhsDiXEt9pSuzD/cyyR6c3XscvjztdelE3XRtQI/Z+iEFGfM+0AL0eqz0BWU9WBNsW6wcYbFNOxfqAekahlalIlFsIl5ub8gIGJfJUx3X9ey1y2uJwwl/RGMHj3aIKLxoiTWQEWRnL+E6oFRPLMZiV4LPUxLxtRXaPGYNsNMQqIDBh4TXU01MC9gQA5hL6dIkiUF0ZYLCkr6EvSNd5Uw52Bw6A3f4FVuet1ZG7mYkbrR4y5v6S7MejYxwF2jhn6kWUFJ4VZ3ZpmmJPVlKAT08g9LjXQCVL4PCy+jsRekt1tRx8tjokVmpvnWAT9T6xg2mFDmXQEAjkqi1blJbOooeADshmk7glbE4rYMoIKl9G1G2I2DKWm6Fp+kp6culZERMJlt34a6t0cnYKZiBOtvFw5CGZvXKgbSGlOQYODQa8ntwTeaMPLhoCj0uY5LxZ3WvDyBcOkebq3+IaLTpkjYk2pP5o48t77UUDAQSFfaI+Go3QhNacRItlPJCYLFDJixp3qQaeQ7f3V3yMppZSjnKwyXFp3yRfY=,9BUxBxskt4zX31eFcUpfoKvMjOrdUAvN4y/Fb2KDJgJWm9qjULweg+hL4RgcJe+ObGtcZOay2feR12U1otf57w==
180,2026-10-04,04:25:00,50404,2026-10-04 02:25:00Z,81 62 43 88 16 98 89 19 91 58 14 37 99 100 28 38 51 67 70 15 59 66 52 24 87 45 30 27 88 79 66 96 52 10 46 65 28 22 24 99 32 52 83 78 79 76 94 66 85 40 52 41 51 98 5 67 35 21 11 41 20 10 43 36 70 56 91 9 37 74 74 90 37 11 52 53 59 82 77 90 55 38 74 73 95 8 34 94 18 31 15 12 11 55 94 60 63 25 89 29,4aF16+Ae+8GTpAXNUzyAsdoMVhJeu+Kymx775RpC4zxXVuiBeYEm2EdrBS1Q7v4S0hZGfxm0/W0FSlaMda6xHyfBOgRwHtXuNqlD0d36bVRKW+d3Up3vsH6rh2ttLVJLfQA37LMd8WQ0Jjh1EFQMNBy+c+a20enZI9u35g11E7yMkC7djyfsu2W6B5uf4x5gF/gX1mVFhw9dY+3eCwupkHtQrINounUziwrwiFoqY7ncEuUTiraktN4w9/1xjsMXFqmwevf8+rac+/yVTeYCUnkF6I42pR1EKKwbzgaH7Mrk1kc7az+y++jnwtnkiBX4CR7w0cV0rFndLdL5Pdo9ucAfxGscOiqOodvlb7WWeKW+6IDlpArVOYNmihDiXUIt6WDbdsISC66nW4VVTp1dLPk1ctuoKe1K2NE1cBWK4Vj1lyH7tj1Ud+sUNXfeVHQtswSsBGscQVilFIWpxXmCdKEdbjofK8Xc1tt48aLFM8zpF3YgJmtP4D49WVB+dl0GzBrG7JnZhb7KX/CR0l6XwofsoZ0YPMw4e1W/Fo39UtysJqA9+3ZtVlSigOepHtHcsKC0Bhm29e0gZ/LutxQp0WGXQV/TKgAnnheVNFjDZdSYUSiuDp2TP0MM6QOVEaj8l5miEOCSgUQMXtH/r+jjxp1ylhkzxd6fawKxkFR1Ty0=,9BUxBxskt4zX31eFcUpfoKvMjOrdUAvN4y/Fb2KDJgJWm9qjULweg+hL4RgcJe+ObGtcZOay2feR12U1otf57w==
181,2026-10-04,04:30:00,50406,2026-10-04 02:30:00Z,93 5 78 95 48 72 89 60 88 43 16 85 98 81 52 64 79 74 18 70 41 58 4 70 32 76 14 93 89 99 9 97 19 63 10 19 2 72 84 90 34 96 56 5 24 16 17 100 24 60 90 28 55 21 27 65 26 1 11 10 67 88 33 76 100 95 19 43 17 77 87 21 6 29 96 39 39 22 57 21 83 30 83 67 87 65 80 11 89 65 96 67 46 99 55 20 94 11 50 73,qj4sBRfz21p/c4LlrI0i9oAooc8kXa6t9wIamWeQMMVIC+xTFqTcm0t9WjZ3aINknfYtV55oddJi8Pt7M7UwUXftJOeB2JLYkmYDaHgKIjcehVJbNYfxX39hh+WLQuXaFCrYk6te18yXrsQV5ihZZekOoYlk04DWEoov048k4vU2G3eWeUwY338/sD6X18lLytHDDRYtcTAmoRM9ZblDZ0U4/iDhiu73nTvJMiY0HdfIr/aPqBg747Idp20Bo2KidCc2XQQ55JvYiwm2Xv3TcZ63ltZeHJdqm+qQkzoStdhW1rmYTqeuVFSjLngpQ0X3qGnhIR5NJHxtZDOwdqUY1RHGtZxY3M5fY7qTgoKzrthwINRVB9t92QygbT44PExq0JiGF5U+3VYIyFENhK2Au6DDBxPuFBFxiba9ztJF5SzOfyVXBZIaAnpaSDL00/zSjM/EsmehIZeNfEpw/p0vz63Hd61HV/w34VQ1XRIdHPQLFC1Y3sMj15KlTGEfKIGu9PYTajOZo1VivWuaG2f9X06jKEbGi108dCURyS1TyT0mqEH4m2p22IhXAUFkirFikBD8WFyO1wfxfz5foTA4riUsaqASK5ZwMvLNg44ZAjNxPv2cglh5o7pZGDUmFDRkttuxK/S/s0p0HT2gvAfQZ79+CeKfHFH2T5mFCeSebMM=,9BUxBxskt4zX31eFcUpfoKvMjOrdUAvN4y/Fb2KDJgJWm9qjULweg+hL4RgcJe+ObGtcZOay2feR12U1otf57w==
182,2026-10-04,04:35:00,50408,2026-10-04 02:35:00Z,41 21 84 40 45 17 35 91 23 41 2 100 3 93 68 46 60 38 38 42 41 78 100 97 72 6 24 18 70 51 70 63 63 27 14 25 87 39 8 22 66 17 81 53 91 1 26 55 46 66 44 48 40 24 50 92 96 10 31 22 18 60 82 31 32 45 61 47 22 29 56 58 11 39 46 18 8 13 84 52 13 25 39 94 4 37 88 30 57 91 86 47 19 62 43 37 90 1 79 90,EA4YkrNtTPo2eKHKWKQN/HTl8a0XlBzfJqg3Nl12Ld/MrJKx/4tD/gi6fBzOzHhreskGO21MRRMI5EVW7aaKi3WJ7enr+zoz3w0HIAsREwlpldAwAkkDYD6rLB4bBjHanGmbEJfyW9zJ6h3OkcAoBDj3sVJjo6wZ8190iALJ2A1iuG3KQ+KmZ1CsCxfluSeOZyAQ+9WfAXM7dHmylBq2xiU+VctvXrI4KN87IOmhIwISm7itZGgpZ7RcV7T8MhAC/C5rzxyQ0bUuog3wYA03AQwnv94a4DGCS2Ux8q/Kild1ujL5z96epJWS2LjTsHhmMA13S4J6wCBnQ0+aCKoRolsGiQQncxylyFweaguhIPAmedj4uebnemSWfmxkvUWIP14S5Io1w8rMWMkkymlf5yO8wg4FmpY8aSi/zipPt2HWKLzW5QHidtncV5LBe6DJwEQBXYvRNgB0OJn4jzS4Puz49tB2sTRnx4ZIxe+PekWLpvvB+ADhw8vcthP3KGZaTtcRxTSniRaYIk/dIJItO89I4EI7+cPIpQ0Tt741w+1oAh+wLtb+1ynD+dzW/qXrTyBgGJOulMccAK/dUv53aLq3W4wGcq9GbCRCZQEOtHDRuIk0811mQHlLPZzT0QThCHRQXigXi5mmlVBg1MMzlp48iGcK5li7P9L4PPBgJ38=,9BUxBxskt4zX31eFcUpfoKvMjOrdUAvN4y/Fb2KDJgJWm9qjULweg+hL4RgcJe+ObGtcZOay2feR12U1otf57w==
183,2026-10-04,04:40:00,50410,2026-10-04 02:40:00Z,17 77 59 61 45 1 27 10 75 32 31 21 8 70 46 21 91 67 1 85 82 1 9 47 20 65 95 99 63 46 48 3 40 51 65 40 65 27 57 58 17 83 76 3 79 92 16 12 31 8 5 50 22 64 6 43 31 7 42 85 20 2 39 63 49 10 32 27 48 63 14 3 12 19 73 87 49 8 51 52 98 86 14 57 70 73 24 94 34 22 46 35 30 19 62 44 75 63 4 69,wycDwh8mSPnYarOcDmBADB8Vfe08nxWp21fpIOEsj6Ozs7DfFAaaZNRELz3o9JaiPdL/RTonJ9VLGRRUINdv9FlQrvKjBye24ahTZ46KXDEG08xAvZuMpMMkADkLAtXLycfc4o2jZhHBlvzq0BlhzW7Sn+Hk+53kXNO6yZL3owaaPbPQ16HPu0fSqaKNIIJM3Ss7ZhzjptehzviSNCqxDF0y8hFblpCJzy62BmKHJSfV21XX6izgMAkfsXFLhKCVPOw1POJ3AFtctjdnLU8oRI2285aQOiLmVmbECcOx2VMDM6gxFxM8aXVkUmeOur6nebFkQoW1mJ7ueVpWI609FBSG9YVrWbTns2YpZShGbHx4EJbUnnUZmIxliIlDJiphbKzNPTxU5wLnbpqP2K2gTpYSvkpP1Q4e0RnNZOxTfyNaYIPVTYvSEp7F5UXdV7CGhf1CtlNL2IQwf9kxCCMMK4xuxN+IHVpzu7+92QQHfnDI+tSBJaqJgeZP0cWjf542RpGD9Sqp4hQmaEO4hOlN7XHwX+12F2sQqpI18MW+ZBFLHG0dpT8L4VKlhWp/yjw5CBXCCpePRezQFT5RQ43KKLTRTn/JKjgIbf7YtxPiDU04b9BsDZJdsIvXJ8/g5GZy2Dif00/4Dz2jWwjcnIEUfyU6HHVwUGUl0wBVWpamIrU=,9BUxBxskt4zX31eFcUpfoKvMjOrdUAvN4y/Fb2KDJgJWm9qjULweg+hL4RgcJe+ObGtcZOay2feR12U1otf57w==
184,2026-10-04,04:45:00,50412,2026-10-04 02:45:00Z,11 2 85 75 2 2 23 90 72 75 60 3 38 59 19 29 10 61 30 71 44 30 68 2 37 89 36 55 54 59 96 94 94 59 40 28 50 24 18 58 99 3 52 9 14 22 40 69 34 85 56 39 12 7 5 31 63 54 2 43 27 72 77 93 79 73 48 71 34 81 13 60 7 94 28 57 90 71 59 56 43 34 38 2 26 25 16 83 80 82 8 98 49 70 53 88 59 20 9 50,vI3KmRPuK7eQ0hAev5cphBKo1D1cOZJjubEXQtlyd00bcX2L4pNmryx+62/Jm3nwIaD82A3VInbqJJbXIhj2KaJbsWdoGNFEwftlRhQP6j+uuLcwUuJJmtW7h8tWig/Ztf21IbbhN2KyuWGUZ56z+rzmUMO5gNKO5Y3zhIZkw/UFhLlHy9CwuqwTl6Z/fALvnQUbs5xjyexLe+fQ0N2odRoP2XfhYDd5hYomgnlKixZhpm3WGJXh0Q+UI5q2mJy5sh61wO9A2+Pf6NCJLtuPLSwnk9PrOjuF+/BBsQ5x3ormVhR2Ns7T5vcE2qT1XsLRdhrNFmq0hHkgmU4ciinuFMM42SgYkfY1frSIvzweg4CSMrSsTJDxEwzcxJj4uiFybdaeTDAroeMH3p0qsnC3oSOUa2L1X4kUm1Jrx9x2QFG8FNiI98MRiyXSIkY2VXFcL92squytaPURnNd0KgReztGarMlcCkj1D1viLvgW/Zw4BrSxFJ16T3qMJVHbI4CUxXXbPB+2mjBFy+0Hndvhb090DP6oMi7nvuN0ChTunzXC8At6MBdicN08Wh70gj23CDESaTtbKPTwm67+ZdgClXnNlH/BO4Gs1FL/TSAfCVOg1uc4a7kSKGgMimUPYS6hHOZrg3BcI32LaxzbopNX3Cy81Tjef7Q3LUKHcL+pJ24=,9BUxBxskt4zX31eFcUpfoKvMjOrdUAvN4y/Fb2KDJgJWm9qjULweg+hL4RgcJe+ObGtcZOay2feR12U1otf57w==
185,2026-10-04,04:50:00,50414,2026-10-04 02:50:00Z,92 100 19 98 50 69 74 50 22 90 5 56 12 19 47 26 25 49 99 42 40 21 77 14 57 93 70 76 20 72 94 37 12 53 8 52 54 51 84 99 19 57 20 72 74 88 77 68 13 66 8 33 51 11 4 96 26 36 19 44 87 95 33 47 81 41 81 33 45 85 52 36 68 19 19 73 100 100 60 73 60 99 99 11 11 49 17 1 87 5 89 24 4 64 2 71 15 29 53 83,cNaX24LoFy/Hzmbkf95qSwrqN7SS81CT9KiP1Tde3ISPLXCvVF+MXBlBnuKljXhHagwE8Hr4nSExfeOLJGY3Xmiv4jUej3sVoptnTv6ZtxGG1eA+X9ZhnmKgakauBAggl8cOidLwFLBzFQjkXr9jQ2fYhgMH4RrE2DTFjSg71OYxfWeMHjv+3Tr4tA1gXoxvYzfg/93RYoiXsIpS/3oMNfz7ugALUPj++FaGk75fKwZBXBGChlcAZH3a9Nx0aVCNrp6C4/hdVDwoZKVe0OGPqGeX1k/km4GE5kof7OU8VqoUzMDDVDM+pelYNjBXe75VP7jhpjPKkZeErw4SX4woUXsqGcMq04d4iuasd2X/dT8RhpfcTTKAahcxytkPTfyBjrY3Iu5VomhGD9eSTyi9pHyvvbz4GsPoVVTmf6Mvcenk7W5gWH4mPe0U2b7aqHyK9mLRSc5tSR8FHejWE39D6sRo66LArtXCTl9QbV2RkrU0fBbtiJSoiYSMYJqx1aUl9x93kweFq1d1OHhqMp7A2kz5p8aMGg5OAi+cnj+vsvpDBEZalgc4yUq05meDiU5KCPUAVPuXuMzlcKwWMgZqx4jez3HxbQf0wb3YRkg1abog+7BpLTfAVaeIthQ8+N2KHTr/aQemgfhCgrjsYuU/enRJiP0YABJYW0sh4YVhXds=,9BUxBxskt4zX31eFcUpfoKvMjOrdUAvN4y/Fb2KDJgJWm9qjULweg+hL4RgcJe+ObGtcZOay2feR12U1otf57w==
186,2026-10-04,04:55:00,50416,2026-10-04 02:55:00Z,81 37 1 19 47 77 11 3 97 82 53 35 91 93 9 16 94 86 28 84 52 89 86 26 79 96 87 39 85 9 79 62 30 68 2 81 28 14 1 14 64 46 54 41 98 69 93 49 25 96 22 13 45 46 54 34 58 48 38 58 81 24 79 58 62 32 86 71 68 83 70 71 11 13 4 84 57 19 51 33 22 39 42 3 97 43 17 99 20 23 59 59 52 59 29 43 68 83 16 97,600Cq9O5SsTpc6X5N1MdytyQv40qLHJloBmtT847WfBtSkWqwQxK5L5GdoX+7k8HI/kQz/XjBsGhvAyHTd5y66F0FgR/VKtxnyjHDkoxlsEKEQanZ09XBfPonGhyHvKsQICfQM2l2sHEWJrR0CuohAkOHroTe0E6O2UrefKqCu+IT3XdrlQXKJHOt8OsMIv/vMn3Nscx3OKkulmX3+tAEU7eKckIOa7zx59fkHnCOzdZJIGe6W8hYU6gNeMLXs8INndwLJhdDvYnHmS/z2a9BYBQjRmZbewOPQo56R3pg2JACmpYW+/gEtq677cuAzUApktapUi1Z0rVIZOq8uqZPnP3RiaEWPzQSn9ubWWfW9bZgQANjkz9AyIS4srSzmrTYSbU0LSBjQBBMo1nIRxutIcTOcWeB9fTfrGyk4lDvuxRmEuRDqUpUH55YWByfZT6SGuAXQ+aK2ornRHSNjQmxN65j2LpCv7mRqLEHFmY31674dDNrQbndifjSoy+pe8N5kzoDPNqQDkILrj9JjeQPARAPBR0ygN4MD4+lwgBdbaqLQ6z6VAR0kszKs+mSb1BWX3QhSjab3DgUg7E0MRFT+Mm/TpuYwScN1o/J4EIVe9Xx+PIsccH+0xemmzmskVApB4m6E4a9l90K3qHTjkIU3UpOkwAhJwYiEclv+bWQR8=,9BUxBxskt4zX31eFcUpfoKvMjOrdUAvN4y/Fb2KDJgJWm9qjULweg+hL4RgcJe+ObGtcZOay2feR12U1otf57w==
187,2026-10-04,05:00:00,50418,2026-10-04 03:00:00Z,14 60 4 25 70 34 45 25 20 35 73 97 44 25 63 83 49 83 68 75 92 83 49 93 17 20 100 28 39 29 5 72 46 74 78 52 96 95 32 45 68 3 2 58 50 24 16 67 16 75 68 81 90 29 11 62 3 40 2 26 3 16 51 95 36 68 59 55 35 100 3 16 8 77 67 1 24 18 34 73 18 20 23 63 21 39 14 3 11 58 22 61 86 78 83 37 18 75 42 27,aFzC6jyEHEjd24efyl5SYELrQCKIBIJrjCZbR65nLipv+9mOJck26chJ3OCNYGrSbX2W+MqxZETy6PfoRwp85RLMpN5mfwe0Dqbbkyb40HPxI24h6eWhiNysaoAPe+4M95gn0xbG6FkZHosScqm8/KJQFJB3Hi4gCwDHsWWvg8lpTbbKV+A3jcO06HkJXp5Kg0RHu2Iopns0qvyoRks7yRMEwzKP3g2b5unid+Azr8FyJCBYwvqV+vFdxT7a2R8tyFPdxzSuQJCZj26xm33o8TB+Aambjn7liBDngN7Rv73rd8TV7XmQtg2JZ4fN39cIEquA9oi8CCStfGc8hEqUQJLdpwAnStTuYH6Ncr9w5tEYV4PgQ70/7xx7Aka48Upj2dTjYl+aRdNHHNKHguXZeXlJkqxNtfuAVBuBiwCWkM9jLms0tnpGGF4rUnYvDp5SRkqe7p+ZYkQAR6nRulOu1i4xYAFHjlJeg8rNqNPiM6osFMI+8WDgeLfyFGhirO+hPwZ1ToRt4aQrqF4waubZ/pgHhHYALmKp65qXqCB8vo4x6YZ/yWRU1jQJvkJP+BQi1CTE/CSVkze6XLxYRG5pdD5r0D0HV3CZQ5V2ddSTPf809O1STvrOHdAMBL8aK19SlhSSB3j7b7aBP0IfysiG9EmxsC6pZA63JSOcxu1zSr8=,9BUxBxskt4zX31eFcUpfoKvMjOrdUAvN4y/Fb2KDJgJWm9qjULweg+hL4RgcJe+ObGtcZOay2feR12U1otf57w==
188,2026-10-04,05:05:00,50420,2026-10-04 03:05:00Z,57 41 12 78 5 90 29 70 41 16 9 90 10 20 37 10 60 10 24 78 27 75 43 39 47 62 66 71 27 22 95 41 34 98 72 44 42 35 41 94 18 77 20 62 22 92 52 5 26 3 64 53 39 91 63 58 44 49 42 83 25 96 7 80 95 36 85 45 33 76 20 14 2 53 64 93 12 92 38 29 93 31 36 54 66 57 12 21 59 59 31 18 41 19 9 87 31 53 4 4,KebiBpy6RIjRvilVcE6v6ehH2FZeY4bpCWN3/C54CK5A+Dh91DFeCuZK2N26sX2UAhz3B15dgaScleDL+PTrSMVWtJ9kTp/52zZnnaupB4Eh+S6H0PEybQEqMhpYZILRKbNW7qVdM/6+vFNcOyI1HtvjJimuX9dOv0kQVApUn8Z0a9ae579cAaettWPWZYR7wUW/9N6KrGZEBJ3l8gSLz8qdJI+3l3Egl5koBtttQXUyPqHnuAss+tbIXZx8a8m7jSpM55zfrfjVevocqLy4LqOMsjIoUYrCLtFtjGKTvpHn/4Fs9ezDt+D3fxvErRfN51lNOUAB8Sp7JT/PeiPDzTbJ9zYo39uwWR4lGAXnlA3z5tHNiv/a1MfnbJAMqoR/wSM+q+tYx9G9su6lgFjoKLq5+XClWJ+g+dMdx+nFKnBlFNNJ93u4xtBr5gijAT2LXjl89O2me06MlAHjoNOD/XrnD/UqopIp+Dqz7dlvsCTBvqVC/duirCCaJxhhtPAQru4MER1YrYFVyTO0JmsmyginlbF/wDUhgAFr5bVj2UCxRnyI5PCZGa0KkBKY1htMre3TOl1tiNUSNNGZiuw11PobI7oxu5R/6DiORd8SenqQwI5n+I/6nljaQMwYWEPAIBf3kw7G57ldFgtDN8XO9Q5AdDjClQ8QKEKLKRsabSc=,9BUxBxskt4zX31eFcUpfoKvMjOrdUAvN4y/Fb2KDJgJWm9qjULweg+hL4RgcJe+ObGtcZOay2feR12U1otf57w==
189,2026-10-04,05:10:00,50422,2026-10-04 03:10:00Z,85 99 1 60 10 19 73 66 93 88 49 22 43 80 92 17 1 74 5 13 53 97 22 4 42 79 4 70 37 20 17 83 64 25 23 2 89 89 40 91 25 62 17 5 8 67 63 43 96 40 99 29 2 83 92 96 52 66 55 59 40 85 32 92 9 33 57 24 59 63 41 16 76 58 75 80 17 83 13 35 17 49 19 56 43 60 94 20 16 66 73 64 43 4 82 79 43 42 29 71,NK+aQVyxFoyjkeH+YNZf26QYZ/fIb4IGFEQwIEBUnsaO3PDn/3Arex6ZB55aOnijmK9IZrwYZkFc+sZIKyuj8eaW6Ktkjl2vn4zQfJRdh4ZyiasFDBQmpZ+WONz6H3XYp1fWUeC1tYUj+nTyOzM8Y/HIJpqxR5zmhDls+oxSIo6+WbeXA5lvfvORw08p7xMmCrs95Dot7XBoqvTAdorbNgp9GJDRNIJUCkm4PXhCvR1v/CklzYPKFYQMukCCdaAxTUycAC8eZUGVBIpjSem3MQt4sYdPALiHPgHpNhBVFqPhDPbh7IaPvoRiQ5s43ChIKm+3XCecO/bMrISoODJ1F8Zw8PKbUh0va1NioZApJTi9V5DtsJyYBqC5uV+xAz7ULJlIZ/OHqe2Ofa9J7VinBdmDXuFaIiMtVQQWR7MzfT7AMJWYFzwsFIJ7SlpoNux2/NXdAU8dOIiMOKIo8nuRwIPvvsQsdYeXc3hXrxrbUADc2U9aNDmRrChfB1UurSiT8DoUJynJUV2aa+SMaCvtrOgcZseDWXfjJNcCDw44J0j+6xDc5m+qLIWTJRWlSZzE/BXxh8ItNAi4Ki2H5GYqonyE/8U5X63SauAxDTOgPW4172wMHIFpUHpHbCTcdZ7LEKPib6GhK4sCOOfzXTfdMeI3MyqFKIVbyLmzZr0Aapc=,9BUxBxskt4zX31eFcUpfoKvMjOrdUAvN4y/Fb2KDJgJWm9qjULweg+hL4RgcJe+ObGtcZOay2feR12U1otf57w==
190,2026-10-04,05:15:00,50424,2026-10-04 03:15:00Z,95 33 45 29 63 14 7 89 11 91 71 21 49 31 2 33 36 36 56 18 60 32 55 93 33 23 48 80 81 15 65 25 84 72 74 19 70 16 86 1 20 58 43 89 63 26 5 55 38 65 21 97 54 28 5 87 2 61 93 19 80 61 55 18 88 72 60 44 9 92 52 91 65 60 75 56 44 9 52 76 81 47 83 35 23 30 32 49 19 29 17 37 42 11 83 13 77 30 34 55,vXHXXx+yakTbvde4UXGgp//DXungC5d5DyejJQ9Fn1pBGMn1BxKjwax5MHo3p20DwaknvH9gjkddKs29hyWCQvl9WsB3Uabuv3joiAK75B2lOPtlcGYGfceTDAyFe5WkiEwkfIohgDdfV0j1LuXgeOH314veFLmVb+S563mFMVFRj1nRyiZJOSDDOQrAuioKWh0DVcRWjd93IoZDnmbpY+w/yIs6Miq/7IElWfYs0gAomPO3OTNdCHOF8cNw6byiqQzeDLFFUkOMwWP2hbVaQrixjhoCOwHkCCoSKMR5+g5Vo2QFD73qNHSPUt6nd6hAjrOScdBeRYMiQsMcZ71Z2y781+a8ERH+GWJm2/zYMGC+Onb4tGwf+vDD9DRlykNIJm0BZQaS7dNwHTufLesIcd04biPTMHNBCqexJDRhyuZ7EYRzQhmXvWa273wDEZHbYYkJBh/vG7RO514SUrn11sNYbFz5E2+lm1NN8o6EYIUOdKISiKkUbj2Lj58i5lsIzMruV4tNj0mzI7GfMEwkYtRjSga/8KQW+t+xPuvOANTb7IiRyw4VppeX2cLej3rtkuBDQpAiegCvQvtzstD+/an8qk2aZlWywSLyH+WDJo9j4b0TkC/BjkutfUrbPIY4DNQdO+F31H+vGnZV++JtZfj7Vs9s6RZwnF6JoadJi9w=,9BUxBxskt4zX31eFcUpfoKvMjOrdUAvN4y/Fb2KDJgJWm9qjULweg+hL4RgcJe+ObGtcZOay2feR12U1otf57w==
191,2026-10-04,05:20:00,50426,2026-10-04 03:20:00Z,26 6 15 100 36 18 53 97 85 55 68 80 2 61 94 43 79 24 27 31 84 100 3 69 34 78 32 78 10 97 11 45 70 97 17 11 11 7 87 64 12 32 34 91 82 51 8 67 18 37 100 19 69 47 68 29 51 48 12 59 89 83 4 84 58 65 36 46 22 40 11 91 64 38 70 99 32 22 69 41 57 65 63 30 87 32 52 43 60 62 64 83 8 84 10 46 66 19 32 58,CDqo1ifGmRKOTjbYfxAkhTibdwf0SbgFc11OjSkUVlfDggIxh9gBde5Ek3veYocvIL0IyKtVlOcncwyPDSJYhaAoLltMePTgYg0Kl1/tx0IN0VfHRhjWnFWqyrzTiX2RdBGsczR5wIbxhUuXgrKNlICTnuT1WpNkl4EL9yeuGm5X7pErktB9Ou2nOOeJwDqmvAME9nGfXcfeLQmFRQYs0CmZbGO0wv6QcIKffKse0Jhcus1W3i2BO934pe/2j1DkJ9W+iCwCSrRxw8oH+dMjFc9drix5VydoLuY7ho+6FQRs8OpVw2J97suKW/mnmPcZakLfNw844Oc0oTXdGKA+HEFIyNrdrqdMGtVYve22FDx3c7Q7Ptyw2lfKN7dVtHScgCZXH+msOAvpNArdU25wwX6nFyTDqQAe7NW6DcPME/XoBJZMfF1waNLAcIr8Ipn1xee0ZTgEHCryN+92EKOVKWAm2t7hlD55s8xJGTx5NNK0B2O6DBJcYcop+zpt333ZaeZuoNWdBPUCcvTKhC70Lyo5c9mKpYC5I0gzs6wjP2Z8Uak3kcEoUv7uUAFA+4fmYlm98/LB+4hg0J3KJy7Orx/YDOVOHV5OsrM2lZMUv1e1ttmureLAnMoCcMy92d5EUatz/W6IdyjNQONsrnVKCp3CZrhJgGGqRxqbdDAiyfo=,9BUxBxskt4zX31eFcUpfoKvMjOrdUAvN4y/Fb2KDJgJWm9qjULweg+hL4RgcJe+ObGtcZOay2feR12U1otf57w==
192,2026-10-04,05:25:00,50428,2026-10-04 03:25:00Z,55 100 81 19 80 99 40 63 84 96 46 16 37 93 14 19 15 66 5 60 62 79 65 18 48 40 67 14 86 70 22 90 67 92 19 42 43 92 37 68 1 75 10 74 49 73 89 98 75 6 7 3 54 84 90 2 46 98 66 96 39 84 18 91 11 19 72 8 39 79 27 76 6 7 2 65 45 22 77 41 1 21 50 82 83 72 18 86 84 29 1 71 59 42 21 40 56 15 88 40,AOeHiebXP8yid94o8VVqhJ42hvb7s0Y/JHmrnKTxI3PxqBdqKoU210AnjGm81oGzXArL6Qw6v1gBt7Pbq28+NSehA3lq2G+SIULxeV8otG8nby0RjwTzTcSYPKXL5h6X+OC99UzgPsFGEBlmt303r8IHLKCpJ9e7yREW8iuNVFayba0/+jgSMMcvfyKePyoV7MBPG3QTOukv35F6tVZc5X2H4ARwYW49F+UfMnY5e+CKW62ND7ueyIALNHzKtkxzWNWwqzFyKFTIGRpsf2ghIO6QdymJ1emGx0dcVHdbOV+7JHWOCZKpDqp7RNN21E21FAA9etSfshCFp7dAs755c0uXMV78bFUXU5frTM2AEyomrZjpo8pK3UBjuH5YRHBlnN+Ucoi3UejcIKQfBXgMOS8Mm+df5zoqD+dD5inLwxioYUea3Mxvo3SLz1man5xKk4I7P6A9JhvBfCbg9KjUAGeh2LKRWJr6wXRZ/E4AB0ydlUr9lx+evaS/UmgehfPo9FlLuRK6AI5U+EWG7lRq67/oDzpjvCyC2XDRuydZlu+Ws94Bffh7nO1qvcdjejS4SWzcwgcVD3jkKnmYjec2ObSPmeZGZ+RibA679NE9D+Q3b2uIfMoik0lIf0JIAUFjKWdvp4kvtuHpMFCXk+uKjg2u1H39UAGT6+0Z3/hvavI=,9BUxBxskt4zX31eFcUpfoKvMjOrdUAvN4y/Fb2KDJgJWm9qjULweg+hL4RgcJe+ObGtcZOay2feR12U1otf57w==
193,2026-10-04,05:30:00,50430,2026-10-04 03:30:00Z,27 89 82 89 99 58 26 47 52 17 37 6 27 28 12 4 69 41 92 11 90 99 82 46 39 62 46 2 18 41 34 80 100 98 6 87 89 89 79 100 71 76 43 87 21 2 13 93 62 28 93 96 89 73 44 20 90 31 61 57 17 51 51 92 90 85 94 53 78 20 93 66 44 19 26 98 71 15 30 63 47 40 52 19 16 31 74 64 49 41 43 28 14 36 39 36 18 23 15 46,UVqpizD1BCsEtlzvh7RdTX7Z4FqXw/QdlIQtQn/tEKdXFV+l7vQ10thU7uwxLsFLY0m6o9OVnDHk+7cEFmPhlSQ1gt+H9JF3GaAlZ73DH6YyK9XgQUQi59wYU3DbCx/TiLmeHi+1U2r0wFMmf5wKvoCWqciUXaDOQ2y3IlauHyYEJQiHZLyDLpM5BsPWq36QChWQo9IGG5h1QzYlFMqC2QPc1QBiAOEG1owhjgvbJgNlO5Cl4b5cBCMlJqGlAxR/9Ul0wDShEiPr3ElBCkPlZT8PEFmTh0HCZPtsMsgUGYC6Gh9ybSyWjxDDUzxl5a+KuPgdtP5XbWWw7XqkkAQcoDbZ0P6w1oRbPVX13FypbcjphcWWMrO0nbpjqPkI07lZ62CbQbiTXVKmbnom2J9bD9Mv9Yn3zjOO0GgTREUB11Ls9WbmZAY8GlS1cE7gmjrrorHWCNnDrls5zO+8qZZH6V+cbRaTzdJpvxdvL1szv5RJGmpvl2q2QVxuV+9dH+XXsFW7aPjxi8PEU8yvFXtj4XKJQeGxoKTaAejaFrK3hEr8TTrpMQwkG2jh7mz7PKZ2u28dnVBZzt46CqrJPQ0dBY5oMlxEdJ6bnwhNggpNHytC0MxwlUixTNYT3pk+9akFr5r4lTVu1XfwpsTI7TJpXykH6qq56vOMDyMwfO4l90I=,9BUxBxskt4zX31eFcUpfoKvMjOrdUAvN4y/Fb2KDJgJWm9qjULweg+hL4RgcJe+ObGtcZOay2feR12U1otf57w==
194,2026-10-04,05:35:00,50432,2026-10-04 03:35:00Z,78 39 54 25 40 39 78 25 12 26 46 36 5 97 29 45 94 80 60 41 19 33 36 21 58 14 2 18 32 100 17 6 74 19 12 28 58 85 94 79 42 13 48 39 9 69 98 60 26 90 48 53 52 51 68 27 17 73 19 52 94 2 20 77 64 43 76 64 21 44 73 34 96 85 71 16 21 88 30 17 99 42 10 60 33 5 13 91 41 99 24 33 15 14 45 48 23 49 31 32,eSZHjJEjNpT47dQsPujpGwnoFG9E5ecu21JrE2IxKOPalyMcqwLwIZTdviAWt5/ytspjHSs+UFtzX/wG+M9LHm80TnKrku6AlYlnRVKgDmgKwXuabeTPti25veWWXiFKjwj3QyR4+SoZoxVYK6kX0iPVw5U40NyNEqROiu0/Mtf1d/6XmQYA9A6dtFnmXMSgXjXaSuVyruwvgA1SPRVpnoRRPd9Yq/gf3nd/UHlseQwJ3Mlk3LMUfW5M9kpHRZBRnGXSIkjRhFmmRmOUIk5V6EE5EUkzM6eHXtINLeeWQzYAALxt+PkxRQZNaoTTXgiwVMyKUappSpmgtjnbq4vDowk8GMzcWUGOnX+TFSuXlfxXOODvXaTTl3nIOGIaFRrDx4Ni9NwiNVnaRpv3Q0U5IGnZkTnLZYiUnk6b5eHWtNqtSRq2h3/Qeo6nbSccaxR+coUATY+d301Y8JXCJgjHIF1MZ1NbN9nmA//3J9A45cUI3Fvsj3eerc+X73RwbJ3X7ec1lROu/YXOBmGNvl3xGQRtuHdBdWL2ISVLyu5hx8rHAO0Mt6bC14bmtwMgum3VDBXRh2JjsWFdFGP53G4z/RNzl6CdPEEzF/oeQA7Mjr4qXstfEUQg1huSn31lf/wjlDyjMmiSoAcmaJvq+G0OZ6H6PcKo1iDlWdNhHfo8MmQ=,9BUxBxskt4zX31eFcUpfoKvMjOrdUAvN4y/Fb2KDJgJWm9qjULweg+hL4RgcJe+ObGtcZOay2feR12U1otf57w==
195,2026-10-04,05:40:00,50434,2026-10-04 03:40:00Z,17 91 55 61 57 2 86 94 85 16 53 20 17 61 3 2 96 82 38 27 36 81 6 6 78 89 54 28 48 29 25 66 17 22 88 94 53 85 74 81 70 77 86 84 96 81 70 24 42 21 57 34 40 34 31 74 3 37 1 71 3 79 99 16 67 97 55 79 67 88 71 96 10 80 90 21 52 14 83 49 63 78 44 21 62 64 81 5 68 96 42 69 76 65 66 17 41 28 37 7,g+NqQx/HmBu2XDrmsaBE+O+gk9T9s6QvISjWqjHAX1M774qwTaeNap7l8yLBFJ+6DTTZI121u2nWFt51MFs/NybKrJekqVqerO057zSiBR9HYaEVjiCecEx6NJfJhzoZxKCAx4tk/ZccY0BbTgrpcD/zecvs1oEPyd1kBVp9Yt8r6K2Egf8we3nv7whvCil6YdxAHmfG/ucdFtonIV1ArlX6xJEM0xsMVfmzUU28JBgithTPIZHUkpDt/6lcoeird0Y7MYTbggzl7Z+QM39GSGiTG1EQewaVuFSwld4xA8P3h6kkzXBCZ7JOqh0QgZdjz4k++KSme6krVHwSOLY2cIxauEHyxSU7A8i33IAs7R8bRC6QCtzAobiL47hvrhEEHVs4f8JaIUBaPAL8s3KcWUnboDy4+OmkJbm8ejFuFIr2TC0y3RKCQ3zZ89dkwMicmNrL1y2lj7tkLoCmSKnEkj4ScbKcOo14DBVRvfN9Yr4UThhd9mhSgFUDTLSHiAQ1QWprTRTneYOp5cfhKPNA8gtmOPQqaM4UC2VF8G4yPDfE58U2QT755o536JUZoYQqQ93QmGnZJbsyJtab+eHzDkJOiLB3e3C65FpjqnkS/crmMIMN0QcDzhNrJkmseymO4nV76uUc+86cLlzfK+7zZm0lRYSvWUJcz64caTYXy7Y=,9BUxBxskt4zX31eFcUpfoKvMjOrdUAvN4y/Fb2KDJgJWm9qjULweg+hL4RgcJe+ObGtcZOay2feR12U1otf57w==
196,2026-10-04,05:45:00,50436,2026-10-04 03:45:00Z,66 43 37 52 60 96 57 66 33 62 12 34 30 10 72 63 29 56 95 84 92 86 96 8 24 55 5 62 63 63 68 67 93 42 21 79 92 58 60 25 57 40 48 63 9 53 64 98 83 75 38 68 65 78 33 36 75 10 72 9 18 73 93 54 52 41 91 64 28 13 55 23 54 88 84 12 96 11 3 47 17 46 95 54 40 46 34 3 30 34 14 64 82 38 23 42 57 59 36 80,42RkcA/YwVuA+Pmw8VwcOjer204KEGBUKs3xrmdwHLoZmjxDY9AHyHvqUVoT9T2ClPYSjfK8+1wc3v4Sa0iH1jGNuBrWUzxSW3QAGNYDj3iaCyo59aeP9PLHZGWovlDmLxb4Y2WDcjiI/Eu4GdFDIZzJ7PMrhYwcRZbO8RcPdFgV1k3n21hlrEqISJaypEA1jUS3K/XCOQtnXlW/+w5iXMScCD9kXPjNaZRad6nLPesxLXmbAVjiFsZvgGfvKjt+tgeKuFFW6KFyoUOPZin+1Pw91wwIXacg5cpXQ6TGlnj6uCY6H6XGAm37Nm/o53Jm8d1XdiyU07B2y2xkWllm2OQ1dqFp5RbnS+98vM975H0ScAgiFQgA/cWtC44Q6hn8CzJe1n0VNUUZrWW+d9g9rrAik1glW5pZAJs8WQ5d1BpGrlkI6eKT9yjuVz9cPK93Xa0gFbsbDu9scQXkhqIfiOTC5Jj6Q57wNFNuNHGRWfqPcArkU9WOI8YqvsUteTogRyzBiE0JWBfvr9VZTC+77gZ6CtjhTURbHs/yG8e+bV4cVdP+aCen+H6Z+RGHM/1qZ8u0B5yIzTU47Mns1WWzw8+WWtwPNhwlpLsHmkS1Z3DIe6m5Za4+o0n25BsgMjLvplEK+FrQ9PrMhYEcM+QaQvRktybN1aAlVs8dGN4EoxA=,9BUxBxskt4zX31eFcUpfoKvMjOrdUAvN4y/Fb2KDJgJWm9qjULweg+hL4RgcJe+ObGtcZOay2feR12U1otf57w==
197,2026-10-04,05:50:00,50438,2026-10-04 03:50:00Z,13 82 89 58 69 78 84 96 42 55 39 99 36 91 27 80 51 31 95 27 86 19 29 100 35 19 10 12 73 4 14 37 11 40 31 20 34 64 27 58 37 25 91 55 58 36 99 93 17 49 99 88 66 5 9 64 98 48 79 37 26 13 70 48 1 46 36 87 78 11 54 93 5 90 10 36 98 98 38 37 100 68 43 28 24 6 5 37 18 65 4 39 40 63 22 72 47 4 9 71,Lhq1bdgvYt8xR8DOAtIgLwmHdVVGUBjdWflpE9UZYk91GfzbILkRRj/jjoX0banLr3/BrKvafax2+Bpl7PVvVBnU4A17QjLM4scNFZfqHeM/8L0W0doCRHf23KRXB6MOd/mcqsHrMSUnluUKA5Ytq4/Rc4FLL/G7KjDeGgPX7rL+j2TTQ0rG0p0IIss85afbTLtkq7W9/NTau178VIyL6m5Curv+lhjiwshCe2XyyVDHgiYzL9IUxiT1pQxD1YedwAteFVeFbUELYVAThEbKgAy2dMTnTKQA0TXUNScg/a4hcrwH4UxAHWiGTOFj3Nrxj1SaRv0Xyktwxx3IxfPxv6gbdmttquNdFTPUgLYvll/tfx7BoS/oED+qnM6RYkxzEHEzPWSbuT6aoi5/gHD8nUj2i0q8iZCzbk1JN8nohOy+u10MC2EhdJS9VbXS0z4mttjRJpMLlVoCOIZs4ZfxWySx42V/IW6e+pBfquwbU6hhm9c+a9MYFPlhpaeFvpYD9KDWKBrJn0tpE8Cpan4x2sq3RMQwQ9LcFPD22aHPZTDe8Td6xSPY8e+PawKS/CG6cLTs6JPQfmbbmPD0KXEHSU2wQkWxHMv8SaUxzQMcK9Td59iOiTpNm7Zw2ttMxHigv+0czTAQN9uAeTTC143YBvTT20CY1MmXXDtWQx+zgo0=,9BUxBxskt4zX31eFcUpfoKvMjOrdUAvN4y/Fb2KDJgJWm9qjULweg+hL4RgcJe+ObGtcZOay2feR12U1otf57w==
198,2026-10-04,05:55:00,50440,2026-10-04 03:55:00Z,68 51 96 98 22 85 86 32 100 71 82 37 17 11 14 36 100 25 70 81 63 21 43 66 12 71 2 16 13 51 74 37 52 5 30 56 8 91 28 44 83 91 51 49 100 22 17 84 85 43 50 17 2 53 38 15 26 67 71 16 82 75 81 25 53 55 66 3 42 97 67 2 12 17 96 69 18 75 63 94 21 7 6 45 92 97 41 51 34 99 79 85 29 100 29 14 57 9 41 25,m/NlQpvyJJVpxyrrMdKMKJb/2m43UX+ZmjlZ6GWsLOQnNenmGEJwcpZV9KQF982xhNcNFRuqfdDL5E7DPmT6gNNl87TBhpYmeP42z2ICWdlYG3klXSFZj9OJUHzMwVm3YKAEHW9s7xYQyFB8vittLBnmd4PebTmW9xUOSg8vCMSSHKHz3oKhBkjhlw+U1b8f4c77BRvAI6yoQGfNirKkeRL4EuwI2PaNZ560ba/bYxYd4Lb5u542QKVPqBkMrGIT/y/ysSVaezZ2Dqp2UwtF6ZcrYDeREIpN0cVJuQLMq8919N+ATwsWzVSQQPVbqJ5CiW3VkbHrNYF/IB8Rq8cqSd2I185sBJTAq+q6W35+OErY2kxrLI6CSDr4m3/YD5naTLQQKzPEXoqOSU4uqh1Bz3lAX44062C/REdfjTeg7XqdX/Kn7ypkmDwJ/pza4pz/RnTQ6oHVcRilciDkg5wp9Is5WtzyZQTPbVfmO3VxU6MdkbXPrMXEPC6Mh9kU0I1my5/hdFkOj7oYkVDy/G8Iwqz+iR4ytmD7OMOFrmu5mfEwOHER0HR/irQSh1BT8xAo2We/PsjF7ahBiAuFuSPlhr8cn9bQVx0ZeZDUnirWrTqI2eJJ1KzqRzAJjoH8wq+Kh4HcBdl0iNzR01GuY2oPXf4ZIttfvhucegQ7J7uYdTw=,9BUxBxskt4zX31eFcUpfoKvMjOrdUAvN4y/Fb2KDJgJWm9qjULweg+hL4RgcJe+ObGtcZOay2feR12U1otf57w==
199,2026-10-04,06:00:00,50442,2026-10-04 04:00:00Z,53 10 83 57 32 53 72 6 84 3 21 68 91 74 99 60 85 50 95 95 100 74 96 48 94 33 50 55 58 91 28 46 45 27 77 76 2 83 76 95 75 67 95 23 53 90 35 2 74 36 54 16 92 33 78 33 21 55 19 45 36 10 52 78 5 2 67 79 34 82 44 25 72 36 59 23 83 55 17 21 40 67 82 77 91 76 35 96 85 84 63 74 91 7 65 8 82 72 79 26,T4b/Dfo59X1Kz3s+chn0utHQRhdKLFpr9NpIUrNFUJYsvglwrbYnGJCaQlhFZDf6Dx5cMSaXWAkmkd7td5fCfQx71qz2Xs7GsmhWaaJkvEzl0ZBhXbQJtU4RUU3hJWjOtn04utEKwqN9NSGBcWHQe+choYfejtnRZB4RLBOPacDRvZMohxEYuKnI6uhLrRgrJGmidlM5tcemMLghYBgxBGsSykFX1r14FGkZk5hfBhvodPtxTza6fEp/4KXZIgsAXqYC7B/POV543CSpQQWuIuTxVt4ok1Nxtnu8g/oxQoLSZWkLJTxV+t/UYBpxJBPy3VGqbvXU0AQxTdrRgviGQQCAvjswddfH8KRDJ3eC9FN3sKxtBgbpMCDmKEr0WeClwelsXpy8R9iw2g3s01zmygsU6lJi2x3k16zaMNPS11j90y9SiO4h1zsWz1KWG7Dnqba8hiWkYZwx8L5EAo8mI4X8+rN4DEH8efVMJwxUEPgLn+lQxxDEOBypO3jV8DAKLeWXDxGNcKNNa06fIwJwGDv6PyvM3YLhVyzTvBWeZ48nXBEbokYYMaRIpJZqTUD+y8xkQn/VsZRsFRJxcjj20sKu0qyoYboWX9Dp92XojgwOSt9yOUOO/VcQD4Vcntx+IoUj79NBXOLobRZkvdBFmJ4SXPx6oaVuKSIayosOoLY=,9BUxBxskt4zX31eFcUpfoKvMjOrdUAvN4y/Fb2KDJgJWm9qjULweg+hL4RgcJe+ObGtcZOay2feR12U1otf57w==
200,2026-10-04,06:05:00,50444,2026-10-04 04:05:00Z,44 1 33 39 81 6 11 66 81 20 57 58 21 34 89 93 43 50 4 36 31 46 9 72 93 71 17 97 52 23 55 100 29 10 8 36 17 17 52 33 24 17 57 4 64 53 93 83 41 86 83 56 58 41 72 90 32 34 83 64 44 64 66 69 45 56 23 61 58 41 96 12 31 43 11 4 89 24 53 97 54 35 27 45 85 43 42 59 96 57 62 31 62 27 52 50 72 72 32 37,C5CHxg1tMJU/rSWc1jtFpVvR+bg14d3AwW17b2/Y7nRJBM1Iq4sKFKn9P3D5d6xknYQdrRCmIOhpQfyv1pOEfwNB1PYZ24YCqqv4gVcE/BX68y1ZnnV6cV0d7zFlj9Dk4LcJVOB5iTXdgDNnH9G2iIEN0HPVHQyzMcPpy8nVVliuH34mmxW8UUoiFJQ+EVNXVeZDRVoGyIiU+oPRrEvBKv00A5AVji/NH7VSnNj4S4Pw7zsLcdhfxtuaemX4bxDFuIjIv4CD/W0HSiVxyq+tUAbG89bOBMQn3WsDi4X5xYIv8E7b4Nyvfn74es6d+ZNYIoHHe7PTRfM3+bCg+/Uzzr+Tj46gdxb/rahb+HlI3ZHxyj4eg/S8FSJIrvmpke2oa3l0mEkJEK7awfXymPX574Y3JGIkvuBFfQlqzTLmFswChnKCBzKwo/EFmaUAE6rRKDeuAKjo1xWG7um4LaOEOPR/5BEbZGsGYgP/9zm8BsrEYXPzKKsNw0MJNZX+xNSWOXGgZ2V713e1m+Cwev1XSOLCMf2C6vgggJh87nvyQANk7K3dw+T1nEhM6Q/WBadzGLZiK+O+ccb7yuKl+7nJEVCdudZQXZsiJ3rbRzJucgQXmxSkamJGJQNjxx6+fBC/yJVk7lt6Iqp9QOoQJ7brk6eG3a1e6bfti3k5JLCH6ks=,9BUxBxskt4zX31eFcUpfoKvMjOrdUAvN4y/Fb2KDJgJWm9qjULweg+hL4RgcJe+ObGtcZOay2feR12U1otf57w==
201,2026-10-04,06:10:00,50446,2026-10-04 04:10:00Z,73 49 63 69 35 20 7 81 23 27 95 82 17 17 27 41 69 23 66 42 23 91 87 65 73 19 82 89 83 67 72 94 12 2 85 2 66 50 29 76 37 57 23 26 59 84 11 42 47 60 3 7 22 95 85 96 7 89 19 64 34 52 25 1 34 26 88 74 23 56 72 59 78 69 73 10 31 44 84 12 40 56 89 18 42 72 26 12 67 39 7 25 24 29 67 11 42 77 62 77,OsLHl9CiyldL/pcitKdE6CMwt+vRrvlGbOmI7usRKzyAl0pI+LsPIXRK9y5b4q3M/4s8un6JPPdd6e3TOUYurxk6YfCmEsvsqElL/KtliT+GUo+suMd6J/qZ1MIXXlMHM9mbDBQSoMw8EvzgGjcJexBXTCt7VAL/NF+eqZ/K2OepUnnCHKSAjh9chA3xjt8coE2/FnkqpkSXbCfZ094yhM3JjRwYMMJ2ar19OzCfoL0wQUk/p/TtHZFaqM2FgRg6ZwD8hCZf2xhBhXLZjCHwC8sADFf0j1aJ88R96DeDKlQw34CY3R0w/q6aG2TTz1EU089O+FWVqlw9VIx+d8WGDaVs0BNtUEGHJ8AkY9LEgUh9/g0wZ/U1elOjhsD3e1n8BbQGjTbcVC+hYCQfh7+4disTvRLeFH2hU3EpS+/ty/enFYlukG+vlBDHhApMibT8wA0ieNMCPqw2z8DJI6PWvfHZQwQVkyuNvP5ZZQ5wISGdZimbnpsSqFDKaBFU31KDMYVfd9xpVm2l/9dbcio5LotIwDe+zwUAmYOWDfEf9DfEkXvgWRsQ+qkOCfOmBXPXQSyhkIR+ba6/S52JnxrT/mqUXqG9ZpjxY3TKxkMz1ncj4uNXk/OwcFmwkHgCCDZHxhTId20c9xemi1LRXfEyLCPlZPKS/fedGsE0lfvY2dA=,9BUxBxskt4zX31eFcUpfoKvMjOrdUAvN4y/Fb2KDJgJWm9qjULweg+hL4RgcJe+ObGtcZOay2feR12U1otf57w==
202,2026-10-04,06:15:00,50448,2026-10-04 04:15:00Z,88 79 82 49 73 72 33 71 76 77 9 77 32 47 86 42 9 66 75 63 38 63 14 74 66 98 58 68 97 41 37 18 83 71 71 1 14 86 77 92 58 60 50 70 74 81 20 93 26 50 41 17 95 90 98 80 97 76 36 1 69 44 6 20 21 16 6 63 11 72 81 87 31 86 43 65 81 6 9 52 89 95 97 25 84 53 68 50 78 85 38 10 18 95 63 53 58 51 32 31,5zC8W9ydXAPKzLO8/itSE4pwZwGof0EDiNl5YzaFlRe+wxjFRjDZmyubRCXqRkUY1eamcIVqfMPfvyu28kjXYvqigOLgMB7WvwBqPLwh+sUTFPXYY1Ju+dW/K0yf+56zY64fvY4l1ewSqNfGdEBUOUxI4JM5gQ95aOox/3JcV9R0yiubRunMIRCzEiN8/5JXChnWq76yiXyMIMNyS4GJsENU9cGhwkxXHcsRbOg9QndFEulfm4DGTzlkzh+kEH+7vlYBNlA81QidMYJMTHXY9yHZFeGdZ0KOFhKIBqc8hVambrnna2NCCuPsanPdTXJCQx/E75lD+Dx/9H5N8Mq/mT6AWe1IqEwHhyJUgDICu/tVDACaZwbY/v7SWPa7t4Z8EdQC+rZV6usVpFUORpwaVP8FZFn/WOlsdyAYDj0zj/e5uFdiQG2JTf5Lci7HXBHi2ZhOW4jKFgmOFzjTaCTTit7HD+5QXRj5sh7wADXQpy7gX4KQBHPG4yDH8V8qCYWOqBhZ2tXW2yP79En0qtCW2qO0frQ18pDME3oyexmQCyH3/kUpjEj97ENhHzuOHrCydJ6dv21Z2b5MUupf2Aky9hiFQmSY+LIYRegxAfFBjWMKLLV9cfLMwvZY594pcNSQ0ZvEMj4nv9+qXPDTAUYYo/PP154MHFzjGHSzUu/sx3Q=,9BUxBxskt4zX31eFcUpfoKvMjOrdUAvN4y/Fb2KDJgJWm9qjULweg+hL4RgcJe+ObGtcZOay2feR12U1otf57w==
203,2026-10-04,06:20:00,50450,2026-10-04 04:20:00Z,21 45 9 67 93 43 31 26 65 23 98 50 14 98 11 67 65 16 25 59 16 36 20 1 21 87 20 94 80 2 66 43 35 97 26 86 21 44 42 28 38 65 87 51 40 100 4 28 10 30 25 63 39 64 5 71 96 16 35 4 61 91 69 41 27 76 61 88 67 62 30 72 81 78 66 61 43 14 67 94 80 83 47 67 74 44 31 84 63 5 62 48 45 15 18 74 57 76 78 47,zt0pdP03wfdB3gQMZ9+h0LTwepTH67tQMi66tukjvppvo2i48beXbn0O/sRAHLIY9IByxRv6wE11jne+uyq+DnBI1lqUMSihz2X8nS3nXfQcJjTUra5BEfmiYOg5OOh+u5+PYLrO4A7rdtEZyGRlqBns3J48jKKpF5Q1/pX6Jn/PvSfxTPDmNRljT+elQItYbonyyGPyuAHezple/Z0fWLFgI20i5cPnGU0o1j0B2cy8k1OvsHZS8u31gImcppcWZ1eKYs3Mf0ajWa9sLF3xAF5Ep8K/h/M3v3mbo6w/2Dvng6LVD9lx0TtvQq+JKH/HxW1RYiaW2C4WAlwF/wWuxCcZ7abZ5h2Rcxu0bvVYgJ9wTZGVCHPateImsmyVPHujp+ZMzr/pTDGry+8ww2+ar2eteKzE5GIyEJjJH9Dp+aPzqXqQWi/p4UXlk51oQ/ABqe7+eYsuJql7FwRh+VryT/tRTnjVhBH3ypOWMFzv1GD9kKNa8LnVoAshnu4NPOlNVq/u3qiMFuUzgYuMCzzQhw/qbIFt3a+9+HKTmiht/2vhXgtTC1FlVIQQI8Prdh870DHFhalz2APCJifwOIZwXHhx+5kjxdKySTtPo++AgYT1QUU+iU+RnAXfPDrEgfX9JJzE+wl0PRFnYn77ySxhQkCdu0qKm57vgteVfF6h1M0=,9BUxBxskt4zX31eFcUpfoKvMjOrdUAvN4y/Fb2KDJgJWm9qjULweg+hL4RgcJe+ObGtcZOay2feR12U1otf57w==
204,2026-10-04,06:25:00,50452,2026-10-04 04:25:00Z,87 10 41 67 68 16 34 52 95 7 45 4 84 1 94 73 38 32 19 27 42 13 33 16 63 84 81 17 65 1 35 20 10 50 7 59 66 19 74 25 32 75 31 93 29 45 46 3 88 30 79 26 69 6 6 82 37 12 10 68 1 52 45 43 10 25 37 25 16 98 90 7 5 64 76 50 51 96 76 39 32 80 98 1 65 44 78 42 61 92 2 2 54 48 71 2 28 96 63 72,xQioEzj0zrmti9Ky34OpQljh+gIukf4x1vmxs3PB4T1Mz0+aBt/ISJMhK6u8sizDrp0VYHnTmJ39WA9wOUdhHf3xQgRlm/buF0N1CUZoin3CbLgGhSHrL3tHj3hF7GiyzvGUmXV4Yw3wG/8crB3T8JXRjqw995+Wbp8WvNuFslFNpFlhXuNbTXvsds1UuaqKg6RW62iizgHSFMTv141BnS6PT4mbRQ7exwUB3ScY1938Ux76PyPyqmTrf0Yj3bVofDsVgtReAqlb6moA+hojmzHc18NRLkRRli2RwEhrnx/g7gYuNvYBcwhFz9ghpGAuzDE93ca/QBGEQlCG1Cu4MLLSp8v+MR+wFWqTyxubfSlB5mJ1CxaKAvO3DIpne1n/EwSP100RZhiTTc/f38vf9o0zVAODgKy0gJ8BCqrKGm3yEawBtXzGcBDuLLiMQ4D4n8/CxJ5cj5FprYOvkFiLhNBdZvlSSkkJkt5VwSJhZZh2wuQTrcwOjTySqTkm3e3pvaZGSdytNwgbpBiBg0VDJpiVPugtVlJI9Tdgcg3Y4ePwisbb1mzE2QZptrZlyIsqfP3C7lJ89Zks/uyZxCAOhvsOJIwl47pFOusTObL7ag7+CRsAVVE0gl4vHqP1C91X5IwKfrLkik3Ryt/8C9bU+hB1r8q7MX6NcCoaYObu3Wg=,9BUxBxskt4zX31eFcUpfoKvMjOrdUAvN4y/Fb2KDJgJWm9qjULweg+hL4RgcJe+ObGtcZOay2feR12U1otf57w==
205,2026-10-04,06:30:00,50454,2026-10-04 04:30:00Z,49 35 97 90 60 80 59 60 99 28 2 79 53 18 70 51 58 43 58 57 100 30 49 4 42 20 2 6 73 59 22 28 89 82 92 67 27 71 12 27 30 71 3 21 35 57 97 52 42 53 77 9 22 74 91 61 78 62 100 35 7 80 26 30 5 56 42 20 47 42 80 46 48 95 54 16 97 8 99 92 62 41 76 34 19 71 87 49 10 44 66 90 42 63 5 40 49 93 100 96,ZKT5Qo3qca9Ywu5+vEK52sK1JL4DnBlsYl0teJnsnZQtz+m4M4+XNz6gsqSqehvgDBSckn3K/0O6tcdqvik2UbsyCm6gBKh5GMK5jWflziT0pN7iQWFkQSo+gMrfmxfjmhZHUkwRf6pDsoVI8H14QNpVV5YLfmLecTWgThEEnElS9EpiSwLOSfdkDPqmgZlDm0OoSRnlCkbcn4z/Z4Vk02krhYYgAzfrvcuN5kSeTcIjcvT2CoyimB1dGw6E2FTlyyI+VaeLcJT/kfzSiwZzArQDnoW7cE5h4vARQQ4EfOvt0SrzRF3XcJ5mPnMf4+MwsrqX4esAwZ7pnNWn8T9V49ifWSkWiZqlcuwNSEylNkXc6Rit3WrsUchq9MKcW5kjaoi53kLZViLMfe/xJ0yW6BEV0m3Mo2u7IT4JAUvPnBRwTlNc5yePeUq9o//sekhI/aMZLociiier02JjmtCiUf7z/Cp1gjlr1gNVcg+L+gztO7OFCGUFYUIhfZsKvs+Du2XNGPIBWka5Z92NqvQGZ0DX7cCSnFKmho6vF1GYwqu2XfcXQioPPMgQvUyvW6ewPimYR4KzCymG/Lx9G2HEWBE9kk22OnwBFpFEOn21PN+jiaEh90k1SMasaRfR1v9v6YGxW35XIKZnurf73lPVG0PHaXXxLpwQfrrATrgZ9mo=,9BUxBxskt4zX31eFcUpfoKvMjOrdUAvN4y/Fb2KDJgJWm9qjULweg+hL4RgcJe+ObGtcZOay2feR12U1otf57w==
206,2026-10-04,06:35:00,50456,2026-10-04 04:35:00Z,91 39 9 19 30 46 8 10 13 35 96 98 27 41 53 88 56 66 79 93 28 36 17 38 27 15 76 40 42 97 94 20 1 20 31 14 6 58 14 10 98 85 53 44 66 20 19 24 92 18 73 73 81 58 58 41 95 69 16 82 81 61 79 84 84 84 47 88 62 36 20 10 18 92 86 62 43 52 97 71 37 8 67 15 34 78 17 73 12 92 54 16 33 3 55 81 28 34 27 87,NagH5+C7k/uGci1EzYcUS3BHIFEdXr0N+gCdr3PB1nmpMi5DpYsq+MtwGkelOkMADPNz/udjR6pGlYs0GdZpf7Sb93+Gi6yvgqsxuA98ZbkmIuUNYLiKocW6E8nbCdHx1QEFxIt7fxcGR0/4buWOGTTp8w24AHmN5CwLtGIAorWiTsLniBUHh4lxVhsqJyhHptQ2I2gsassbnH7Sjpwldamyh6MV3fN95i6YM6Y3PDUoK6sezF+GKhtkaMlO+inYMRrO9J84QASVtelvEM59H67MCQegy0FmXxD62yLyekSw7xhf94UA66MSSUTasnRIL+fpJYvlP6dp4Q3k6vCmnoAceGC3hqR9Jr2zTXP6xX3vPN2jVwwECuyi3kQj8+XHIsc2CUa4hCAtELRfdGsnKV13Ldes9jXFr+OriRXht+sgiAF8Oqwf6+jHfJeFaC2imkY4gSMEF/wi8ofk+UWWK5Pv9o7FC6T7Kd5BjIPAJX+4pmveQ8AhmLZdZ2nkQ/Rqv7M1/7ZHPjVYWYe9iEk9gpu2MMkD08+eaCvaX/0oqoM34QYSErViWZaCiMtSZpRCa8xOUwitaleN+OhWucBStqjGgMWWrGY4cczktlbrMI6heLTBTOopaQw0OwRS5+WfL/YhAXFKc19dgzPSpn0gRHcP0w58pnZUiiriD7E+UDo=,9BUxBxskt4zX31eFcUpfoKvMjOrdUAvN4y/Fb2KDJgJWm9qjULweg+hL4RgcJe+ObGtcZOay2feR12U1otf57w==
207,2026-10-04,06:40:00,50458,2026-10-04 04:40:00Z,14 30 52 99 11 98 56 25 32 63 45 43 89 73 42 17 80 71 40 63 4 26 46 1 33 81 99 89 44 8 5 56 70 4 74 9 60 64 57 73 60 71 47 38 62 19 64 32 71 32 98 79 97 96 15 31 37 86 6 26 75 55 79 60 51 50 60 81 41 72 45 93 54 18 50 9 30 84 85 71 88 18 1 83 67 91 61 36 51 12 81 21 90 28 84 83 94 39 30 6,U38si8jGpu7pYq+9EzrmYiyD6ML6HFm8GTfafeHh6RoF4VlCINiydAVpSzzu4pp4QGQ5Kin0D+QPRTzNfp+I12PX7k0Nmd7PGPaAXb7jZdqQmGn2wkU9UWZJqrOFTqNUkdhAQ7NQlGMTDzZxrQPwjrFzR8Es1dSplhSkKYHAq5WP7bMoBw/z0TCbgUgQo6e3dWR8zpKuP0Q+oZExGw8N75kdy8bxVqcCo/mDrt6ygQv2uORGpgURrtWktA1p41YR6yDK2x0B7+D2jidny1MWu6/wqqplkm5hY3P3/Wet/HbnyD3w0d802/RhkOEbQgbRNFwuKtnS/M0/51dT767IKX6CUFZ8s7u7LvATxJbhbApAVClL+rBDe/oz4Gc6I7uRDbK1x+0snRSEw7IDV/TC5wltSvj0o3cPZbYzW2ukcSOm/lZlRkcBe7kxwECHeoLbN1E5pRDY6REL7pF7OXan5gOL7uFE6nHBdHnrL+MRsC74D6n1TQVFKItvdNLOaPR1U+5VY3p2YMaISMn07qPVi2qVxGakrJBDAA/ArtuoTBWnhFB8b1ZvmxHB4Aoon2i0cUV4YzPClM1wpNtI60rRJ/TQ3j0oWHSRb1zX64oQgHHxNXXy1NLffmMkKQphmNLrGoeBMc1UxZKWgPSoZo/+57ONsVPZOR0kUkyl6LOwxnE=,9BUxBxskt4zX31eFcUpfoKvMjOrdUAvN4y/Fb2KDJgJWm9qjULweg+hL4RgcJe+ObGtcZOay2feR12U1otf57w==
208,2026-10-04,06:45:00,50460,2026-10-04 04:45:00Z,67 97 70 31 61 26 43 51 88 10 19 35 26 12 38 24 19 57 42 3 12 97 90 90 89 22 53 84 27 21 17 24 23 17 73 86 78 84 21 29 66 6 86 34 12 30 29 6 75 77 50 77 32 82 53 21 33 99 1 14 65 54 65 95 41 7 35 33 87 71 5 1 67 88 6 60 55 7 68 36 49 75 78 77 68 77 20 6 17 25 69 61 44 67 91 14 54 23 68 76,HnAxn15JARPHk6YgtSHpCqlmRZflK6Qfp48+q3OSoSetib0xd0pJSgeXfLO2G1reXKSFjqsmOjF6GLlDdc+G293aDoO8YogO9Z53ulfaA+ajNDQvT5nzSq6S7O8UTAGYrmf2wCdRTDTv9hZ39t7YIRh+iAsHV+dZPi8a1nXMwL7M5y+bK6rweSXe8kBrhmf/muTZpl0Kv67WVvaZY0OkS/Ipjc0SzCBV/bjW/Motx6fUPVlWaOcsyraMp4rDKTMyRYzYRHmUIIx7sZMop+PlA0LO+ilTU8vOHsVVf5ggAzxiwO4ulO6sFiJDB0KhsyblLhxQkdbRnvgoP3CflS/9gxApH2ZVyNOMDOaxjHHQtK1ShWBZ/6woQCK2+u3k1jb1WKxI+iXcG7fVs+X9+qBvUPARFQROEsaMjyMWVEjcNejFfX3D7vaOO5A8cJjDTNAlbOiSqiAVL/qQ26dEuw2odcFPRun5qGJ1LDfnRPpUV3maACK4k1hv+7SEgSNhxPiczTh/oMLc3mAefm6w+ClOSl/wFtqUGlqtLZ5wozLAS1rMzQtAh+qe3FJVvGK3t7ogHKbELdJoB+TYJbcwAwGGGnzeiYqN7Jjr/j3EBtlPbD0jtIEzrNBjcs/1H0OZzij74G8UsCG3Q0JBVtA0z9pMnTWZ/wSpqbT5ikn6IxoaOm4=,9BUxBxskt4zX31eFcUpfoKvMjOrdUAvN4y/Fb2KDJgJWm9qjULweg+hL4RgcJe+ObGtcZOay2feR12U1otf57w==
209,2026-10-04,06:50:00,50462,2026-10-04 04:50:00Z,24 52 54 61 75 33 29 82 64 17 88 37 51 91 11 19 51 9 94 95 36 52 4 47 8 43 16 54 67 19 84 1 26 17 22 90 32 77 22 50 48 27 38 99 29 71 70 33 55 17 59 97 63 6 34 21 25 64 64 3 75 71 43 74 94 45 79 15 39 37 55 74 97 37 12 96 34 97 8 77 57 43 50 92 88 41 34 41 72 64 74 58 50 2 80 25 18 60 59 47,IGuEFsHRHJutsWuO6tuA6P1qr1nPKYIOYAMa2XEYF64NeX6ZGW688QV0R9Ow60xbcTftTgTjYJE0pr/oHycRtomIAKOG7NPr9ziAeu2wADgsTOD2gsWhc+z+Ge+aIHR77eAJKtRuswdrv1pawMfmwkBjDccPhRVCg2Izxxw6Ov/X6GMpJnChibAMyVigvYltEfx+5THoFdAa6gCu2QdWUnVRY5sjVZJu5jW/f12643m1TNUbfIXLL5hO7Hrpo2YLd8glNp1L5lvKjSJxs5eJjITeUc8/H/6Rqqcp+1/bXvhYVRjKpppQtjWxfsEH/EYkIsCZSA0RFkha6tLCPAb8bVDZ07oWK9hkBH1H+HqBdlxCt9Nx37+d3Cl4GNz2UNzuadSrXAeSoAbDq04MQBAzADG3Q3jm/1jwr7Vh6M4TgrBxiD3Onq0lnDVinlw2JX1kbGBkaxdFvbM7JtaXaQeKQQHPLIAQbyk8nTKXR7+IQaIl6Y6PymEi6uf+GbvZ+9sXynUQG6A3fZElQVy5a8d8qZtW8AZ4ExWayTjVpgSD+pJb26GkT/Ivui/wjVkZeFcafKtngRYufJkLte74/5PAmEGxkkNR1V24Baf4hUm1HaMzLxIY2VnHbtF/P4lRxxVva5vo+hPeXA6MVAnIkQ6WRWaFwpGuT8kyuxv6eGKxhSw=,9BUxBxskt4zX31eFcUpfoKvMjOrdUAvN4y/Fb2KDJgJWm9qjULweg+hL4RgcJe+ObGtcZOay2feR12U1otf57w==
210,2026-10-04,06:55:00,50464,2026-10-04 04:55:00Z,89 35 71 43 68 32 81 49 78 57 39 90 2 39 89 91 81 94 41 66 25 78 17 12 45 44 34 93 52 28 77 81 62 83 9 32 62 26 73 8 82 79 48 60 22 71 26 67 54 89 74 34 99 69 10 13 71 18 62 48 81 74 35 68 20 10 79 42 23 26 1 75 53 99 33 1 35 89 73 94 71 72 51 9 90 77 49 69 51 8 60 56 54 2 64 42 32 66 82 35,HQu5EfU/bypDU6DTFsFpiIf2Dglc7fqT/lsOe2K5xqGIbT1sSTiGit1qy4umOh10HyZsQD3aWAPh6A/wlxNIS9QeVdcVMpHWY+Yf60QXKQpGCiWZinrbfkRBg4wgUBv5v9InPdJqt3SZ5dX6pw75C/Bq6kUgZuiJk4Rx7wJy+iRJzKK0PBSGpHQoFUktLU5ylf3aasADB67lBdffdgTJRywQQPCebAmX+s5LlRVN/p54bSybPTUkQ/Nh5DaoRmkjbumkh4QDcClN7aEMrZesUQSDYvj4LKQYrR6H2sKkY6bxUnKzcvFmAgzg7cQaZm24GfjDBO6x5NTi1JZJtEowrxKSpQecKGKvK0lQ0vuKcEeBQ1D/H9rY9K+cplFiPQOqHXM5MHhfGd1VnJPpx3XnttCsgjcepLVeQb3kLH0srEkfLwdBbXDdWMn4fDQ6Hcwzrkw5xkcZkecqCPr+ZcymTEPAIrIclD1RhyJ5O+o2OTEb4lYzDXZKmURdZn/qfLM5CKIM1MPtWi7aggWG6dmqJIRYzBXp85Tg4/FzixizHiDGQW420PI1cP48/ADkt7lYxorburfWtNgKH5l+mHDXehEsO6M9EUb9t1XKxjjBpkQPT53Rh1tKnEwGaxDGQlHmS4OuwbngNNsEN0dc+bZ35DdMKmfnHLP1B/E6awhmPvo=,9BUxBxskt4zX31eFcUpfoKvMjOrdUAvN4y/Fb2KDJgJWm9qjULweg+hL4RgcJe+ObGtcZOay2feR12U1otf57w==
211,2026-10-04,07:00:00,50466,2026-10-04 05:00:00Z,24 66 43 29 16 4 49 61 66 53 96 38 53 98 77 43 44 58 95 52 15 42 19 79 14 21 23 89 14 30 62 25 2 49 46 10 18 33 15 55 96 39 9 95 19 37 88 13 88 13 63 65 16 21 29 48 42 77 19 70 50 78 94 77 32 55 43 49 84 68 93 2 83 24 27 80 88 93 9 4 36 27 39 33 46 69 49 43 73 5 35 96 96 36 6 46 80 83 14 40,J9URGjWLHM69gBq2/vUClyp0jc1oKeDn2MXElquWuRiB/NyyfgsIz0AlHzeqKP0qbbAoxJU1Sihue0+uZPIj1xEcchkQH5u8m7BgA/r4CJ/n3NCzA8KZklzbvwqoY+bgasZCUA0mY3wLUBZaCD9UrBBWvcbLgZqaq+J0Exxb/XtMlndpyEV+A1TjmWqqJvsqD5nNUm+/HncS7k4k4fVuyM/HP5Ijpn0t9PfZhjHYI5GrjUViKrsYSU4ZjX4n92RWCR9OPb00PlwfezPjFvRRXreCnc2S+m6p6FYKqJ5pBIYiRWb6DXIfSNhhyR958OHKaCqHhWay6cpcAqFNdQ3K54s0wYfHMjg544xcnwRUlIy9lM+LwASH8DANTBWz2gc1Ss8Bdycjq6MJKKl89tJPzb4OJfoGCjMARPo0PekHyvSvVK25sMEvwUhoKOf5HMkoqC1/4B+Oy39At/8N75v0GcbbEpPMPs8ILO/Feiwh9XFMOoHaorNgLNfKLdZclmq9fWLJXpky+R+Wh0VY4qdA2DPKWLn1BsMBpWGMb0Kf4gtlcRW4OMa/kUlwBS++pYLtSWWW4G42ABbLcgiUI9RCVwLeG/7rCURxvODE4HSExauZfdKyfn7AVH3di0gK6UM5Bgxhz0To2Rbyrzl4/gHLqAWo1HSk38hbn4ttNqHtK3A=,9BUxBxskt4zX31eFcUpfoKvMjOrdUAvN4y/Fb2KDJgJWm9qjULweg+hL4RgcJe+ObGtcZOay2feR12U1otf57w==
212,2026-10-04,07:05:00,50468,2026-10-04 05:05:00Z,28 57 96 64 49 78 34 15 18 80 22 40 27 91 50 81 87 47 61 77 64 44 46 27 38 70 57 36 52 20 17 8 41 49 48 39 76 64 25 43 64 5 24 79 54 84 81 57 62 38 42 23 44 12 47 44 79 53 59 14 8 65 89 76 33 96 60 69 97 23 19 42 45 79 49 91 28 79 56 4 52 12 53 35 73 55 31 47 76 26 63 45 75 64 50 97 96 78 60 46,OYQD/qV17Ntxmv/eZif2c/+Jc/KFlARLIcZICVR6qp9CVHLzXEB8rwM7+4YLgLp7iZb+YyaENIHJGWRuscNCwIZrvMqRmH14RIqMR1QXKtOQqVMKyYW/zw9q5uGftfBNQ/r9cIfVLzXhBLBlvbrCzA/B/njJsvrhRNHmYyDed2VvUm1Pq5xfcUSyS5iG7OqhjukQxMFRuY8pd5avCW8J9uytFyB0dtUQk3XhsoPUL7IbFfSZDuRTSFVNlKr+ftpa7N8nUnoHJFkkuwP3HpDmg8bC6bXNcJ1EoWAl8p9YwgnFPGWnlZX0s3E2i1Orakcf2lfr57MwoL8d1X9fMuwzjvxt4M8ogGwNhhLRLfvbXUhLGB/4bp+CEAXp1WrCZYq264jnOyaj3M81G14GDs82lRYR66Mtqe35B3MLKPyYlldtb+ItTxXZHQPvRfe2ZcblCgALWQTtsL9QtXjw1GWkggrNLuE5ou+Kre7QgZfsmJu2pjG1FC5OhD+Ifp53x35nBmsUJ3wcTOyBs2phzeH+VTzSpxE4YYfUP4U/j0xXbX08RoupFmMH9bCRwvWiPLIgW02vw8OFwgdjJc4Ksr1nuKaxjAPf49hLLj6qtVuYaUDx3I83/9OVl5T9jZQEAqjo33UDj9QKlXPH7v1IWigDpkA9rhd3AdsYnd6Ptfca7dM=,9BUxBxskt4zX31eFcUpfoKvMjOrdUAvN4y/Fb2KDJgJWm9qjULweg+hL4RgcJe+ObGtcZOay2feR12U1otf57w==
213,2026-10-04,07:10:00,50470,2026-10-04 05:10:00Z,61 38 63 62 58 51 95 30 75 98 60 46 88 8 67 66 18 53 73 78 69 9 1 58 75 1 20 56 45 57 2 72 44 80 64 4 29 68 28 5 62 78 27 38 14 49 95 17 9 88 43 31 35 6 87 94 25 48 29 64 98 81 49 56 92 58 84 30 74 65 12 70 22 53 69 93 64 73 90 50 19 57 37 41 92 18 53 62 12 93 82 36 10 84 18 68 68 30 15 93,Z+q3a/SNBpDVl0BRMKy0zvg/FKeKooo2nxfO/D+S/5tukBvkZD9I648kiSm4Q5jevoJu699hRrVtEybdoCiwktUMGzTb9exKPmClv6MsF8zcC+7ZbstGhVW2dJUcnmLjfZDmbONwZ3JQigDjqQNP/ViK+N63VeF90i8KB+g3fDpx4VcHwgBayLu0xd948joarhsdlQcbiWJKM4Cupbh2Im6waPoqbgWNtFMEpAXdJYuSvlUZdaYaWA5Mab7iSOSii+F3Bp8EbPH3sncXUiB6OFsyLK0aHEWfhKbIJw11uUQeyKcsUogOh1pNVUZi6OhQgSrTWJeloVg3lyCoPgNNACL1qFaHBZKC3X5l2pWlP4RIJtkPEkCxsfN8NeKC87WltdehyROG5hZuV6vukL2M3M8NJzlCoTZfJz6QDc49QiTR0VZ78UIeaTVIosK4syuthjA1jCgBCPWBHau2VHefCTH55RyPKQjdPfMeFL7KbnrFmS5TIKPg9rtmvtjIipwpMfLTP8xf7bHDEAgVg3Bcycms/hqESp9E1IgFhRbf6nw8KOIxSxY5M4MLgjU0X9V3ra9ubYu/mzVzVCEKKw4ny/juzMfoGUtMDOhKpkdipCg0BtdCuuMWrXWk0XV1KOe8aeIFyBUSwOcIMinifyB3N1OqBRvZTrS5hTjomOQ/y24=,9BUxBxskt4zX31eFcUpfoKvMjOrdUAvN4y/Fb2KDJgJWm9qjULweg+hL4RgcJe+ObGtcZOay2feR12U1otf57w==
214,2026-10-04,07:15:00,50472,2026-10-04 05:15:00Z,2 73 88 5 71 34 30 93 37 21 87 68 78 88 28 88 79 87 37 95 20 60 100 3 35 83 63 18 9 6 14 92 19 21 77 76 28 17 51 84 85 22 97 86 65 51 76 98 85 39 51 92 80 52 60 91 60 9 39 70 43 15 57 98 26 29 55 20 55 32 73 29 26 67 26 74 15 28 53 54 69 14 3 3 32 15 9 53 69 79 10 98 90 78 4 81 77 84 32 41,AIZ665MXwocF1Vw58uV7M/ywCuwF/jAG4XcO/XLpbDNJRcE20mowvffS6TAg4BnNFFssf2JCC/2xxp4BuEokUiEpBKu37mJOjMSVIEF8Saiy5YWfvl2l0eMJd8Zrx6S4ugihoXczy4wmt5LyLssVcqMf7Iq3+kGE6IuU6NvbJNNfTQrKe7F320pMUp6kZg/XqIYAg0nOlPu6KTZDCKgl6Y2WRxJSsSXf1/9niBdnweZyz4tiPwvpFQ+QDzB41KJuEF7UzPWut6Eb8QVxSkBc0/6EtoATUtY5yL9ArWaTUkQVatJeALqLoxve56HtseLSrkTISNMGbKjlFQnjztGiInY6n++th66FjqDIIPsaOsOfv4NHOJAgF8gmq0KxAT1stiH7sjY5inW7z/BKvJ90Y9SCOWRZZEC07aifOFU3b3FM5XcpWSafUWdCmr+tpWP0vm43CWS0NsHyYtozU8yrFM32FbVvrMsxTre/QNFW/c4lTEnRg/HBfnZmsf/sEeM8m8AV1USxI/jN1irUa458Dvzs/6X8ho54V/VoaixSByrLGRmXwUlS3DLj4iuw7u0mXFIfqR0F9fBVdCIL+bdiTxbt2Sudc7JaWt0DmI+gBaxCrYl93/p83QjF7X+SIQ6Z5tzrX/8fmTPunyJZdW0rdS5sPt6UDHIlJhoMM2o8wac=,9BUxBxskt4zX31eFcUpfoKvMjOrdUAvN4y/Fb2KDJgJWm9qjULweg+hL4RgcJe+ObGtcZOay2feR12U1otf57w==
215,2026-10-04,07:20:00,50474,2026-10-04 05:20:00Z,51 81 50 68 84 71 85 33 70 45 50 17 20 90 90 49 29 37 91 71 63 17 51 50 45 92 51 69 77 54 19 39 96 25 57 20 29 19 92 26 54 60 10 35 78 3 56 46 73 2 30 84 14 68 75 90 26 62 24 79 52 75 72 25 67 38 94 62 55 22 88 58 58 47 40 20 70 9 68 90 77 27 99 57 37 11 97 26 80 25 24 9 99 80 66 64 15 67 54 13,e4PH7djuQRwgSzbPw+vAg+v90IbifDQXjnBPxx397p29np73oeF0+WfhuZgFbPDZkLvsD631eUostoPn2AoD1I/LmxCRi29IYMXJBcn0AuSYxQsEg0KqDwI+6SEAaBD1lieIWkqDEQ2CIyyOubd0uxZHZ344XNX8RrTtlHYenebAobzef0N9+GACxqh5bFb1atn09EuLRJpEvfCiWpfuznWZjXsZ8n0Vfn5MvNTEe3TjIlWg/i5jVband84pzzAQZrOX+rRgHpP6EeUT2qUxvJJsLE9LCMYQccApZnIrM9RFPtw4eEBKtr9YmKrE2bZyLaNkZEW8VNyW9Fj5IXt1LfbAFMW7ImQVYPK7bBtGuBRYBn2JDssauXef1c8p8t7qpM0dhVY/8wrVEeKXyka3QuxxbyVtz89uZndKOZzaiK/1xVKBlzfK8uv/eI6WUJASJwKQ91KQKwX4y6FJTApCHE8MM2wo9IqLfdpbM86tKpIxggvjNQbZfCsA0e7ygTBH945HQRBsf4L2YGec+CgBUwF09GFiOCLeaqOKta4cnaJWWH169C5aetU3vStpz77vnSY0UzRw7ZkN5peojRdzmLgZXRL2rkXm/0rbrD/vvkmhSzTWaIBCXWlOGjoC5N+/H3CIy4YBFCSAn6qYCANCQI1PrpSDZSe0l4u3bL7EqMA=,9BUxBxskt4zX31eFcUpfoKvMjOrdUAvN4y/Fb2KDJgJWm9qjULweg+hL4RgcJe+ObGtcZOay2feR12U1otf57w==
216,2026-10-04,07:25:00,50476,2026-10-04 05:25:00Z,92 25 62 9 37 62 83 44 38 46 32 63 92 44 35 89 13 77 52 85 54 37 9 17 34 33 12 33 17 20 76 67 98 38 29 98 11 48 32 15 36 76 83 18 88 49 47 36 72 57 13 26 96 98 38 88 26 3 50 37 61 56 32 99 95 93 49 74 3 91 11 87 75 66 90 90 28 42 92 35 24 9 7 58 56 8 92 70 91 49 35 50 19 79 97 46 83 65 39 43,hPG8NNqMPrE5jEFO61HQMF/FKVegyPEd+NBt4DV5al7uSMxpCyLV3Iwda8kEZKhnvcSe7/6HFOyFo+PtJjeVViKyPXjV7g6+M5MwyUk7vNd1HQfeiau9WbUzX4aWZcs9rNxSOKKEQDzi4sEfTxfY5WZv8EoGzNjdP/LksPT3pQo7Keb6cwzhgrLXbz7BsqZDP+/Bao7TLLvpfFj/5YYuVPgIuKCtZv729t7ELmdpkyoVyFJ3lcIosZ+F39trjiGtUTuqnSoJIVaE3xYlaKt/rM0Jv8GH/j5qIvRqDqSNcCk0qL2ayvFIighWgkGq9KTIP+EDP+8YYSfMOei8H4St+vLn2/QEA9nxbNlQyBFgauzIPsfruZV0/njNI56eY6uVn1xEClqBQiRX+aXmgCchO+spFeK56TZ3Vuh1tLhX43TT3pgLTSzmSNdOOjgmYsYt7wp7gnpDyK0kBvphizT71G6p5e2bmnMvyZxixr2BXfgw2/BmXZ7U8dUNY2HROBU8Itkyj6BOFH2UrD2IU3NMHWpGPltjt3eZYJOzNQEqOoaC+4Wnz3cqkgS9HfhMULaouwofIP+hThbtLKNykUJzoDsJODwjLAdmlupT2b4C6bdXlOzNvxaUsgJnIBWIhsKaTjOhTiXTHiwy1sQEUnI+1rDtSPbUU0hZr3M/MgqJ8SE=,9BUxBxskt4zX31eFcUpfoKvMjOrdUAvN4y/Fb2KDJgJWm9qjULweg+hL4RgcJe+ObGtcZOay2feR12U1otf57w==
217,2026-10-04,07:30:00,50478,2026-10-04 05:30:00Z,21 85 7 73 42 41 50 87 2 70 59 14 76 26 11 85 86 74 42 7 10 91 80 93 34 31 64 83 45 61 90 85 32 49 4 41 8 16 92 16 41 51 54 67 51 87 71 71 45 39 68 70 28 45 92 78 98 11 94 70 9 72 51 89 80 25 18 27 90 49 96 40 1 95 69 77 81 23 35 92 57 28 24 76 39 18 21 21 65 98 42 12 83 13 25 78 52 33 17 66,T4ZXpAlimLG9Rhnhk22Kj2uium4ywhaIiZXIrO3K3aB5mHZd5jz15p8qspFsMeE1ATdw76dBTa9kYhtOb2mkmPMwGGkUn0bo4BUP5v+ilU9+tG9GZkGRgt1E7ZNQ8yLSeyJ6/OXXv9fMAuxXm3e+uIy/0fDaUUKcpa47Uko03EYCtOE/EBvGmQwCEdyA5IdmTWW0MQStCYrquY9NQi9dH1jiRoNUgt0h8BVAySkDqQlCmK9tRqimWZwF7fV4oR8qTkSNwnIgw5AhbqrxTjDzZ16Faq/elwzPOw68JJZuuc8q/m+/yfpZ7gqg8QwpgD3PbhgRVXVp3O4OJwvjWfHX1A8RNsSP48bEMfT0VYqSVa9osuCzMGG69MlzDIedq0pT4m1N7LEjc/QMgNCc34/hs+PK4hf1L0mkFYHSqbNOZPz7Zsw3TZynbYVqjzTj0zZ1a3XiuV/SRk1dBjbUcB/WKM1553zDt+wTffA2F9LlxO9E3FBZisCAlVZNW98J8HnwRXxpa1ph00JibBMkQ8lAiZ3Vqb+o9JCoAXr4lKg6IqEQaF26cyQoaPSdtHEZrRYTJiZ+FjS9VFgN2G8tTCk0S+H9FKzBiai41bsBddsO+Ior7yTx9FRzCXs4Qbwr31xJGled2sJoaF8PTBPbHqfsRFSpmdPthUgHGgdFKodkZ4U=,9BUxBxskt4zX31eFcUpfoKvMjOrdUAvN4y/Fb2KDJgJWm9qjULweg+hL4RgcJe+ObGtcZOay2feR12U1otf57w==
218,2026-10-04,07:35:00,50480,2026-10-04 05:35:00Z,88 45 91 79 89 43 92 40 41 74 16 33 73 85 13 45 62 43 64 10 54 9 43 58 21 77 87 29 65 4 8 3 8 83 77 3 25 64 38 39 57 57 35 51 29 4 21 1 93 41 33 93 9 74 95 31 85 10 8 99 84 33 64 14 6 22 5 65 96 77 17 20 65 35 42 39 93 96 84 20 18 63 12 2 72 24 97 48 29 22 63 93 41 5 54 13 38 1 49 9,0Cll5Miovjn6oEAtjQcokIoZ7iIUdL3XwWDdGBOJU7JLkBlCuJ40465HEf4TNJFBAA5MlFbAeYdgHt6DsiftHR21QkyA+thNZ5Ee0awx49Zcfq8JicRZqJ/2DF7MaAVvQKOdVitAdLD5MryD3NBIlLoVWUVehQeu+12nrccjjcY2jAiQtRJGtS7jRfy4JAqrbD7mNiwhHkFbfM2wOAg7HgV/BXwaZ8whRZ5xKkcVOfA10/LfydyZyfuNhVzGeRWRrE4x8RKNwqXEploMYgiQlEKoQ3rM7WWdV39ySVIw3n3TLBGAkTZ3AGRJO/pBEqvsLgSmc4h5P/3qRtifAJMA1n3rW96TOkRtxztEuQwPjv1IVLVNxLRdjlCQtl/BA5Ez9Ab2EOvDNej3T3ZvYyosGgu4fx4aFvsJkD0r2A7QmNVIff1ZwA0kKE5euIcs7kCq2Qx1ZN7QwusSyfWU6Hnt1JYuvbEt/79aREinInQgZ74Rg9/VkAd+WkPjb38PeocbLoeOkqu7wxiNuMukLG8VpAE57/+fWxV2+1y5id7hb4OII677guwXT5fJLfH8U69R5bG+QOaRPWZFwaYxdKQHAqY+ZjmBntg+Eky+T/qW2qbv/KhsKNdFKuRlj5cP9jADh3P+vWelFd+M/i2/ZvimF5Raet1o4EPUqLwLrsNux8w=,9BUxBxskt4zX31eFcUpfoKvMjOrdUAvN4y/Fb2KDJgJWm9qjULweg+hL4RgcJe+ObGtcZOay2feR12U1otf57w==
219,2026-10-04,07:40:00,50482,2026-10-04 05:40:00Z,69 100 22 68 78 57 88 38 20 75 45 66 83 18 39 76 58 37 36 14 42 87 28 47 99 22 5 100 54 21 99 91 86 95 67 97 72 49 63 14 29 52 80 40 54 31 37 62 53 96 31 65 67 69 24 25 31 44 38 50 2 43 20 60 41 100 65 65 57 72 70 90 27 66 75 72 65 88 75 35 69 14 42 8 89 98 28 50 42 14 97 90 53 55 67 16 35 1 42 48,08zNIqyVs3SEtiY5Vet6Xyh6AjxH+YXAlVMgVJsUXrH47ddG096zKSuVsrpu1IFb0lMZbePcCHRUktlsVJ9gELGUMVMxJwj1evZo13E9eZTH1c1EGSF5B+Ew3r9mU7x4xDd9NYb2SLH9GauHU3yoy8pz3NMiuFmW7aJsRFCoBeHuAw1igUB5aklQk8bn6gOnCKcQwydaKYXmcVXrSlvQ/jsvDEv6sQFKTgg2b3Bjd2VD7pkX8nc3ppvRFbMeVuhDnioebcCEoqaZTX4sY+UcH6CpGYVnZv7MTKecv3m5sQf1S2kMZn90n3HUvPAvoRaRyADxh/HWNDasoqDJWE67A0kLiAmMPz4tG1ZmZveqs6NB1Qxsn4+v69UtRFV6lJNTs9yGYUqUukyAIMVc1yoAQYdDxbuDUU4Bn4O5/QtnvVayLDdPmiHPjLI3hfGsh9xd1Xx1J6hRIjrMGFRXfF0FXTdtxtnJHl/boScGykaaJqzOBx5TdaKPwbEfrlvavPKosI2T6EkYciaeFRoj1Mbs9EsoDoBcZQQ37zFVm6D0nJ5coXpV7TVO2sG4AXoLg1iubpUptbDfBBwAmoC3qHty7+79BfbJuw4nfO1oVTAVMOt3kTldpP17pby7/MDSIbOqDMAGjnmaddFMZEBj+P42fNMBf0lKKx3+xG7ajLGwSm0=,9BUxBxskt4zX31eFcUpfoKvMjOrdUAvN4y/Fb2KDJgJWm9qjULweg+hL4RgcJe+ObGtcZOay2feR12U1otf57w==
220,2026-10-04,07:45:00,50484,2026-10-04 05:45:00Z,7 50 59 100 19 69 79 23 71 42 16 43 39 89 9 26 82 79 34 16 43 87 33 82 31 34 60 72 40 66 5 99 9 97 73 22 70 31 28 48 12 2 34 83 54 74 88 86 91 99 100 13 36 8 59 43 77 53 8 9 26 18 63 90 55 80 80 72 43 28 87 34 18 29 12 64 77 65 75 100 34 19 25 70 1 40 47 5 56 24 37 93 49 47 79 58 55 52 9 48,G4PbvZiPIKUpkuuES3P9HXUxzqJ7EwY9UTl3zbqLm+iC+7hFNd7rO3FZNRj3QpaU+W9/bBRn+j9Bg/9Z3iy5GNNkw/VnUOg+Hb8Yo37T8Ewd5C8g8mi/dE6H/5GZI3+F90I9azGzvQZfkLKyufX+rJ2aizDqcs4kQ7tKQ6nQ677BT7NW/V+ChzUd8BtXO+7RqMGQASsr7O7sLMiTqs9JxSRqNKjJXJ8OLfS4HKC5L7+pdO/lXTW0PhgOWMNYwBG7kBWelHZQm8jOuSGfqZV2gCOOhBbu1BHuoyQfaU/9tB+zvRcoswaQJZxzQP9ano7a2i9+OU9nkUxP+8zlNYPwKiZnhhgedaqRrSUDzJdQcZwnuQ/tB8bafdeuU/ftljL95L2Y/RLaOLCGdDT0o3uFOzGB55rQTY99XJpAXJTy5HaUbPGRbfGjtopmVH5FXeq+pQOlLqeJeZiXKG8X+jbQM2U1+hnvGmxkivtQ1xgersvFRzo9YXfT6Raipv3ZH57nrdFKUU8XQ741gnbUQHttmL7kxLcRDdNtIgN97pLqSHiOGt3Wmam8zAUjnYRY/5/3EWRJk6JdPJWoQSO/ZSnNDHJrRd0t+uKgQmsPjAfOY/zoIXeSg8XdfqAtqofnkYElysH9JOD1aN6hfEzbhdN6Aeq+bpy132nbtQLVYL0XQNo=,9BUxBxskt4zX31eFcUpfoKvMjOrdUAvN4y/Fb2KDJgJWm9qjULweg+hL4RgcJe+ObGtcZOay2feR12U1otf57w==
221,2026-10-04,07:50:00,50486,2026-10-04 05:50:00Z,33 98 62 50 89 87 43 13 70 8 1 11 6 8 98 49 14 4 63 92 51 22 2 71 50 74 39 46 37 62 28 87 80 50 41 80 45 26 32 57 68 9 9 18 53 67 29 44 65 12 26 77 60 3 38 46 14 60 70 4 69 51 6 58 36 82 95 8 28 17 95 20 28 88 11 83 82 31 90 48 68 38 72 65 3 68 75 20 33 3 99 37 89 38 5 76 85 56 94 72,BeuCWvdGJdRVnrj5fOWEA1z5g2lqYIE4Uripz42vALAtDeWcf2C+1IelB0s7nTtgwpj6SyP6vaVGsSoODxrV1VoziF2zWh3EvEk3Un2FLK6iQO1lHQtsaDaTb5QxlVBOJoF1wa3/MqCO3zDsXGmYD+GQk64AmzoPKyhhWB7Q+ZQojSk6zhatuz7yv8RJlGXvyq5FO7siFbz8A/z8pbcoeE9vojU2o20U0CTKxwRMLi146MaqiukB/J1YeFTMsM5fT2JWkiYFgmK2NufLTqo0dkBlQ9ZGN50U4nd/K4S8jkBIj43Kbjm8OFyu4O7bGyeEiOr564YeG9CWvycpu6BIMdiYzpXC3Hfdi02ONJvtFzWZtAL4i2zN9a7Ri959L6785YnlaE35kKCblOE6edQ/nCpQLbUFgauOWfgMKwoUfhSoFyCjFgaFWZtG5JLsHth8xvGAoIyaoxbvle8TcIZ1e0tcwGJyWD3L6YZfUMCDLIcZ0VtV++owzmRZbYL9/8tAtHrGl1f5ubzp5qUdgIkP8wBexaChit3Ku8Ky5n00oXciGLfu1wp4jCf2RlCWEDIIozbeSZ9NrMKlPMGibL/fB88uSuBpeNV+YtJWR65Oqx1z0S1f43kr6DjGjTEqRnhRpIZ52Wv6zHT6cKw3e80UO0nPANrYYmSCohzD9Xz9BTk=,9BUxBxskt4zX31eFcUpfoKvMjOrdUAvN4y/Fb2KDJgJWm9qjULweg+hL4RgcJe+ObGtcZOay2feR12U1otf57w==
222,2026-10-04,07:55:00,50488,2026-10-04 05:55:00Z,96 18 79 63 17 56 56 3 83 68 49 56 18 12 82 28 27 72 6 60 72 55 39 22 36 97 84 18 84 39 17 51 41 27 88 61 90 32 5 4 69 100 99 99 53 48 79 62 86 93 10 40 24 40 63 77 58 86 32 79 13 38 79 46 12 77 51 10 96 39 38 4 97 23 2 42 89 58 11 28 85 18 64 5 48 19 52 83 24 28 23 32 57 71 49 84 45 7 65 15,aJpt8TwpRUMhWunp6MlhLWwRwEUdEDdy4r2E+X7wLXsTDyvgrhVuYEFWVe1cEswRA7R8itso6IeOSd5SS34u5YM/SckzG0ikcD6+ft8/9SrVAFRIaJzEGgzQ4rDjQWfpfiEuC3V6ML0oC/BmsTzQLO3OZrSsWbrlmXf1u84RDLG/aamN3ZAQOY7RZ3tYO7L0rs3t5rtILECBDvIltUc9wfcVHqmuNi2mBSK52XSgRHHBbr8phhXlL7LCFXjHkxmPgOpP9lgjOv+aSyEBAV1pFkb4hgoehJiusGmHIGvnkson8QPbCJhoFUf96vJfPQcApCfPDF5lu9bgsPp3+qB5JwMcE3jEhmqoW7lW1F+ONSk5GV9qzDcl6bfP1tiv8mrIK5lerttGG9ZdnRSxYwffAf13wIIgZpBZUj1AcTzKNlBAl9aYLE3f1GKo6qOrkB8ff1pJSAafmE5qIFQEalr+D8ClGhKgJyS4b9hR42EUi00nufGR/tm1JZzLDcJAhZ4dg0419O5kTig1hMVI7ylwzOMcHwW7CWeytWv0YGY6/j+4QK7u351vKqY+wIAK7D9psOnJhFK64hsxk4MnzsRf9XBN7cI+O7Xe1I3mQ058vcUeV20REC5KA+f2POjej2WkiockuSZNngMZuYlJEJw9I0c7Hmnu61VOsRiF9SdzCtI=,9BUxBxskt4zX31eFcUpfoKvMjOrdUAvN4y/Fb2KDJgJWm9qjULweg+hL4RgcJe+ObGtcZOay2feR12U1otf57w==
223,2026-10-04,08:00:00,50490,2026-10-04 06:00:00Z,58 57 3 34 40 46 15 62 71 66 21 17 49 89 29 61 10 22 78 46 8 86 1 32 37 69 45 2 49 22 57 37 95 90 40 57 45 89 30 4 85 73 59 21 62 75 93 12 90 19 35 16 96 5 94 43 63 71 87 61 90 4 66 37 58 28 42 5 85 83 9 41 33 13 37 41 90 59 19 42 40 32 86 85 60 49 8 74 79 4 55 9 32 4 75 94 66 13 77 39,rRCLGrk13cWrrfKZ/OwSnCDJR/eyHZ2oLhNc0mRMSxyRcMakdLssKFwTg8UBcEEYyBhUWhMI797rAhwYd4wPo5SVCHDvPQ0EWT1hVuTeb7gMTKAwhxGBoUwJ6E+pc08jEz4e4CelNggtY5JFwtgPKLfQ79FtWc6CZUjWC1jEGu5V9dDDUuX/vU0REusvUnDQZebPuVm4djo3QACwIyYrW5uYc0XzWIdJk3z2GnKKTK2nQ3rbzxIlSfJfxopBM3IydYI5jS7eJuRZqIn0zjNkV/yjJARER9dza2r9dnv03IFbp8qHcbbTHduhMWkBNdTKtxjEKlrjE+FovyFiu7WXVgFufbIEguuYstaQZmZE6fRCzoULrzj6Mulas7Qb8+IlAZUE3cVEayimj6LXsatz/uHcbi5/EpSaa9caEDlIVw+vkaIC6oWAcBi0oZc/YhS6OrzHtRJnUxK08f7Y4n9dXGUbSzQQByVGLXx+VEvsjZl77RxFaMlpa8Bt/sPQzinzDh8wnWdYLusd4mHGvK0YcbZW1GBmbeUaDE1nNGPETIBFT0Sg/QXgPJ4ipQK696QCAlzKuLiGShgjO9DxjOB4bLuVj34l50Qac0vn1KqouLZevDVpiL7tTfUtwPcbkGfHHYmXVE7wr/enVH5pb0gPQyIDHibHS7pugeIXn5ewmx4=,9BUxBxskt4zX31eFcUpfoKvMjOrdUAvN4y/Fb2KDJgJWm9qjULweg+hL4RgcJe+ObGtcZOay2feR12U1otf57w==
224,2026-10-04,08:05:00,50492,2026-10-04 06:05:00Z,81 48 12 3 13 55 92 18 37 32 79 15 71 72 48 47 90 47 5 87 72 10 41 48 96 18 66 51 30 29 6 87 88 53 65 30 83 67 95 22 93 71 17 87 51 67 90 19 16 83 79 81 6 40 59 81 37 74 31 29 27 84 68 33 8 34 96 98 7 93 62 22 34 95 16 45 58 88 78 71 29 24 80 91 29 37 56 31 47 1 40 53 94 20 89 53 88 36 19 90,ZkohvWBKT21ogLyv+YJPO/pRx0/4rdsGRYNinkIVCxYq+corZuk6wFHCDckyG72ayVQGybsR3zA5t+j+J8TQahWwZPmJd9EgQnOI4rpC3q395B+tgZ9jXBwKwYcbhuE/ZEIxlH7vujttiphFkwjQwQPAeoDMbpFZD/qi/bZEecOxa0eTGV4zPBxTbU5RizgfjD88zudqalccz26yVRmRsmoLnG4PRNAESC4RyJrF8h5wXotcjTnBQCUC1V1ft8alqnii/6q80hZPKRvHSqZ45pvNZ4nLu/YUZ3S3cu1CCziPYhnIdVPqUbi86kJ8b0opg4+2QUPSJzaJCBrkeo+7zY5BaxLp1YL1pHwIlkkGnHr0uQLLYwxnZLnz7S71GVcz7/Plpwqj1KhREH1f+VyAeYicSOgB31KpxYA69uBRDw8xnQB9lCVYlP0o6Q+1LRyJjWW9FZnsLq1oPT90wLGQKqrQuAUfme41GhNKY5AbAj1fV46V1g3yVPxMEBii9B1vN38XOdDEMwzNfz1AcWBIf4Eb3YKLiw61dlKYJiKnwmLKuCEjPfbQq0mTl/PIpQQ4JgAwTJR1/liS+SgbX8DFkvvHJbJtli14ANZ2ziqMWzdtomGAt5fPctnaEloTThonp2dVtwvGFmdJGddrYCxrH9m8gxJjET25tpz9h1Kgr8w=,9BUxBxskt4zX31eFcUpfoKvMjOrdUAvN4y/Fb2KDJgJWm9qjULweg+hL4RgcJe+ObGtcZOay2feR12U1otf57w==
225,2026-10-04,08:10:00,50494,2026-10-04 06:10:00Z,41 40 13 34 26 16 87 93 57 47 31 82 88 99 53 63 19 43 63 76 52 28 75 71 50 18 27 52 95 49 43 48 19 90 75 13 30 89 53 46 64 20 47 92 46 12 71 64 75 100 44 8 80 49 1 18 3 64 99 86 14 80 16 32 52 20 52 80 1 99 8 36 67 48 57 73 57 5 73 65 25 25 20 75 12 68 56 81 78 77 8 28 71 42 50 16 49 98 15 50,CvlT2ZK4Q1Iqv0lLurbvFRXtzU9qxbfLtYokHeQU+5xEJNFcHXbnhmuCLBYyy+jM8OXzAZVFDToDxnPkErVjZclxJlRzGwommO5Fr2Wpo7uX4Y04U3I0ZY230QXu2NjU8BMlSB0ok2bwuUHBgPAk4t/72Az9JSdNDAJgm110rsqMWdVwcOgDx2nYbzqeCE8INXaG4V+/2fAyEgb94RcyAhEY5zV/Z48fs/ng9Bq0Eal9fFRApVi/WhVJu8mUFB/Uws8MdmKlWvXoIum4YPFVLdSCirJjAT5W2vMd2gWHQwuJ0lvdXi0oz4gTbAVz3BwvPe86iQnL/F8kstGONv2VVaIXCbV16lBoF3F1uPaE1Qq1PDk/UxCXnvxQea1dH1QmTr6wq4VPcDIXxa+uFYSfzDMyz4ipOcxxPH0v3jJnObIJJPPeRTppwGU5JgD2g+H1YUQt2aH5jpnbtHZORQLTWdEqiwOLdfGQA35TQs+k6lhpw1S/6ckbl8JuQMvFSdPpU7N4LXKuQy9NT/hgS60LPeTpiNRPsQdhm2COrJXS0O+61nff9J4lB54jeSlF5YOrYSi6YtatMNigl4UUSaksIXZZsfTkA1ma/fP4YwyolwUUneuVJSAmXDAF4VJQi0BFJOOmKl7FR9mRAMzHnY9Gw83T7WPa2Y282mQi4in7Aso=,9BUxBxskt4zX31eFcUpfoKvMjOrdUAvN4y/Fb2KDJgJWm9qjULweg+hL4RgcJe+ObGtcZOay2feR12U1otf57w==
226,2026-10-04,08:15:00,50496,2026-10-04 06:15:00Z,8 100 46 95 29 62 36 39 14 40 84 52 85 7 76 67 100 89 88 85 17 6 88 85 41 92 78 89 5 84 62 61 67 45 69 5 34 6 57 85 94 78 60 81 41 77 21 94 23 85 10 81 93 4 13 56 37 54 68 71 68 99 3 7 90 35 50 49 29 49 79 56 72 46 56 70 7 89 71 70 68 20 31 50 62 22 77 19 64 77 21 40 65 10 86 6 95 76 63 48,jEfWBhgW7QgyczGcqmwH5rGna/2v0vo/gBOVMLJUhXSc+nK9/d0pfdkcySX2YhzH/gOPJ269TK8Cy8+WMidJk01OMwX5oQiERewd56kaER59MOFHmG+9Y+/53UfV0jV3accLLuooo1O3qZA/fTBcP52gwc6v2ss82vW9kHQpMLk8rOtTSZRm9aAGeKKkWXxK6PtXGbHoFXBYr+bxIzGR6a4RpMeDrN1DJfMZ5hCzbki0L+TQWPrZfF0LAMPcGDlJcA6CY53X0M7H1SrEEe2iQktU6Pt293ctKGyatyzGhYo7oPq+ymmGhGQJr7DK24JwKTeZxMnvLB87zIfdlt6Yc4t/Nku0qUH2E19zI25aQ7Nh+joqmksGCM/vW3o7C4YNFkg/8K2paSKAQX78nozFODbqJHK+XC4cQZZ7tEwRGodkUqi2c7LP36RuN/+1aQAhLsYJiqv4f5VYNC4nqCxnQaT7qN0LQmHEWRVq4piWjAaD10PN4KAyJphTPFK1pgo2Z4UbGcTut28VYa2C4wHpFUQIeMwsU5USCqHRbqBMkpzMIBgsOBatjrwkO6fdjaLvoVnNBtj5COkQGRm2RfW7EMd9XszaimW6p+MJrMAbJdG0piq1szGHWpdMdzT7VemxKqDlZAsUAL/aFwhgSW/wbCJ1rwDlkPPdBYc5T0Wb2IE=,9BUxBxskt4zX31eFcUpfoKvMjOrdUAvN4y/Fb2KDJgJWm9qjULweg+hL4RgcJe+ObGtcZOay2feR12U1otf57w==
227,2026-10-04,08:20:00,50498,2026-10-04 06:20:00Z,69 11 42 66 90 9 57 40 80 18 2 78 36 92 75 60 27 44 18 73 30 69 7 21 82 91 88 2 11 8 91 90 46 3 46 67 99 82 50 37 78 63 16 80 96 2 72 48 43 27 25 16 10 31 58 14 69 98 12 21 15 54 93 63 38 97 6 25 3 44 78 34 82 93 39 65 46 12 30 30 65 88 56 84 25 64 92 47 84 70 57 95 9 43 31 38 24 60 45 3,rC7KasCw1XNjTVLJHBAQn7Q2DgGWp5C1ef7Qkc5Q2tLlA8pfJCF6CN8rxJrrdB3QAiWgEmPyFeKsYOwkKfRuKQk32scBqze0E+dgPe1v3UQasB51fspQ90LZW7UxCJ9U+egRk0LQ7pEXFhRhsn69UeiwHqeCcBr2q6kb/9KkFVoMlwiCWZZUXDR9FqWtbxeHj0Tm8bnvsGt6SU3N5aNjAnS4ybqtZFYzK6XVzMvZCqobmJq8ZgZXcQX1XRAI/gZrIoYLqHIT6BTLwtyxC4b0fAW0MGU1yuojlIsgpViZhWva0Dz7368hCrUiPKE/5useDJ7F2yFrV57xhVq1ZAnp4Nr17+1DJL15hCIPYOCW3peOjxb4XTghxxEE7IJkp8kOmeN1n2cvNkXPjRXi1Sy0HKx+YHEXSvdW8wSvCRYCkCx2fQpRaXcITI+trT75ZHzMwt2E1GwtOL4mK5eitmr6FFf8C4hYBroo/9Cm3BpitZ8Ecap0d1+pEBjftqKXEDFX9qHQm69p15aIms+zqyf19wjg36HKDjfiMmBtGirdLTkllcDSM1u3m10f/Jh29AAynL3se9Aqqtz4nEGRyBU7bdTJzpVi9Rx9UZbn3dTVQ+cciWhKXPCNhKKgsYE7hRe4RZagn7XVEj+D3VU6wwpZFCWdK6iKTTimF3iAgrOj3Ss=,9BUxBxskt4zX31eFcUpfoKvMjOrdUAvN4y/Fb2KDJgJWm9qjULweg+hL4RgcJe+ObGtcZOay2feR12U1otf57w==
228,2026-10-04,08:25:00,50500,2026-10-04 06:25:00Z,55 99 69 58 32 57 6 64 53 60 1 32 56 35 9 88 5 57 31 64 49 39 12 51 34 34 38 12 58 74 41 55 22 47 69 96 19 77 64 36 61 12 2 50 93 98 14 36 76 98 44 14 28 26 8 74 26 59 97 21 55 3 60 37 56 27 7 28 42 30 73 94 6 99 54 19 96 27 92 43 96 77 26 91 35 26 4 43 68 51 70 58 32 92 100 32 53 41 13 94,zYbfRm+onG1IbwXuAZic5sItIOCgVYm/NziYvaPBUtC9fyb6fBHBOB1NEu80O3gKw3n8+g0JWyv/6I92pjYE2cUzJfHOFRuVGb2zJs4YU60YH0QGC94i08VgrkBOlE1z7Kj6GqXIQUoBAq8HGVBrQdit5Vvi0NJWltzvyAFcH+q6NCesj6TjWt/9XtOmbTEmScUVHsRlGGE3ZoNCWHUkNqip1ABnddeApjAwFbJC1QnAsfJr69fczUlv4mzHdrz+H29skucrX51+3rby+1tPL4/UluCH7DEP/lgcq5X5hfD5lSgOIU2rOsbz0qHQ/Jh1gLkiwspQ+Wjya/IbgOpoZC8bi5L3v6ySu5qHx5LHu2oVrlNe9VHvesGuvRCKy13Kr81ZieYAIWCuL5N4n8UMwF0M01yhHi+C6dKOpwp30Qr8W8DP2d8vL4fQaRg7QKhuQVuU1m6mTVf/fzwUzezCNMg4lPLG4o8PjSYNXnF2nkdQIxk5vbla+vuD/tE72eoTAegVTxLxMS1p+OtKapAZfYOndTMyYahCBXlVsxLslFLc3NPVjxoqL5n20hFt1jxSm+b/M+GdTE8c0v4uIoaG+vv8ryqg3ormhafEr03C8DgWjkgBu6Y9yxjFK93hyFXMVLlKVxOcLRPdjLHkbVYFtJ5HpWAqJKIu/NwEnidD9qI=,9BUxBxskt4zX31eFcUpfoKvMjOrdUAvN4y/Fb2KDJgJWm9qjULweg+hL4RgcJe+ObGtcZOay2feR12U1otf57w==
229,2026-10-04,08:30:00,50502,2026-10-04 06:30:00Z,88 25 39 4 32 27 15 44 84 91 72 84 28 14 92 95 93 32 50 20 76 4 71 25 87 1 33 45 78 59 43 24 44 63 76 55 81 45 59 21 61 85 100 43 39 82 75 86 75 8 8 82 81 34 10 84 3 100 36 65 2 6 72 1 23 20 75 10 77 67 78 52 23 8 33 58 45 49 35 18 48 51 12 85 5 59 94 1 65 27 91 47 70 92 38 18 24 34 17 21,VKkUO//RkMIpWKG5Oap+DEjvMS56S64cb+2pAB9szTXA6nALtkZLGiAiWV2y6oF+1kaH9xMOzFSzEs0ZxOKGuO/jA/dqmiuZJ+E+0DFIfVA8ATbRLEEhWUKj33DMf4c6dKdJ61VscJDq+2O6Dvg8992IK3pUWh9CVon3CS2+a+9yB7U2+c0nMmhI3ZyG3EvV/suYJJK+w4SMp5AJkc9/bQ0pcoR6PuBXnpBdhm4e05WJPscxTz0vAllNDn5sAEr1XCe/uDItQSypcOTPjfe6+hwMxptTdOpqr30ImezHn8cyaC3dHbnB5IssWTB07vxPSDlNrlxUgQgjnKMXMfWgzUJGmTZob9j8nkP8qatvpFTvixK5LzYiyfpQzhIPkdRKHJtFpmPrty6+j+XuTGz/5SCg+Ur8TATskSp3qHUaClsYOtOVaOQgI4KrEaCiSGI7W+wWctdgp0clv7CLvRKvyLaZ2AMNz5o4S4xyJ3hgft/53HXQCMKbw+fEmZBG4jKTotWkiDIAbCPJmyrTESOAlJjbVoHEU7CMabZ60tyqjaSQq4Xq/umUdjG94Nh6hq9qsP9JUSzpoGuoAKvfta1AvWyoX4mwVMOTth/8e5rzSaoYXJdxXWTsevNb/fljsXemfwr82pZ5t4CFDQl7NKjpwD5cjRdk1aJebMMTaghJNfo=,9BUxBxskt4zX31eFcUpfoKvMjOrdUAvN4y/Fb2KDJgJWm9qjULweg+hL4RgcJe+ObGtcZOay2feR12U1otf57w==
230,2026-10-04,08:35:00,50504,2026-10-04 06:35:00Z,3 70 13 86 45 83 97 44 20 100 80 92 65 26 31 4 17 21 13 34 56 94 5 63 59 38 21 1 93 91 37 13 12 26 38 41 11 52 95 98 41 59 22 60 51 69 57 23 28 19 85 32 11 85 4 94 93 88 14 70 50 63 71 35 10 43 23 36 63 91 49 25 2 92 41 48 4 98 96 9 80 99 7 22 86 7 92 25 50 65 7 89 12 7 56 51 14 37 73 5,nd0RaXQQ8AvBq2c504TWhMeaase3SKCW2U26L1ssAQ3+5zWmkSVClb75vGHzUoTjwLp8ccE4OXj3bzwg2F/kRHah+jzQc9eql+fn3cLsLk1BB7oTM2PanOJ0xwgIAO1OGnpVDEQS2Cth2ASlvZrXTaHA/1466RcG9RmLLx/9npuEdPNAa1f4+darSYFByQosI7hupAveA01JS9lh5JnAKVwHrJbsJSyLyF4Bx09V29X1VI3oXby5EvQGMZrk/I4caAdoA7yPC6eKw4e6LDbf1uH7y049/Ndqk7DBOCcUzcKvdalkH2WnsVzjJ/nezBOGz7xepE79emhq0Khx7q07sMMzCZVNXPBeAbhiNoq7WbDumSsf9wm0rIQkCElKhUxUheocRXDmF4kpwbspkslrznb9ebP1YeGjWpvqPmNTuEO73wQ2FSbiOy/ZUWO24XhNgOev462x0sYPqM7EQ0RkFzAdmFCHaWRKH3EDNVKesg+R2oTA61vQBLKzYeC7h0KuiVgzVF9x3/WJnLJhFYBvJ3jnfp10o2lXRGMkRu4qlkjD9wHwBICIYkbqQvjayVT7gv627qSyJNSxyEHclqpRS2lsHa4SJ30A7LbAsRb9fsOUNhqyCX6iFnJ6+WQZsAyNlHpeYrpAnEfQaKA+GdrQiY6cme9cz2tcSCCwtGmTmUU=,9BUxBxskt4zX31eFcUpfoKvMjOrdUAvN4y/Fb2KDJgJWm9qjULweg+hL4RgcJe+ObGtcZOay2feR12U1otf57w==
231,2026-10-04,08:40:00,50506,2026-10-04 06:40:00Z,12 96 18 87 69 55 84 18 36 88 69 23 59 30 11 59 38 50 57 94 8 82 75 83 34 18 93 81 5 29 98 40 95 78 38 65 98 66 19 96 55 39 37 81 7 57 37 32 71 27 84 64 10 88 43 69 44 30 55 25 43 49 15 100 5 3 47 91 16 45 7 88 63 33 58 3 28 55 28 45 47 85 50 41 44 54 90 18 70 99 40 65 49 76 79 37 66 32 72 92,Evqo1I9BntaYivBKPO4og33uFkDAt9Q9iMgn9R21whY9fhFYMNWaXRVLT+Ilh2vDDDnao1rekULrBF24cciALv732bWTmRg4Fl5ICIevBflgOjGXu4tL2iyBOwvWKwF6gfZ8SPYT+eWUKpmxJN6wB6GszgDCX0MZLb52KbEhYzSovGuPeM98nz7C5sccEVs/ZROE7m2lV/chIeIORIvFNPKwzL5PApXfFcLoEBNakSzDI0D44ASuEtjWJo91TCNW49+E52ytoyRO0C/syo8Jf9u4SvHWK6F4FBjuQDDC1/35eoRBPdY5WFlzEHbqEYkFAcERsHEFZ64l2OJNzCmp9U3XAC9yOjQbE8MmHcc0TE4FARic+GuAeUP4RZarFY36ECpPxF6qmRiQ0up+spwDDOGzBy3bT+7Pn+/wi6HwuOQLEcLcjNg1UnyMssaN6C+iTrbZZ3CmElj1GAvBLTItXTKMm+KqaqlvUyhGZc811t/dvhY4ZRb1I0/nbBu4a3tLLohiDbk+Q7JRLO/XOmMcsm6Vz3vtYMl/NMyd8G0JXBvV/vfz8ojqkUGjmfRYTXeHhEFpIaUeXjYsJllLxK2xiURH4p6eIq/F2MkbgY1vgSnHPBcV2doGZX9QkL+1c7EYgsy5NC8cXxzXzYiVIzxXIULkf8JyRbPm/rbvZAC4Lgg=,9BUxBxskt4zX31eFcUpfoKvMjOrdUAvN4y/Fb2KDJgJWm9qjULweg+hL4RgcJe+ObGtcZOay2feR12U1otf57w==
232,2026-10-04,08:45:00,50508,2026-10-04 06:45:00Z,36 77 25 16 86 78 13 5 17 46 83 1 50 93 51 42 60 34 48 92 96 81 72 68 43 60 33 6 45 87 3 51 81 26 65 79 44 25 8 38 5 80 99 77 49 76 24 52 66 57 33 30 25 30 42 17 8 8 19 95 1 36 68 71 90 61 32 70 18 88 73 29 4 8 84 24 56 47 48 46 53 85 71 55 41 42 38 78 46 80 10 75 91 57 70 2 45 29 81 4,A9hy2uVKZ8uEF5jpORAM3IRdKNqAzuPpXsANdqMEjaS+MTQMch26Wj8SE48KaVya3VfEi9RFaTrBJhl35LUgWOj56nb3JwUM9RYV+D6j9yre+AIW0hT2OZ+eZ+DSnzdolfRq5E2rMkWT1arqmmOd1eQqcjZ98WGVwvJfK5DMwu4sozZfBrvLTKrSaXHmGm/adQbJ3+cgdAA1Y+2cZT/1ChN9M/koO54/QAqiUQjtqb6UsnAGkOiMWuf14//woXC2JaVodNym9zdYEumnGfqnsszBNjVuY+UC5Ykxb2Dqczh2TXMS16e513jCKabjGayLoBnMYQQVLemtMMaEynwwQtW5oGVsZxRood4fpsdrTlKSYlTQmpojbze8kUfpFY1m1GtVypJNa7GyvkjURkLV3qFZMRJoi3OPJMjNFozCWtsQ3FfpDBvBLueyOrhJkn6UCBPz3SaN4Kp4G90hvz2ywhZsG+xze5E3UZ+5O4ZODXVJFbn5dEXURH9yGRRGWXhEmlw7SAvk36S821H2IYZ5KMo0K5AJG8lOzuEbbx3c6xZD99wsvWnMgGZ5stiRQVqAKGwnpDlWY21sqbfwlbEOt+dpCeGx+ubd2yi1vP5qvGB93zXO6BB2Mvyx4bNANoBeUaG8hz7kgsmxlZq8TM49eaihBc+17AZqVnZiHPWpWi8=,9BUxBxskt4zX31eFcUpfoKvMjOrdUAvN4y/Fb2KDJgJWm9qjULweg+hL4RgcJe+ObGtcZOay2feR12U1otf57w==
233,2026-10-04,08:50:00,50510,2026-10-04 06:50:00Z,81 92 84 6 29 53 83 82 44 99 86 96 17 34 75 85 38 29 73 63 91 17 44 75 40 96 45 58 82 73 94 85 93 41 6 34 54 36 19 42 13 28 61 64 79 18 94 48 87 35 35 52 46 44 48 92 7 64 19 47 13 96 82 23 55 80 47 25 43 12 51 90 79 59 48 30 34 74 77 20 95 16 41 55 66 33 63 34 38 93 83 48 37 62 16 13 89 47 30 17,eg0oI0wm0Xoj8iHZYWTNJ4yiWeQD/qgL6UKUBw7prADuNsKuN25Kb9DNXCB1v9m/TX5diaOc/d7MujDPIIBSJZgQJvyzwrHvDLpySKBEZPPv/IBMl1WBmUQieKCx6BPgRQq1r4zdTKo09sw9DNmTYdeN59efMRXfNd3OIn3H60oIg+pyhiZRj7STrLDESMys53lzUw++QUgOwUcgeCvxqS2+ojTnvHF0mWXnfxfs6TRps0VA2V/lIxzIhjeDuAKcIWFLkIOz25ybQCKSMQVCSv05JRapZCthSwqrRaSXMqvAKEz+wEoZsW5yVQV068kVWuxd053FWN23Ajat3/nAHCH3G70QdZNgTDP1EUWuh5ge2p8nMONeACbfuqbAiFCC8Zf1QlYv1mVPCtnp4TuA0eCGUoEw/bSlztpnZw3d1gTeakWWHEJvI8UCde/KUow/yIqdPfki1z9chul+8KVMXB77W1uB86WTt8iKPEpLyqsqjggVruNBJeB0ejGKoPW0Ao7yOtdq9UjQhOeBRHBt0bnFzhdFkSI+/SDvvC1lvDyiGlcusj6QjC8jaJZSdpWw2LLqJMCvnnwCXGs/P7agbVnrcce29ACZXizj9u/IVxp7cYu9jXcZeR+r1DJ84NNmcpOYl/4/m3vYTqM8N7IaTf8IJqMPdZq3KpReDDTLq1c=,9BUxBxskt4zX31eFcUpfoKvMjOrdUAvN4y/Fb2KDJgJWm9qjULweg+hL4RgcJe+ObGtcZOay2feR12U1otf57w==
234,2026-10-04,08:55:00,50512,2026-10-04 06:55:00Z,41 23 50 76 32 91 2 75 100 98 95 82 50 26 23 69 41 62 88 98 13 97 55 40 27 23 100 50 44 60 37 79 34 81 38 31 61 15 76 90 8 83 37 44 91 36 66 24 69 99 18 94 89 63 62 9 23 72 22 52 62 81 97 23 48 36 69 22 60 39 85 71 20 94 53 50 3 33 30 19 91 3 23 76 31 28 60 55 74 23 1 77 52 37 64 87 44 4 32 43,ZP2gnLItNk37X8S1C0z6YVaima1kLGN14S5m/YJiM65Hy2vxZrwPDb83Dr9SkQXJaOPGbbRZlO89jgjj2s/Lo2SkY1MwmkgWhUxjBAywaZ/gbn2d0Wes4d8MkmeCH8cmuuQRYjvrZvaL1pacg9QI6/+O5ReA1MFx4ogNUIqiw7Ww3z1kg19PFRjKQaHrPGDcY59PxswcOHVSkBW5lZKzbcj3fowDE4x2nrR7UlBCHVDmJ8NtTOtLeNhGVULB3SYcRiArkd93omXI9oIQQyPGgtncS8vSoJHVuA+5mAh4U0vVTf1IyGB1I2Jc6mCUNinTNyxbFgRYc8T+A0+4XDshj0PLJBb40ua3HMcbJvC2qWqbm58G4jOv7LMjFvxEFBMiyZ3UjYo16jnz/msDHeNxbLlq3c2rZvZsEcDZ0pzmAzmy049BBJQ66UdX6GwoplAjxLGYD0SeoNcYuUKxw3AADRBaTTnNCD42goOWR4PxU6eujtz0jICNrtpVc4uTWAmJva3xSrN6kVJfYUEVKhFd4oVNwgzn0XqI90JU04kh/W8/V1r7tqg+9fHKbygWLxaoHtC45oIv8J3OOP33PedIGsOkWaXZDmeLxuwmMRABmIqSXYz9fK/NYasai7hvDj69yZQR5dtDvJgjf44MM4pWsTUBkzGjW1msYdcvKxNfiFc=,9BUxBxskt4zX31eFcUpfoKvMjOrdUAvN4y/Fb2KDJgJWm9qjULweg+hL4RgcJe+ObGtcZOay2feR12U1otf57w==
235,2026-10-04,09:00:00,50514,2026-10-04 07:00:00Z,28 96 26 30 72 92 56 87 68 88 20 88 27 1 58 92 50 54 30 40 65 43 97 100 24 42 28 27 72 93 34 63 93 43 39 39 91 52 54 3 39 10 44 40 8 12 20 95 42 5 93 47 76 48 51 97 7 29 88 41 100 38 2 2 45 94 97 8 34 63 68 48 5 9 73 21 40 1 18 61 17 3 87 28 94 58 60 8 63 23 72 75 95 84 37 55 7 62 100 67,H/j3DsZZRGi8PDf6boUbxNDo11ylpWYqgqTqhvXJCs/KX3eiAHNxgfaOiBGpPIPuUflmfSYHy+ff2F3EoMXBGWiLRmjhDjj1xBgUIQO3I1mxbWzLv66ZrG32dMYN2C5wr1rKf9FmTH3jrQ7whc+wm1BKL8o0D86OD9+jceR/pkQJU45m3E0hk1ycxQGgqXwF9sHpfxZl18yIImnkK4dmsGZ6DAfkIGzhgBGpqjN0ctyF3PF++jYu0jNGV3m9BLG9m+1IK/hOCWRqsgQZhXyffvTwa0L1MrsYdmFW/GTj8NnDm/ExJ8F6yjJhD9b5YQFaoROnMOx10zf59SSs7ZlZuLUGDUGTxrESV4G18GSN90nIwkqUXFcXKOmX73767i9v782W3XcLj1TabNV6jJCkljFQluJ5m65tJt82QEFnc/KLfUxMciuj4OLdzrg7IeTb0I7hPPl3g7jGapwrD6EsTQ33qNvm9jWLd7SO700V/t7fnP4w2jVKrS9zDQft+zNgs85fCcKvpFUJR+v9kH+nVrZPcOGeMnmjGnxNnW8vj36wQfcQuJMWTaGnrqfnp3OfFHRR2aG7JYBxZ1Clg5UOunMXTsJl2ezc7d1S+49n1rC9b0+J3rkqu5nkHtw2+oWIw3cAvSkdsLbN5wD019Pz0hfpx8IgxpGRBQ9w4kN6Ff0=,9BUxBxskt4zX31eFcUpfoKvMjOrdUAvN4y/Fb2KDJgJWm9qjULweg+hL4RgcJe+ObGtcZOay2feR12U1otf57w==
236,2026-10-04,09:05:00,50516,2026-10-04 07:05:00Z,34 65 45 68 89 84 21 32 50 40 95 78 88 63 87 18 25 61 21 95 3 84 62 73 33 16 40 12 4 73 69 55 43 48 84 14 34 35 39 32 66 51 25 27 43 8 46 53 46 24 58 48 94 77 47 2 49 28 32 64 27 1 40 67 47 86 59 14 60 1 22 4 51 7 5 39 15 37 88 72 90 61 41 71 49 16 100 59 42 28 1 41 5 35 98 44 4 97 13 67,xBpDMDeqltPoDGJvaJkBOOxd7EH57qbzmhfcPostd1djpRA3tTL4DhOJMFJpf4P4EhicN/7Ct01jdlCSQoEaVua7ynLCSz9vnUuzKCMYbxn5+S8zpa1lrDCfPPc+pMWVdr9prf2/ETLaxKqr7CX1MCek969ln9RT12JnPNHiOdXog4FXcs0Oq4QbKtj2ANIpxERErSoVpfpqG1Ow69wH/73hNMNXYWVif3eQOjsHABNzfgkn6Ns9tRioLdV1M9BH+cXwsBJ7ecLtW2+Y/iKnmkXGoEiES7LFtAGKT+eePAXGgzWBF4bA8aBFTLtm/HIywnPMUihJBi3fYzilcAJy8zTVAjro2mhXoJA+5iImGvVWD7rsXXHck2otUeCPJ+3g6BiU9t4n1IdoAG3mC63er210UD8NJH/i/RlqDf1gEz9j40OAQfTTht7K5uVPt/d3pXajkcFSiNiJn7zqi0Dqr5C4k5OjBgDAiuHP6Vjfrew/5QRNURa9rpWUflzxMGp+OgHFzgbBPHTBe/l1FiBrGFm+M4DmciLxZXMmt0wbSIn9HVN9AryEfZy7iIqBtGeGwSEYOYhy6rhzMp0AmkFIvVbGg7UEDoB0go3/fGfJ4HZAL4cJrggfaRbWprz2qaLcLDSxK3XJyRV170yDA8pW6o+IKNhG5qt9aA/DDjDYG5c=,9BUxBxskt4zX31eFcUpfoKvMjOrdUAvN4y/Fb2KDJgJWm9qjULweg+hL4RgcJe+ObGtcZOay2feR12U1otf57w==
237,2026-10-04,09:10:00,50518,2026-10-04 07:10:00Z,66 70 34 94 90 74 54 8 64 89 87 9 2 68 94 49 56 36 67 18 60 3 100 51 10 36 46 83 45 42 61 64 71 3 13 53 53 52 86 90 67 60 53 66 9 84 47 87 99 4 43 74 40 60 42 59 37 93 35 23 73 83 94 19 82 95 93 64 59 38 41 30 66 22 35 11 3 86 16 39 75 38 20 91 6 80 85 51 47 44 21 37 88 89 81 70 68 49 58 81,YfgV7gE6z67/VXeCsUVUtHr5gcWCEfHdhCyRBKCSUEp/6bBdr6cQIsQdWWwV6+TWeuMbCfvg/e3XrsdtQiRyHsr8H8foNa38bmwGXUp95DQR5gTcftQOW2TJvmSmFOTJIAnxKFzlv7gkOaqO3JX3WLQbD5hEzTRxBJXh8gTaNb4/thQTU/GIPOhct1JiyTr8Qd+IQFXzehr6AX+iz8639zQXoYpkCZF76w0U+LvkozdFo46xzcv0vnjch5bME6GKnR16IsWAiYGKfBaBLqODc+7M5dEi1ObGwRQC2qQJLwPWmbFKDOdJpkxSii7SYXCJaaoE9PCcnP8KOTBPd4EyS3cjqZlECSwZZzuVAkJt3F+dyPhv9bjJ0+HMYfKLl2wQTxmUJ/8NtJOAmQwBVl9jMncSWsYjMhPkh4F9PjzgCLHwS5aa1Jq2Dc+jFPHbqpK2KUiO12LNqH7bpEbMF+r8LWrgFxK99VtTcHgb9FrwpQ+MFQvI1lxftGcx5LP1byL32YsG0xqb4oxeEXVTcxSvw9rangiP8EVkRa6/cW7Qm79ndz6mBnJiyKtbCPwtsjIK9jotzWBCpAPqY6eVAZm6Pea8jYOlRVpA1Lo8b91ZnogrLAj64+c/1OJVV1NJSyOpNs8UJ3McfKLFuqoXrG2v1unFGKq1x4ywxaYSDXOfGss=,9BUxBxskt4zX31eFcUpfoKvMjOrdUAvN4y/Fb2KDJgJWm9qjULweg+hL4RgcJe+ObGtcZOay2feR12U1otf57w==
238,2026-10-04,09:15:00,50520,2026-10-04 07:15:00Z,11 89 41 92 2 29 9 32 31 89 20 63 32 75 83 9 5 22 78 5 5 94 71 43 61 54 39 61 67 37 100 46 56 43 42 3 33 68 30 40 60 66 16 3 29 36 80 22 22 75 56 12 64 34 46 72 42 38 45 10 49 81 40 53 53 38 7 17 95 92 52 43 56 39 96 49 43 95 65 84 40 53 35 51 75 74 86 14 48 58 87 57 56 16 43 5 33 38 81 18,sknVbj7wZZt2QsiJiwiH14pZbE1VWu0vRzrOr7FTaYZG2sqNqP3tSn7VJFgWa6kG7U5PJhSMPY1WAyjTgtYYwpJWJu9+2fzi4gfDHhX/G9be+HrK7wpr0gVHrMf+O0D7mr4sFuBuVqTH4R+4RgLnuvScBQkKwCLYGvgdwuMWx0YqZR1DJWujD5mNtphWzMbLDscOs3u3ocdoAQyIDa0PcbGKiDNkK1bmMNQsm0X41MHADoWthYLC4BtYc7b51mhgHC+LB9N0Av627manGMN47Qs2SjMFbCxZAf5cG9AL8h2wvaF6UoGj5wbj5X7ak9Xxvt7YIRQJOoaRl8hpWyvxzgT2rH0F2NPMoMjK1YQAnlWG+8N9UcSAp99YvfztXsBeIQIl/lS7CrlfqtpotXbc/QReROmOn+rzyp7Nn+4O8N+AOE+oVdQbCOA5O3TogbfbsVkxgGPzgmlrUPNZGDyJ413VhycTg4YAZLrnWhfimv4X/ORiFckq6vKx9oWBqtRLS/dzgKU8mklfOQhyxzuKE//CRb9Z+Hw795yOwNSy7DCLaR4fcYW6029cz5GYWGToskA3Vs55eDjQ3sECA9OD2tfdDzvN9E9sL2X8jeIuoCdzVYHokXMvYIqmPyojTWvUXQsJKBkrtv2+mEKUSxdwGuQeTNLMYcnAnGBRTLEKamQ=,9BUxBxskt4zX31eFcUpfoKvMjOrdUAvN4y/Fb2KDJgJWm9qjULweg+hL4RgcJe+ObGtcZOay2feR12U1otf57w==
239,2026-10-04,09:20:00,50522,2026-10-04 07:20:00Z,69 37 100 59 49 28 8 85 27 48 11 89 34 5 91 82 60 31 32 39 92 97 29 28 35 14 19 61 23 44 50 4 86 39 71 57 51 59 81 89 2 27 31 80 28 77 18 23 93 3 77 93 85 96 64 73 23 64 70 30 77 64 54 40 23 71 92 97 75 32 55 75 3 20 73 29 37 99 62 51 46 68 50 17 91 64 77 84 85 8 56 15 4 54 23 36 55 76 26 48,0uL07WerWEpWWF88VqqcCybqPx4DPXIZjyi5pLmJ8n4uLSc2d2woZLF1MBTpbzIkHwLC4mggM09u6F0JVsKFiO3cmgywBpKHFKy5aMxzqtJqWK6q+IamfsH9uZ+TDm0cpwe/vPFQsKuL28hZ7LMHRWU5nZxbIuRIW+dbSnrHbDlvfOrvKUKdR9m7f891UI4z1t+5Z4PZjKFr29vI7JIh9P+ptgnAKoHoa05CGGY3YvNtrioNsHjmfIsflHtj7r4hV3rM9pnCzBirWkwEPxEfNkxy90AdUE+sGNW+wjCYVoBbUUKFKddpZP0NI/enD1ILGMW2DTneNqSnRv58abrrcSV1XljsFIRj4xzJvyfe/2nnlQIsAWoBaFerK8tnXIiscxA3ge66RxxrOZdcik/7l6Zp4YJDZUmc8Sp6iunEDQJxYk7bh0E+nFUPWh2WNBCG1uu/B4V2v6XOJQpDt5ck360Athrke78l6QFzs4v8TYXmMSBwnuFB8jN1zZyuC/Qc5rkA88mrlpkP5A1eAMVUYxetJ7dW3jxy+J4m1RQ5l9CXrh5EMPWD8JiyRL5PWYcWjjwPF5EVxFIaO7eOZhvHGKB+jEoTqSqJnQ7lYeELS3eixRwyu4zxu1xhBhKmrpCNp0yfhtiLJi7aYYhxlpeLXdmllCSV73UpLtu2ACTu3dQ=,9BUxBxskt4zX31eFcUpfoKvMjOrdUAvN4y/Fb2KDJgJWm9qjULweg+hL4RgcJe+ObGtcZOay2feR12U1otf57w==
240,2026-10-04,09:25:00,50524,2026-10-04 07:25:00Z,13 94 28 33 40 78 38 41 99 47 1 44 18 27 13 98 24 10 78 98 75 87 97 30 9 63 57 74 11 38 53 54 86 36 18 57 66 60 43 33 29 48 74 54 79 67 2 62 30 76 19 19 61 28 67 3 45 45 10 26 26 79 36 25 93 81 40 33 12 35 45 78 84 35 52 91 48 83 94 23 46 2 94 69 74 63 3 10 75 31 57 51 9 33 46 11 24 66 52 97,LH5VSUs7y6Txxxk6lgHuwG8lRDrF7AgZkoknvsvQGUX0rlgezXZOig9xV0up4WFbU/fUjkmAi6bRYEW/Wn2rQpDykdktK/r1VOariE6FVBdPo6pJD9Vl3lXRGXj2kbIm4uR25B2tbg/SaSGCCZbWpeS995DjiLdoizRX+G4CIPXHIC5g7CM8MTUGihUJJ6eNwkwC8yklicMo+gsCzb6plco7vUy7flzWtt8f6j+508dUQQI0/yC4+2jfKQoIJFNZw/DIcIzfYSjkaHUJHyULkcvfC9xTKDpWa02azad9rtbrXNl7d47HMEm54G8GgEllqcgsu1uQ3hl1us26EEKvma+zn/9ZteCqwOF8AnDPr8xdSQkvrYZ2L7SlT/wKg9I67jDewaW7Q8Zy3lBwxvGMr9wNyi67cUh/IivLG5F1COrN367c3rvVAHau2c7ZxRKT/5UUK+9iF+3/xq0ffkdaeD/MqbLPjOse+JOlK3Xh/I4P14ITFfJFB1YL97F5QrX1tMamPmsEge61i8iUCgGBsMQILeza6+UZQytbM9vFgZNMxqr6CsyHpNm5OZCAQ25fLrsThnONiiB1wMkYNCQ7W/7vJAsh/Prpp+G1PAj+r4wjcSam9ql96ZyZLiMneWfUhcMWlAiM7NcyYbNugxS8SERjPr1eIkdLGmh50KkPRqs=,9BUxBxskt4zX31eFcUpfoKvMjOrdUAvN4y/Fb2KDJgJWm9qjULweg+hL4RgcJe+ObGtcZOay2feR12U1otf57w==
241,2026-10-04,09:30:00,50526,2026-10-04 07:30:00Z,47 54 32 78 42 39 5 33 62 51 14 10 37 73 25 86 41 25 88 75 94 93 78 69 27 32 71 36 63 4 78 67 66 6 50 69 78 73 7 37 37 50 25 5 19 67 1 4 2 51 73 28 3 23 80 13 10 70 57 59 79 33 75 17 99 43 4 80 29 3 39 7 40 58 18 98 41 48 45 39 23 19 44 70 52 80 72 99 41 21 51 13 37 26 56 73 94 81 77 12,myovO06zIkAfzHDKnAOY42BvxSu5PVt0yRSg1xMoNUTSCXBz6di2VBR+Vy1r3fdB42uY+yVGVCz6Vqru9EBxRG6wevANOOeIgvBf0X6Rscwnwas1gjxxyC4P2iI87N05KySMsAmj7ywIv+ju9MW8D3mYddN3mMPVqY4ZR99HCPDqQgJB4wXNXlRbec0XiM3h4Zh2EX9+DbSNjxr1fzh0g9z3Ibk3Px66yEDq667FlHhQgFy8G96Yr8hsguRUuDh9KtQpFQPFGk/sz3i/4O8UByGJTQnuWt2uWve3iOVlreFE07Gu/mnybpuFs+YCjwk0beOUhvfZbFcsrVyc4NDhKTu2bjCU2W+4fqMx1aAPSXFUvI/ynKOQ83S/LTo7bdghQzMpQlp0UqUaWyjzXoYkqQW9ID4yJY/1yZ/AlQLepNtEk2uPKw2GhQIvHJGK4ymygP2YE5Ef7Nu15BuDR9dlfUQEQhsLGQcWwu+lfPWpjkwB/onGTA6DcA4IWqRLL51ZdVbvOYZibgoyU/nmPjaCv++qttHF3tZIk+Ye6tFGfT26MdSlCkjWYkDqPJ80LOEmjtP+nvv+GscI6STekeg41W02h+dTYnKac4660qNbJmBuUrEmEbqq62AVDaIcyWkU4SozkKbCpr10G1Fh0Xoxe8wRReNAMQop3wqsrorqlqI=,9BUxBxskt4zX31eFcUpfoKvMjOrdUAvN4y/Fb2KDJgJWm9qjULweg+hL4RgcJe+ObGtcZOay2feR12U1otf57w==
242,2026-10-04,09:35:00,50528,2026-10-04 07:35:00Z,1 12 55 57 40 99 88 16 58 46 60 86 10 99 64 40 29 25 60 81 36 60 69 89 20 45 65 38 21 49 27 45 61 98 18 43 23 70 94 77 39 56 3 83 19 19 82 79 19 48 84 46 39 48 63 67 18 54 88 100 48 34 56 25 63 67 67 77 84 35 43 30 28 33 95 97 18 9 52 61 8 91 29 70 50 13 60 47 54 64 8 49 77 86 1 74 27 71 4 26,jIwq3KPP/zQxJ7iLSWjdYrLcuVuZRhINnhs2zTERyauTo8lA3fXLjsrEoxqj4wO0+Y9SZ4ag40JZH8sRnasKGc1NoXTWOmm2s8KVop43cxl+UKr+zdLg7uP2r1NJixKJSPcHKSCYZSSIXZGRcLvreCSmLSrx7M+ANmYa8PyUUOlmAPghWz1jGKBh9Tmnc4po0iAIE/q0GSXJPV1frv0uy1M4RwFf82UkkxKl8IkaqyQE2ZxgwA2vM0pGiDOoxbabtd4MbQF3CO36r42pMwCdXbXOOlUE71x0gU1EBW6kAXyJuDGZ32oYVylgmgdad5IlRmQxm0uXysqtr5MdCHAruPqTRLn7ViZGNAbEl6asDaEQNiHiKpPFRZFedYc1dA7km2mb4jPhqr0e5SBVp5pSvX+CfLEZiJ+CeQaYrCPiRKCLPRqlYxMv3dYjE5ZauvOUXSVhUmkupkKelU4te1sovh2LDo2Fjro7Y2dpEswYdR2wMjof/iDY4+WUTLJJ5jwo5UR5K2OC9EIGvpPDXA7p31yCFkbu8WzbzXvHWdEd7aTnU8MA4ry/pim+8w2uNC2B1aXfDc0+P4ucsFONs2zQZZULPOIFJjrq4YlN3alDgyMBGu+uGv5fT3HbBlXaQooMQIxyl90a42rPBkLnqIH2JpsAXtqZi0C5M/Jd4i94rn4=,9BUxBxskt4zX31eFcUpfoKvMjOrdUAvN4y/Fb2KDJgJWm9qjULweg+hL4RgcJe+ObGtcZOay2feR12U1otf57w==
243,2026-10-04,09:40:00,50530,2026-10-04 07:40:00Z,60 47 20 72 62 12 74 32 42 3 31 9 7 60 57 21 88 22 71 38 55 56 60 71 58 64 14 69 83 95 83 74 10 28 80 25 33 7 7 12 7 3 8 71 4 87 70 11 62 37 20 58 86 48 15 20 68 11 25 66 55 17 89 25 45 50 25 36 81 22 68 36 27 57 99 18 29 63 38 32 88 99 25 57 95 50 55 52 63 10 60 53 36 14 34 60 79 88 55 23,nm9HuZYi79vXR7TtyX5RrNQxeMrpLK6sr/B7SXoCVjmC5qd+aWA818eNt3mK7qb7jxTy8jmjARH4X4m2urs6eDJsAIUm40KdGM9uPeiGTZoMf/fq6wW1odWXBh+c99w5Nni0fzMOxjzf6q9QDOtMXSdxCv0xKkhPTVQuXSEEi7GVQZQJ8Y8/mfrS0SaaLo6mjikHhv+2MQ2LJb2c2ShCN0ECRSQHMCoUznESwmhqZC9cNArCox00qs7tAz2spxEzeIG3sZ38xifYAn92by8iGmqmeGjFJGK7YMxF4WJU0RxfZNKumx+n39wZojk5p8qYFCOu1XonqD5VBYSqcbNgI4AcLqn1cXpmNpAPHIKtZTZVlU/cO8FD1CI+jUclEpgx9IvYPxUVFovgOX1vYV1E5Nv4Orj5mMiW0NdFNrP7x6aVOHBRjktlW8f0mcqFRHPaS1s9GfsX4egF5NvT5m5RstYfRc0BfCZE65uuJRKdEPXk3Wk/C7Ve1JUXBKD+gsT8mZJ3h2dXowCGd6nYSoEYm89g9VDkHZQalQYxl4h7bgZk+OHGCH6+anoQaZI/EhZ4WTID49hRrbvCT/GEzPHGa09ttdKFE9OqKBn5eoIwfmUDuhDXTaUuwHgkpuNmKMqBWowm0AUjhdla7CWYNvoyBQ2xMdS57CBTbviq6rEXuGE=,9BUxBxskt4zX31eFcUpfoKvMjOrdUAvN4y/Fb2KDJgJWm9qjULweg+hL4RgcJe+ObGtcZOay2feR12U1otf57w==
244,2026-10-04,09:45:00,50532,2026-10-04 07:45:00Z,4 76 9 12 16 59 100 54 62 67 22 30 64 27 53 25 72 60 66 26 22 60 87 29 75 39 30 87 91 78 61 13 87 3 98 2 13 66 36 90 50 45 1 97 1 59 23 85 23 100 29 13 59 65 37 61 18 36 85 22 66 7 52 86 29 26 9 46 67 62 100 38 84 7 20 92 99 4 33 82 45 87 15 49 16 6 83 59 42 9 12 79 3 96 14 67 19 68 39 24,A+ppfo+eIdA97eaMDBawu0IWPF1+LdM1emnA1vd0/MopqEuMKEIasBQuLbiRFcbN0DilgBw6uzWJ7uCVZw7jHx5djsPULiovkBksSUlHLu3Lcv3uBCU1GwKdVbGDtb6TBVudTF7h/Y3udK1fFjA2EV7ilk/qKhJAZ+B7oQtdu5f8AY1p1Kh9bPLj92+MGu9CoGXL1eOG7gzOY7ewT5EEGNo83w9w4MXYzODFbqbZlwnCwQmAD8eSRHYzytBcMsUAxCDvr1fVCyBCur7BepSrKDPE91/DNXmShc3eDXDay3D+C1UbAA0LwCIauQnqRuTCprkLJ11R1Y9mgvV82MeSYmiRAee4OfF9c7it46CNahIBLREFIkxNEq1vUT/4doNQ3G+y67wLfzZOmZH1mACBG+rK1FqvFWu8YTz/N8wPazKJA+XLCQ0EiL4jD+K2GsiA3OufptXvkoUanHtugL/SF/AH3QQFzD9OpWIyaRJlmKDxa522AsPLIDrjoKfTetnQ1hhss7mrK1llKNktUjuHmqGxMsBoqNWYCSwTJLiODxAlLjvUDd67gYuAgA1LQZGihwFc656gIUrJvoQBwK8djnWBH1LEfGi/WhcTXzVhMeHfof+6b53y/ZMav4UptI6K9ppqfhPm0luT3FHnFQ72yzJMY5fC5Uh78T0UD3Lj0G8=,9BUxBxskt4zX31eFcUpfoKvMjOrdUAvN4y/Fb2KDJgJWm9qjULweg+hL4RgcJe+ObGtcZOay2feR12U1otf57w==
245,2026-10-04,09:50:00,50534,2026-10-04 07:50:00Z,34 46 83 97 30 36 89 77 92 65 31 42 63 78 95 75 88 66 1 42 8 41 13 74 74 67 25 70 50 81 82 47 39 23 86 45 26 75 81 7 39 93 11 33 41 73 90 86 54 24 33 54 1 88 77 50 99 92 91 73 39 23 74 41 18 72 17 32 30 15 19 16 57 8 44 16 67 58 54 7 9 30 10 95 7 79 85 79 81 4 59 51 56 4 48 23 81 66 8 100,WeJV5YVHiHBkfM7itCw3KpWLWjLtMnZUnl9T/BvlRLqgL1QOj1LNKNvJpWSV7xyuDfdIRugjiemaMUxGsUQcYNqAFAWO0iJSQ5A1V+aoldkr9EzkoEHg8LLMgCOTYsuNOlLfBZU6kUlPSYkIVvYTIqc1atBUxtAdpdyK991FUUJ9gqbQRCwiAKyLQ6EJ+XI8LcUjy3Fujn9SJSD2/7gfyVXSUGjdqpSsfnlx9dJiSYGUB3f50QtBMc+0axf58ZOATRfLbJVe/Ri+XMewMwjWl/byY3ct7TxDlhR4Nt4lkZ3oJjdU5/IdKFsg31W9JYyVYBTkLbkkCjnUMFtFqyBdv4905LjptJD15340+XVQ8Lz3OLsbeZIljGXu4sG3t6m5jTA2mv2QygEnSZkPLIvD2GBP+Nx7wdKTQ8sMmkbrco0snIHKdsDk+j0n7/CetNjP6VSqRviL1g7BKeeiJ0n2E+vkMWF9MreaBWsDM7RgnYhmLbH0eQK5E2Zjs/eYbeheYIKUJlCReDdUSAruHDbCISuIH+Hf6vUDou7oTfDredXLI8zoG1mYzwW3YEmdgLQKA0yj343pBC588kl+UHJ10VxdeMIsaJLJem6RUoD/G6LsDvGzc8FXxY+Mv758/dHG5CAz1gXd+CICU1MQFwifjyrX9G2O6vmgkZtxzW3TEL0=,9BUxBxskt4zX31eFcUpfoKvMjOrdUAvN4y/Fb2KDJgJWm9qjULweg+hL4RgcJe+ObGtcZOay2feR12U1otf57w==
246,2026-10-04,09:55:00,50536,2026-10-04 07:55:00Z,41 100 70 73 46 91 95 89 84 19 37 77 54 2 3 68 92 24 47 32 33 81 88 97 25 98 63 35 60 26 81 51 73 48 34 10 43 91 24 84 34 44 20 18 77 40 63 34 78 14 14 33 60 3 77 66 68 41 33 68 24 79 59 80 13 41 50 81 74 32 75 81 30 43 92 84 95 36 2 26 66 76 77 26 71 3 41 51 68 98 99 10 32 10 53 87 19 76 12 43,FfOtzeNUyyMQleNjppOJqKbdasLdiro1aSKqZ0tt6n5acjdYmoFopSuNCECOiexVtMKw6HgnU83aDSOdkbLM0JRw47GZJAC1ZwsL6U02O8wpX2iQbEDQs5FcF+Vljr2Qsk6fN/3maMY5QpnfEEImDR3X2VbukX2Zq6OfhPVfDEj5zdBPCGzUFbo/8JHduBdA+0H9k13rtwiwHhixx8d6Q3MxUKiNjK93F5x+5uaynfqJAArXIDTXlWA5Vut5jrUwW7+klgXp3pnN2YoSNnJOZixZ2Q4STj41khalPztdz3PaL0BnKaG47U17FBB8Q3kVXF6E/nmRkQQGGQ8+jKaNKuJfXcdzkNJWNmEh1R9Iw1E917s33puVgC6V5enfecB18f94K5sFbX7YTXbBsvg4PHYdabbuusOeTkJXNB456xFo1UMgGpF2NxBfglG0tO9+yU6ipLRMgQ0nUOIffnsPQ7fNQuMSt8uq27qsgKy8afHE9zufHTujiIV6tMnhgBJ/VXu8AAiFhQrpufVdCfS0oLOyxGgd9iXEj6YdfEfg7wqX+PsbVDGHYmPYhtIHZ1A/+7VHEOBsT4uTMR+FB4uT2094itbQezNu3aEeSsTtF/O1u1Oe4rU75f9DGrBO1qAQiArpB34g2XFZin3UBqiAv9EzigVekijLB60ZgGsuKZ8=,9BUxBxskt4zX31eFcUpfoKvMjOrdUAvN4y/Fb2KDJgJWm9qjULweg+hL4RgcJe+ObGtcZOay2feR12U1otf57w==
247,2026-10-04,10:00:00,50538,2026-10-04 08:00:00Z,58 68 65 14 3 6 22 73 56 41 31 61 19 24 40 44 98 68 89 87 70 51 19 33 82 10 5 3 9 4 11 52 1 92 76 61 74 9 63 29 67 39 48 38 35 55 72 35 34 61 66 35 75 21 84 83 48 10 28 76 70 39 52 11 59 3 82 91 55 39 14 53 96 60 34 83 88 83 40 37 36 80 44 23 67 96 67 5 62 32 81 52 82 42 53 87 23 35 99 82,RFBMuIgU61PUH/P11Qhot3OojaoEaw5it8CcxwzYsj9GD2a99p7ewPJQkSdi1sIn3ipBAVK6HlUicnJiyhspDJcJGXwy9rBIKaVvZb8+ECSHSxRGeUh7pjyyitpxHVxuWsOgeZ92xyOa9FLhHuo98QpderwF6xZe9Q+fOFd7ZDacvSgprazCRYXrP1/gmAnTHZzUWixUmdIWSXEcW5N221eavwvhLjWaV7WTYPl0DfT2o1HuTEgyJeQV+vRdwIJVCcgi4ecgW8JgPrCunkWaWtosbZdjsF5iGXufV779zPYOiewhnknHFTPYvoC6Qekk3I0pors408TlTZfkfKJPq/JQ/AfomfoZCUXIY6rMnSAEU4SRlZU+a5SmdTSQf7nmayu1McuLzO5f38f8uiAc8btWbhgGZDV5G8WWklw7MzaGeldXUQH1GyM0d41+cru0JtNU/Jdlmng0d4mZrWQjxq4X9x3luzaJUj/q59i18Iw1FLkaJ3/+yve5z3VdPfU4RdkZoH3XwByDtr0mPJQDiWvDcxH/t2XmqdMDAfVfUBkevkRW2R6vCZbgAuF2uOSgLiELHNFS94qfWJjxfM2qmYloEKtz3wXO34tUs114fuuhS6Kw64MtZcTkT2ZYQuqrhk+9JcyjmMRsf2c1wZEBQc2PaOWGFIOjxshRsF1BXUw=,9BUxBxskt4zX31eFcUpfoKvMjOrdUAvN4y/Fb2KDJgJWm9qjULweg+hL4RgcJe+ObGtcZOay2feR12U1otf57w==
248,2026-10-04,10:08:00,50540,2026-10-04 08:08:00Z,26 12 40 37 63 32 16 36 61 20 27 78 19 42 70 53 36 33 92 86 95 57 91 18 32 15 31 8 89 42 78 44 54 53 68 84 6 26 79 64 7 5 20 58 94 31 96 47 60 67 80 7 2 55 44 34 61 23 21 99 81 52 42 71 46 2 24 18 57 61 28 26 16 77 14 59 47 98 49 34 9 69 75 96 11 34 49 23 25 74 83 91 10 34 44 87 26 93 42 39,ukcXUUDuC4XMDV1rjKMr9NFyjz9uykNECv2KgQtd5BgDFrO6d2F00ueLV1Kb3h4cybw3x9uAFT4Hu/dvn7mh7BF/4hEzJEQ8X8LVlyFA+qfIYYfUxmMUsZ62IXFT62ya41dVapg6xv1OI5whvCaTRytQQ9QRF8mMRynZo4l7JH9hItEMvloRn18dT4oE0NlsHj+pRwIFeijOnhCsfdOsb371bThPls+dky+VbrAtO9APhTYTvhNSgJYH1+qEaK7rqGdXsnHEQxM4GHnaZFjHyuq5y6/DdQN73ct2MrbMMjknAB+vb9nnstaOFNEGPW9a7t5VbJcvYkRQzP7Qfkszm5mLgdDN/b9dw1PwgXaprOed4g9AENyTCNufCjmZucPQi8W2n4eSY5XzAKtUiWvqxCWGkqIQ0guk9hLr/GA2joh+7qEosbYKaMenpr89xLCf3EYo+D9YoZugN1H468xbmAyZRTIEHWXEHTF14ClGr3Ffct6qD3krzwg4PLK4FMKPT42PzlDlwAPSVPiei6AuCK7o5QjkbZwuXQd6BeyXtLVZMlrvPAMSw2sXoUVr4dD8Hkn34Tdmgbzrng76wKbDAsNevXxp2sYHBwatMdggCXSz6qJpINji6zNfLeUEGNLQDgqK0eNsGfnJVlmHTra3ekm7Ivdz6Z1lMm3CYESSgGI=,9BUxBxskt4zX31eFcUpfoKvMjOrdUAvN4y/Fb2KDJgJWm9qjULweg+hL4RgcJe+ObGtcZOay2feR12U1otf57w==
249,2026-10-04,10:16:00,50543,2026-10-04 08:16:00Z,20 62 27 94 79 26 28 81 24 26 64 98 41 46 6 82 21 79 84 85 15 81 8 69 68 70 21 94 65 64 43 1 21 46 88 93 80 49 92 48 98 1 55 72 66 89 83 80 9 16 58 39 36 8 12 34 9 7 95 2 99 2 99 63 83 19 10 3 68 97 93 95 99 13 44 9 71 97 98 52 58 11 41 10 75 96 78 67 28 65 23 34 60 44 28 26 91 12 73 18,E3SUpMaiubsDIsxd5QLAyUNoNvo2mAheDvlvolNXLBmBCY3+8Wzz32HvvFpwCK7zCntAavMBgBhmmxioKYmex3rUSPoeZuuf01IUbJ4qmJkh4J/pkLypKf7WJ8n0kSzZ4m5wktl5Z/c/DTLS0S35aPr/soZIZbEB44+xJTvns6a8o3WUpQKNXtqZa8O+Qy8OnfBrfDEoPdPtIoOLEmZ/rV1GGMxXo0N/ZlXhc5EIJEchd+nyoKMeU5zykHEsmrq/qvTvIOk0hLkHvf+Hp46Gu3xBJRMih6pFAX/IokSt5urTvOJZR9PHj/Fj++mMefrIXPA+rt2D5GTjtGT3riVv5wT+KJo6KDTekzNrKU2xSfWV/wiEWcqtXzMhzkGQdiZDvRY6Jp9ESZwjlYJTyXRq8OZCSnqU6c8Mog0C6Q9loY+VJwIUV/C+ThYhfJyu3xu3/Dp5Iu9HXwbfBJLma8f1TDNwEyIp9fS2UfGPKCfi5pejpZfnBgvuY/f1n4sRfwNNi1Utk3dsj+J5/I9SL6Z/we/xjddpRmm76fJ8kY2E0ycLJ1HgfKqeQs9ZtZcDS7ZMOsie5GBsflOVVN0eQR97pOwHLkzpqdfuwza7Xwz8LiS+tNCyctO22ooBzuG0GZB0CaYXvE5CegDTTZGR10UrSFzn/kHkqmKFcVSMKrp5xiU=,9BUxBxskt4zX31eFcUpfoKvMjOrdUAvN4y/Fb2KDJgJWm9qjULweg+hL4RgcJe+ObGtcZOay2feR12U1otf57w==
250,2026-10-04,10:24:00,50546,2026-10-04 08:24:00Z,15 3 8 25 68 94 14 45 73 49 82 78 18 84 66 60 41 74 31 40 36 62 29 40 37 58 49 68 49 44 83 82 56 23 76 89 64 92 92 86 38 37 16 69 53 99 34 70 39 81 76 14 40 18 1 41 49 18 59 75 41 38 12 44 74 11 70 5 89 45 94 27 28 4 61 31 73 33 62 65 11 19 60 61 19 44 78 56 98 72 69 49 28 17 63 27 2 77 17 70,zMDY8AP/Z8U1L6OXaeQAUvQIybiZlNLi+bpBLHOadaDntVGwsR6oSodKlx/CA2xkHlEqNBM2WBPxLrzs66wHJlB2QqbbSw2B1fY2htBHvXbo0HRXEyERP9UsCVb8F2uWvtPpx7VsQmibSAicCg1OIe9Jx9ruecMwDxBaClYhMB+y4R/OD08zYcY4PFYJPXkHn1DeKQawQwQW8OR4/QK/u6voafhGZ46OebaV+fpSDrt4Z2gHuuWVDoyJYTe1rM/ov4VpnGDVupqYHIhLh65yn4eX6ICk1sJZs3R9MHju1vSPlWKaNsUbfaFkTwrwOb/YsKypHTm4Bhw3eu5BX2gH/qdV/Et8Q4PmF/Cx3ZTWST4ZegXLNabbVdTZ2ZbFG8k3aH1SCsUCn9KBTs7lPLfM5LPaxGN0gGddN84dIdhJkbgz9Mvr2p4ca2bUW7qS+UROLh3oPHMCwrvO2O34J8Vt5ryuXYWKBCeA0p0syVHAx+VUZV0WAs1zydWU/Lza+PWsHTbkE3gfJI0iGyqgi72GPZHDF2P2Bcbs4eg8ZtB+cXoJxYMwfumDqOwIZY0zmWm+wPHukDoBcRpXu0JLZk7vpvZFBby4rACUTtq6PxCp/1C3W9MCf+s8ulUJjcs5O/klxiLpw5NK5+bB01HsUUktnk/BZM8oQvRQTCgUemHf9nA=,9BUxBxskt4zX31eFcUpfoKvMjOrdUAvN4y/Fb2KDJgJWm9qjULweg+hL4RgcJe+ObGtcZOay2feR12U1otf57w==
251,2026-10-04,10:32:00,50548,2026-10-04 08:32:00Z,19 17 16 99 6 58 84 75 7 59 80 80 93 33 13 67 22 36 81 12 83 13 16 81 57 4 72 49 9 75 49 35 48 89 16 6 69 90 16 82 68 21 71 25 76 22 31 17 41 46 91 94 49 14 97 82 86 68 11 99 55 91 100 34 41 97 16 91 89 23 64 88 86 4 24 47 79 73 45 55 74 89 45 28 12 66 37 28 30 99 98 67 72 24 10 41 17 5 75 3,LT5ccsyEpuFBVm/OPCd4taINeJmn8tMrgc7wyA7Umvbb7ueDtQbvwwofxCksyQGyskJZMm6K4mpmuoHD4BbuUSNmagQk6FYT8NBTaWxTEMAC1ErOKVm5gRHiyBvOJrYgGLMTlnL9vSy0opdWK34dOlyzFgw+MVvoS5V0lOgZv5L4iPwZzrGyTNojXClTcKh6wBt8omoc/FPOF5/87kB1eu8VIdlR59oHODHg9Dwc3eTXNIXWo6jRfonPhxt+zER7h0l1h16TN7LfabIfZu3H4q84Z3FzfLJgVN/SwWD6X+5da5xQewj60w0hnubr/BC23izDVsxGAY4H09+fppnWce24HN+OIF9EisjAcT7ts2nOxpv59EYoqBqfB+6ugzYPjmBh6GdiHIyYjpo8n84xdcW9gL60XLJ3mmgCCWfCzpkTjz5uJxongwCOKSLp97ryeu/an/vYqIf/sGPcxlqYv6XY4t2fNkzgdB36GX1WDRV+NKiUZPfjQHfeS74Ujba+1hTzDw/mAgg7/FGNT7QOx+vjl2eVscLvArMD82CEBp+dO37/myyINgF72E5RnKXgfejfVZi8B4fdg0kDFLc2/mm23efrjn4TcE4yHSX2grZ04yRozhGb1f+m0UoN3jaoZOVUDiOPok4ZQb4eLWo0Py6j+FwaGv7bVwX+e39Rg2E=,9BUxBxskt4zX31eFcUpfoKvMjOrdUAvN4y/Fb2KDJgJWm9qjULweg+hL4RgcJe+ObGtcZOay2feR12U1otf57w==
252,2026-10-04,10:40:00,50551,2026-10-04 08:40:00Z,81 35 56 68 46 34 91 57 95 50 61 55 59 86 49 78 69 71 87 19 11 54 66 31 92 47 53 18 76 68 44 41 18 66 58 80 21 46 19 40 19 55 57 15 65 66 85 33 18 32 45 73 82 71 66 34 16 73 60 7 35 4 57 13 68 75 58 8 66 36 23 37 19 3 67 44 35 88 32 68 58 99 83 28 54 47 34 77 45 36 81 22 83 29 41 7 54 35 18 89,LPDKD51cFZU9iJpAx8f6THxtPNnnaqvxV5geo3pBBf70zT2wnRm2wHwsPm2HR8KBLgQHXj2Urb6PnSRubUHB7tZVzC5Aciup+l6U5GX9Wkiooo+r7n7qATqwyptP6j72LwzUbKLkIY2rXRDRH0DwYIuPyTTS8L4Swt7XVBcdoCrs/BNI8QoJgPChKEYcm9YmnV99JBtk6XXZQgOqqKGCOGyyxCPOX8N8Un+iirzIZE++PrhdZDx6JTjjY7Iwkfgq7NJ+v3YejoDYBRGQjIr2Qcpr8LvW4qWzV8plG6EIK0XVDgvCet5LsijMPhgPUqmyv5BJ0y3mgjKN7pPsdJcWv/cvO9YIaxvo5GhZyIiznhOB2QGiNQMGqLPhLxftG/oamUjXqs8Mcw9E8xEMZ/nF0Q7bjhwLG6UFvKX5cfYo+L4gtdNn/PIVoVP3kotDcJZZJ86yzNoQB42Jb1YaaI6ZuhWviHPOMteMH8MyxDacYCNnX5PKuA2DN6Pk4GduwJaFHSQKzXeuNHup3jsqhcMJOLWxk4FTsaN1IIwmOOsxmSbFUjzfhNhnH6jn2gn37hQ10FVMKrLm0lVncL1SMTozaj77JeQwMagZkqVW49ZgLBwXaOBGlSQWJUc+KVybnD5N6FvD4VQe7NALCHqch8nSYNqkbqVR6DXlW1OntdDs1No=,9BUxBxskt4zX31eFcUpfoKvMjOrdUAvN4y/Fb2KDJgJWm9qjULweg+hL4RgcJe+ObGtcZOay2feR12U1otf57w==
253,2026-10-04,10:48:00,50553,2026-10-04 08:48:00Z,21 69 55 23 55 8 77 46 9 29 28 90 69 9 88 67 16 89 1 97 89 86 88 9 45 75 85 63 38 87 56 42 13 15 26 51 18 3 46 19 12 100 94 22 63 44 54 50 85 4 43 48 94 24 97 65 41 59 3 22 93 42 88 96 25 95 35 8 50 37 62 25 87 66 53 42 50 41 16 86 54 16 83 19 28 50 2 7 55 87 89 7 39 27 62 5 64 28 25 3,x2TFLtOcBccA1CiiWg19whvuBJq92b6nEetmhgh67+ehI5kRYxjelNF1dHG3L9mePrbXljZGf4iSxbiseCsjckDqHVj/FB7QVUnO9uB7K+fZFSqwvmFrR7W9nha9uY55Ryjsyrt44ycacDj9b3QRYfoxw0yY9BJlmqeZUM/majF4fr2JqUeejZpxRvtyOWMC2zwC2A0tKhYUM04gmlBQy8lKZFgYIJ5bOO2zt6xAcsN8ds3YHxF6qDA5QsMmg1jWq34LE+pdrp3B1bqC+w11zH6ZSdYFgYeVjbHH97rTbSP3SsebOomFj4yYdO5pPCsuMfmI2hP6IxshmB4iOXAhAFWJtvJTCXuTOJnIj8auGJMjypA+fzOjWtoHysSVa08W9bxQgNcir5HgQk8a/3UwCtgGTUKpCheQl30jh3MUf/p4u7LnINP6p7Lkn8UZGswNusQh68S+Xx8ESGGPTDMzSd3Z2fitMKtXT4aT4m8VuCLYpruPPG++rCe81xAfNIPyNmaLB6CXxFw2KoU3TrB4BqvyUrtniYZlvVCRU353JP6PbrS94JX/ghqkh+T3/wA6NrFDSTvCfSanfRoL8BMiPqxbu/cY3RcyWVre49vjw9v6Tzht5rFy7KWWthOReNFwfudTnj4y6/UxaafL6z7AkrPU7aHyf++ao5fCMT+p6cY=,9BUxBxskt4zX31eFcUpfoKvMjOrdUAvN4y/Fb2KDJgJWm9qjULweg+hL4RgcJe+ObGtcZOay2feR12U1otf57w==
254,2026-10-04,10:56:00,50556,2026-10-04 08:56:00Z,57 95 1 28 22 78 46 10 25 98 75 53 62 90 71 96 69 58 6 26 13 52 70 85 13 2 59 20 32 67 46 36 40 22 41 76 83 93 50 4 67 52 59 16 58 67 29 36 41 70 88 4 30 58 46 7 47 41 12 27 81 79 58 30 72 26 21 92 76 35 90 84 92 16 82 54 86 58 30 99 61 27 66 76 66 31 64 90 91 60 96 79 10 98 4 63 38 53 72 28,YACj28tBYzfqC2Nw9XTY7YFFwJ6kruvcYVk3lAj4Z4EtH45/g4bx717JTX0rPlEAOuJNsnqpkhVfVHmseNaKMP3Ca21GgGWyeIeqe0khJ+vU5PxzE/GFY3UzqPxRiuShPsX53AJpgPI9Cim3Ai6BtEP31QFjhy8pdfdyCAN1JzH0KmzGm5cIVFQRNkq/XlnRiGyHJ6y9ysrYk3WK8vn+N+20k7d3jWeg8+jThgG/dNAsuyUq9wJ5mdc+4R4HNFKSSYmNgsOZh1xpvc6rwcd5Atw5cqeqRu/ra/jBq+i4RRIaOjOnbooyOccS9OZcc8G1/nmil4+mkylwl87GjBa1lYyteNu7JgR0/0xYK3Nonup5gvIucdBC2boWAscLeKzAHbuy1RX+Jb5QcaDAjtbi37uIhJE9mTEnTvM5d8p7rpnW7HT2Kb4QLOkhS5SMByL7oaofGbYo6vetHZxhzh64iZkHjD7EKLozhVm6Y0gDOn7PUbaaTAC4K7qpbDCVlh+/T3NsGb7djJgzFVYblrZAZfeMSXAPpyE0JpmBtGX6PxOuSDanEP08VO4bOVkSxBbBflBwqTgFFeAafVXZgxxdnaQcSDWz0Z/i3By2Y68726i+fvbzO2Gkko/PPEy9IeCHuuY0+khsEHTrOo+3L+g5zG9GP5N5rp9I4w/yKhuJppc=,9BUxBxskt4zX31eFcUpfoKvMjOrdUAvN4y/Fb2KDJgJWm9qjULweg+hL4RgcJe+ObGtcZOay2feR12U1otf57w==
255,2026-10-04,11:04:00,50559,2026-10-04 09:04:00Z,30 95 27 14 31 76 47 74 93 29 1 42 2 46 57 92 73 64 49 61 33 65 77 68 10 60 100 49 46 52 17 90 7 29 1 55 43 67 47 45 20 81 57 63 63 19 29 40 89 69 39 10 81 58 62 35 52 7 53 74 31 73 66 25 83 82 73 100 73 69 42 73 52 52 100 23 19 23 55 84 14 68 2 56 13 46 46 26 55 85 54 28 44 7 18 52 60 17 20 11,v1I658OPY+GOcwqmsyGPF4EUyzkfdAc3ItRJaVQe54cuQQGWPbysmD+J7t9AHt+L/Z4TGMx/udeopSXg1RzPNkD3CfHVUEhsJx+6hocqp+6pdubQrOG+3CO+mqjuu83r0RYOYRq1gBlC6Q81ZZTZkAxdN7QO8KB56ezMYChdt1/+7vlg5uyeuN5LlwjJwH4N4SECYU9bi6LubkFRDgvlpEIouMONOMqcuN7iMCeyrRsK2YHk8mtKI5kJqSvsdp+ylwQkV/xW9vOGBu0vvpu87HAsS9kgCl0ZPoL2bXEHpcnHHIvh5TurAqIVi5x2sG26UjU64wZazMHott/dbCCjo/o2jOoXwtja2uy74psxGaxur9oL2zAGr9bIcXRxVRfjeIRFzv8rdLe7aa5cvAmDtcovfREXtBX9GCegMh2VJjQahOfhRd7fPp5UX/921VFZfqKYUAmeOb9AAAWFPi/T3oEqLkjgYL42Uo8UdJcVnmCriKv694YaKuRkuZ9LqsfsbJ34cKw2aRZ9rRKxPHWFdOSASAc17oXZtCvEc8ouGEI658oSmrXAIPQ+bKMavNHgBM3d+n3UgBwTWRkUUIOfOtzg2GsS6sTQh5tZwEd51yO0F7Pak6FHeh6Zg+juyfO8TldVFg4cIDgs97IjeDid5ScJKjb6CoaIhxv09d44mPQ=,9BUxBxskt4zX31eFcUpfoKvMjOrdUAvN4y/Fb2KDJgJWm9qjULweg+hL4RgcJe+ObGtcZOay2feR12U1otf57w==
256,2026-10-04,11:12:00,50561,2026-10-04 09:12:00Z,32 70 28 60 1 100 16 27 74 54 11 7 49 71 35 60 53 2 69 47 83 20 96 36 47 28 12 83 95 74 45 71 72 36 50 86 76 26 97 36 82 77 22 9 7 20 17 81 2 85 59 31 59 74 44 10 19 28 44 52 11 95 55 54 96 96 50 96 94 32 84 63 76 19 91 73 89 44 55 54 6 16 20 26 32 37 44 13 2 95 72 40 68 14 25 51 40 66 75 7,I5OLCKuILOyB3tJWzwxa0BUre8xf/LFGoFGNUx8oqJ/bLbsVQpuLcuJfGLIUYo2P+AEd85YHZN9g8C7JggEG2zM6dMeZJBf4QW8FCLOxdDdqMK2LtJ1W+UsSfqhdBPGyVNtFaLZC4bijnHP0nigZF+r/T8MWahTHsVM4BvtKK4bpI2p3P98pbk33FGLbPw9xoGcT0TkWRPwdGyMow5I0j0A3cYu9j2WnsJUoFeRRGXk6uM5NKA2Baiu3269n9GEPVVcq0Y1v5SUnyfyQj9x/ahPtpCcrsNuEaIxeGGSPtH2Giie0KTYAG7jjybTjy+bVY+3Gp7y1rCaAO9R+kZyLndKw6Y2JS/IaQP0bBVURRtrrqi4ii9OaVqod8Y/D/Sjq9sLsoL/buRiRAeMb6nM7Q22vsIXk2xMLbbJTYf1s9nBwkOHuKkk63rXNF+iLPzVfIGPGbULHNYP0DOWyX3J20agWPmFVK93DmS4SkCUNKMbviaw/AH2iGsg7yO9KFXBsXS989g9sIBJEMsOKTgbB+YhrD6ashZ5H/OuvrZuEfj1CIrwqZLQeUPfEKHiNIbiMga4iBsX4LK7wosCfIcLqZiewNuuHkY2t+hU2ZgYJYDFl2FJgjQYuXDKUcHWnXTxlS+3+PE6EREGAHx/O6ayfZ8bYtlGcy+NlxBY5RKcFOk0=,9BUxBxskt4zX31eFcUpfoKvMjOrdUAvN4y/Fb2KDJgJWm9qjULweg+hL4RgcJe+ObGtcZOay2feR12U1otf57w==
257,2026-10-04,11:20:00,50564,2026-10-04 09:20:00Z,79 18 70 84 77 72 50 83 35 50 93 23 64 80 36 12 5 45 38 16 84 35 25 35 49 38 42 50 1 4 23 32 19 100 24 45 56 6 72 69 74 59 96 13 92 1 53 95 54 12 89 60 30 41 79 19 52 95 57 29 19 28 14 97 18 91 8 74 26 7 64 64 98 19 41 83 17 16 23 19 72 100 98 51 22 18 94 84 55 43 33 66 53 17 20 61 24 11 54 58,Qf+utoK/vH2a6RyljlWWWzXvi07e6bG1ZOJNwSo2QYe4ecW3DWqsU8KCziaxJ4OX5LIXaUccYNB/wSSFpPMkcDLGcbqYbTgP6cOrZA8AntpFcPGMsw8Eo279sLHagEdnqMA02XEB8mq7MDVi4rySM29QK8YE4y7kbVi4AvT1LtU+hOj6n3Q4WNVkmx6yYnQA6lr1j2gNcBVskkEn0CaGYIud1SjlkmuvpnuwN/5CyDis54Sczlcdp/hxv/JjUvJSnBO0t2wu1sVyObUc9CORMyQeQj9ehs7J/t8ZxNC9wOHQlBqnMwRXqy1pt05pfZmAZnr955UW+IsOfDOYR7OgoMv/L+4NaEkZzYHa88I3l3uWOrFtz6t8PVZ4gIdi2K97E7lNAHuETuW/F/+NPYriYeEUGlUEP/5NJC8Xn8u3togcrPKcJWbVicn0l/5mTnbFdOzQgOlyqWEgxAERQsTstKhcaf21JMcwCPFj0jQVPAn630MoXBMybdweoUz6EFJP69hN5z8MKH5gTHaUIdwg8sJWuqeQpLJkXEEmb0Vmv75CMeG9FneFqChblqBh41ZI59NDcxqd4DuTe+pMUgtPSj9B1rDYUsUrqgiVrjD15MvfcisCs1wf5JYkI1x2Gkg4aznASOD8+IiDKXAPcBkPyvwUTs2QCgJELVebugLl6us=,9BUxBxskt4zX31eFcUpfoKvMjOrdUAvN4y/Fb2KDJgJWm9qjULweg+hL4RgcJe+ObGtcZOay2feR12U1otf57w==
258,2026-10-04,11:28:00,50566,2026-10-04 09:28:00Z,97 44 49 47 97 2 95 13 20 31 31 10 4 75 47 30 32 9 39 86 51 11 70 35 58 72 96 50 13 75 41 91 25 19 49 39 11 25 86 31 99 37 60 10 52 69 65 32 13 17 88 19 2 93 88 77 93 57 19 82 23 1 12 94 41 16 74 11 68 98 83 85 16 72 36 46 96 7 22 62 76 98 35 3 51 70 71 5 45 50 23 79 86 69 77 30 22 41 74 22,MUiPSham/yAfDrH7qqbLp1276OECUa83P/mSlxLvx6l53npEDf4DadQhyI4GC5hgsq7yBsWHF+AExhsAUdkW9z+b8M2kyyu5gL6d5zK9q11tst2Xbio/qmMNlU8MaT9nK2EUXgdc4XBijIfKX4XzJp7x1WINx10XJksP7Ct1wh7CbzL4U9rcNRuW74G3+efl9D7NNVFNUQXP9gyzM6uzVolROE71kvCop76jw/oOM0O3Q5/HKtDIVG1+BWRvTVfSlEmb4Mp9fYmqKegrzXQXXs9hOJQLr3GWWhzgJpKitoq/t/z/ba1QKRHEcqrEr58BlyI6Ux3ys7wGHicqqI9E6eBwwzZUC1z0AKdkdFhCSJUJXGOxXXLdK+5obQOZ9vyb12RaCh9VO5edetrM40VvC+CDlkiv9V1n8gvmsmlctO+SqLiU9yU0U28Oqb9nEDbQKb+8/cq30R2YnxUZkpOrfV7PnMjVomMdC4+AvucprRdnHDnXzAPUYuhOONqw578yruBIw+NLtAUtK33jMkRzMIlKVKCTy/qBnxsa1/gXEhQD/xJcJLTv4LvezFexV9bAk/hqhizIQvsMeUIzYqd16XRoRPpWMYIrPh+qM8Sv4RACzcyqiZCuLIHL/yYs8oreGteLZLJ1YEPfC2xq5b08/cCcxIo3gctDTxuQZxkvnv4=,9BUxBxskt4zX31eFcUpfoKvMjOrdUAvN4y/Fb2KDJgJWm9qjULweg+hL4RgcJe+ObGtcZOay2feR12U1otf57w==
259,2026-10-04,11:36:00,50569,2026-10-04 09:36:00Z,43 16 9 31 10 72 82 70 61 44 12 66 64 49 64 68 42 14 60 25 40 81 37 74 8 87 17 18 21 14 85 33 74 97 92 50 28 89 39 60 58 31 75 27 68 34 81 89 65 32 70 44 97 40 3 38 9 45 72 78 61 9 90 22 92 56 96 69 61 34 23 84 53 34 94 35 88 51 49 12 99 84 68 43 34 88 34 2 19 51 3 50 20 33 58 49 64 15 80 73,oqqd/ie8ljnqUBSIpqVeNhBBAtZ5vHCGNfrhuITfOHx0FcoA4loBZdiyQvy+oQ+LOMB9iVQT3bvqsG4XozGGsKdPppxXuU0ZGRDDDdoaq0Zsse/7yY5COFQ0DCgnf4XvLdi0b+e++rxu+PGN4R4TeM465igd5N7ccDCaKOmz04jQ6amo7q6s0MfNK35VQaL8bG5/m6ifN2yP3s/tRQjkRZugrhvIOvcLwGkastmYdEMOEj10284agvqkpE4rKjau/Sr3ozoMowxe7gEYyGJ+P1L7IzzrnyKNttcwU4V2IvrH4JFjCBaSiZ7L3EY5PS0Q17NGAfdclgS8pZpbd/AynHlcrOr+VuDQg6SeyB+H9hRH1qQmtQE4jI/s2AdYQrhANO0u5Rh+dqfXQDXbIecfn1bfDmQf2ddjx3SKzzDlQhts910810YiNCP/CxblTURdW/wx9OoKWzP6mzqVhOwehetfb3QlnX/RZ3/cGQ+iWf29fUxuEd07HPvk5bviZB2JNfg3K4tRx2UzYvUMZAcKT1qnZUT+qXMd+c4Y1ErjkIDUmmYgUZTF8y8I7eoXTW3jbrXXRzcO/wsQvNURDpdBM8ex9lBYktjnGIwNZjzJaAvX3Wa0i9jaT1DrbwWMScYzzl0aONGKn2nDKAMivfOiymqFTvP4+vVtHWPWvtdQlrk=,9BUxBxskt4zX31eFcUpfoKvMjOrdUAvN4y/Fb2KDJgJWm9qjULweg+hL4RgcJe+ObGtcZOay2feR12U1otf57w==
260,2026-10-04,11:44:00,50572,2026-10-04 09:44:00Z,75 59 40 32 98 90 85 78 58 99 85 25 4 6 20 95 100 98 60 15 68 54 34 44 88 24 24 54 66 12 52 58 65 71 34 96 73 6 59 67 2 94 17 35 29 81 86 61 94 48 90 15 91 24 49 5 90 77 95 85 89 31 43 86 5 99 81 73 2 59 92 22 18 10 13 59 38 51 20 90 74 54 22 44 70 52 80 10 34 33 86 37 30 46 24 14 56 87 74 93,GvSB2x/oC368b2LaaAcGDRUXfDv2WwBQMqJ8itMqWr8C3XyjemSJuIvf7frB/6l8z7oTrXrTtPiZc6rBv5nm8equVyC4i/HCbY0y0W8KhiCxHiP28Wca8Fep5AaK+Q0oOPc2LDf78lxvA3Nj9UfoTGeOPl+bYBRFA7EBHm7UY8W5LItXz7jwJuQvB762s4DJIjUjZOZ7iKXsrfEQjdOZCIQxCauF1xCrdELa+I8oS9Zy2As/yLtDhZAnRjT37R32Vr0pd29VRe1LPsQLGroDajhFfgI//PQuX513YLfepverfuQVjwnHYqXOKaT8IhzkBf/dcsDMuFPars4/TY/ykL6LeVvVTJB62bijM7XGwcuyIWmBDL//PmaGcmM/ojNzo7fRPLKlzI1P20HARpm8fS08JX4Co5MmcJa1+pVYgPOj+aKPlUgjW5/39ujQwBlEN4TbMFtcGhsIRy/uXWn5Ofxv6mGrJOPI9VCI8Gc5lqF24AtFw5H+lQJlyoDXi1+6+517Bnk9HX4IABO5G0sGXCgPllx3l0nmXvj/xI2v2SYyQVPj+vKj5Sf1hZwYGRNDdBzE6P8WjK/6sLvy1Un1aX2Omp49V9oSoOkob9hvpn3toxB56bt4tLJU8vUnZiu5TbW20fdqB0cgyKDuhDsTbydBIBtWTcFfmvIGyPi13C4=,9BUxBxskt4zX31eFcUpfoKvMjOrdUAvN4y/Fb2KDJgJWm9qjULweg+hL4RgcJe+ObGtcZOay2feR12U1otf57w==
261,2026-10-04,11:52:00,50574,2026-10-04 09:52:00Z,61 15 46 81 83 75 64 97 60 62 83 94 71 5 73 4 81 97 92 19 72 6 99 81 62 56 98 77 66 80 12 21 71 7 13 85 27 48 88 24 78 8 37 86 27 12 40 15 85 8 74 54 36 69 6 13 35 39 69 43 8 86 43 10 58 50 42 4 65 82 55 96 83 48 61 88 53 11 28 37 28 46 72 31 78 80 32 69 82 84 68 9 39 39 12 30 32 91 68 79,EIv6juTOVsGe/qv7aDpEz7L5m+E8eMrWHUnlFdsRdsOiwy0zYImNs1i9L0HsyE/2D2j9ZJr/E7VQyfuaBnSwNFnpliMQAuIQM0qHTPeAOeHSsJiySSepYxXrsS5n/qtO9A1TlGQJ7YU/gCbeY+Ow8Ut/2dMX8dNYtCJGo0w/Za3pwzLKhjKD4I/4y6k1j6C2OyGWJP0lQXrcg+oAkBdq2tKSwIy8u/Z31kr88PKQme7KwF7pPeUHuw5CKmTUmtIHTz3EDSjShmNM2hB4RpmtO0lbVsuuu32QaaczDlfoV4ImoozEsB/nqLDkd80GvM9/UE5kLMIpL2k+p9ZnQr3l0sSh1++ZZWov8B6okfVwNR7403vxaHRFvjiaI+b7XgtGCEM0NAchXTjKaVIag0jR92VDXtfrAqB9jKkggi+0sRMpXvgumwnrRtPn7wwhm9UKaF8tgYl8+UH8koDXfXE2Qdurx34RkANmS45cPkVFdFOL+Cmth6b2PRXT2i7NVoNYyW9m3SP1ReXTiaWl7L3J+TVVG4dqcsWr5Ik9yh9/1sNnCkKICziulpHXyQiu760XYTaLn/6W+auKlNlC/9xH5RP+7h2mm73OdQtF67D3I6W2caObYuyflnTIigIOLYGDlV6GWWjnzmZOVkhRmrrtb1wNWTqmqjmW6we0xch9l68=,9BUxBxskt4zX31eFcUpfoKvMjOrdUAvN4y/Fb2KDJgJWm9qjULweg+hL4RgcJe+ObGtcZOay2feR12U1otf57w==
262,2026-10-04,12:00:00,50577,2026-10-04 10:00:00Z,90 61 30 18 96 71 29 20 14 73 32 29 97 87 22 62 96 49 91 98 72 53 70 85 78 42 20 45 79 43 64 32 52 31 83 96 81 79 47 61 45 73 26 57 79 55 87 53 73 99 69 3 80 19 45 97 34 24 49 47 55 10 76 42 41 52 96 36 94 84 77 38 37 70 8 51 3 24 65 10 78 22 58 25 23 31 19 45 73 2 17 100 56 51 68 91 65 98 81 77,4tkc3QlCYoVFKLdUbgeiKx6aV7O7ki5LR5XsMBQOykfezWceLDief4uQJe0HheLEMFQlyH6Kf+t8TuyHXHiqZa0DYjhyySBIXebS9FhzJGFUxQvefk+MFfqrRXjm8+SqgQ2+0zWYMmMHQZ8CGSF4AO+Mk6YqRSnqIQctPbeloem8v7isFlMokxRI+JW/p2/+YpMBk60I/rV3LBzn/69l4POGyVxnrSg/heisjgW8GzR7xh8ASQ7D+ESnaaj9Gksb/Zv2q0ChcF5FG1iRK8mmA7ksCZhO2cBWrlpAm91aeEQ/6F14ayxKb4PnFhdCZ919XiUwpoQOPzmEyuOrFZ1mo3IPv6jJQmmKiXXMTUusMagBFsEYoamYrtUR0e6Pzn7xAjEuwRHepUmYcyL0YRSv2NEFm6C792CCyrnhMillddvmah9Hqnh6XkQ8dHJb0hYbJpfN2GkFlrt/RYJwLzrR5AqQtqKs0LaGcwhi2aZji7itItCUYv13hERqvOXRPotPkmM7ijp1Nm6/ObBiR9fwRJHi7TeMvQO92Xh4bw5ZIz9rQqgniiRawa03tdF1hFg0pH0nklaAtFjK9JA63y4HYpIT+KU7S3zS0GZ8wE6w6IoBd/bOLc4F2jQY3yJFvXhYo8GfNH2l7VFp2hUjN+4+gHkbQgqMzBla1b7q7rM50U4=,9BUxBxskt4zX31eFcUpfoKvMjOrdUAvN4y/Fb2KDJgJWm9qjULweg+hL4RgcJe+ObGtcZOay2feR12U1otf57w==
263,2026-10-04,12:08:00,50579,2026-10-04 10:08:00Z,99 37 43 67 18 1 17 54 34 16 27 46 65 20 41 26 98 50 80 9 81 1 81 87 76 96 42 92 52 56 25 53 1 88 23 91 71 97 16 76 6 56 19 4 74 24 92 98 80 31 70 74 58 46 57 56 12 77 74 84 51 18 80 10 39 48 51 59 25 48 24 55 59 22 22 1 68 69 22 92 51 89 13 91 20 80 38 88 71 93 10 51 65 72 90 27 48 30 71 87,htoqrkGzTOgF2HQD/l/bOwNJSOv5j4tqmKsn7ezBF3sb3qXdcPhbrIs17GoLLN7EqvZzvtPqHhzsDY6m+m76+sUj6fxtRYcGeoaQPVA0Gta6kJsab/zbCbB9003CYjCPZaBb2jrTUD16ieve+ICy3QAXhD2sqYifwiYExJWg0e5hgL+rgLBNSgS8vf6quBG7XEi9Q3bNl5ikxQm2l7bBngiH26upXI0L5CD9z27jo/AXnnDdgiJ1D09bs8p1NkW5XJ9mBhBLDLbTDrfcWWZWMjMOAKIyl2NT2JbSAMPKHINY9md3COEdHbsY+pOj2/IDoB319FiFRZbnXRSNcnwn5ZT/+0JVSuuo7Rk7lrFAU7sJgPdp7KQCrwIw4IFORIj3XWHMO5pe8zl7r1cOo/2In3Hf8ZfEMLjaQQy52q5e6R9OzhfkpmCANZZtvlrJmR0vdLZi+dSLRi/lrLk4g2dmODskC/f7mIdpPW+JZ0wEbgwHEK37N0Biw/Ws6204IuXzqoZNpwp+mQFRRiN0uImAjdSnsRpaUtlG3DsIlu+4rgtJGPOaML0vXriR9mW3KCARNMT5HCvlgFxRqDGnnRS5WeoUipo3ZU/3rXPCvJD/xVJm1XBYyiMporq9JnYmuzQf75q1QBLOeIegAeGe7w3asFK6ojMFPdg89eZh+73TXls=,9BUxBxskt4zX31eFcUpfoKvMjOrdUAvN4y/Fb2KDJgJWm9qjULweg+hL4RgcJe+ObGtcZOay2feR12U1otf57w==
264,2026-10-04,12:16:00,50582,2026-10-04 10:16:00Z,69 97 92 87 56 36 58 55 49 37 80 38 78 63 88 2 80 21 50 93 50 70 14 1 85 52 54 88 3 87 18 14 62 81 48 85 8 43 55 54 96 63 83 60 66 84 9 49 36 21 81 78 1 94 58 100 78 28 10 4 15 54 60 67 80 93 21 87 67 89 60 79 77 50 26 75 37 30 90 53 1 77 12 78 60 47 49 40 39 85 32 90 75 64 85 98 92 3 36 23,LBUZQ8LRjLwZ0V+96ljj34fZRZUKVCcFuVS4G+jXILxqktuYk+CummfY21XIp9CO+HXDkxwFbfec6mchhDZ0gcljIhmmnlO5ZVPmsEuEHLo0u8HFsYHYM0P2orj38wiPzxlF2HRJBzFRgoUEQ7Fn8IwVrcQ1mYXJQYOwV6jxNMGeRzHB9Sj1F3aHwFKvRiUpfi6n1UXOajHaXx5HDRGgyRPi6M/izDiWmQXB1KAku3Pmq4DWmHcMMvDlWeO3zurUzeSEyH8aT1PQ+LqC0cKpw8BeMrd50ZcoXoeRecQ5JphUBbeCg7wZ2uzPJ12OnZRafOLrXcX6iZDSsM4CXF3d5esEsuv0sVJOCDHQmgIlg7AUH/unKDnd36zOLi0LiObjUUD1f12ZEUArpGpWnjNAIwPBKwtOvygoEYClQA+T6k3UIit11wfOg6xwGdgePfzWPnhx1Sg9zLZBvT4+zWJKxvVyvw52IGssxVaivh58LfDV8iBWk4ohlzAHLlaZhXbAcQUofAJclJyVDfzlqxuT1aUvJbAnc13qKq5F/NR14juT4WOeDFVqvqgcxx1Ki5inJBbpf+iRrzRD5x/Zhl3XjDfuEtk2FYkOJdT7QIlWqf3vZ3YcUQecpAeGYDcGPYAw/mh+YN6O8svSOg3fbF245yfzDY34PWSPL9nAZN9TIjI=,9BUxBxskt4zX31eFcUpfoKvMjOrdUAvN4y/Fb2KDJgJWm9qjULweg+hL4RgcJe+ObGtcZOay2feR12U1otf57w==
265,2026-10-04,12:24:00,50585,2026-10-04 10:24:00Z,51 48 54 61 20 18 51 71 13 42 80 62 45 82 81 5 4 92 19 20 68 84 5 55 15 73 100 64 33 36 85 34 32 22 89 50 10 43 96 42 89 46 33 31 20 71 35 29 34 27 8 61 79 63 73 97 65 91 90 14 52 29 48 12 7 70 51 10 6 6 93 19 83 83 74 53 8 83 99 39 76 44 97 29 30 88 51 95 35 28 39 18 52 57 94 31 5 26 72 68,0rlhL0+I9yOSePO+PYhAfO02luxJyzSzsT1fn09mddoaIgURu037obNq2ILDFGreZMhS1pShYLKgy6lvYIhE+GTiyIOngsMFSHjKeUeWtKwUZU2P+L0XaRrJXhfam+9qQMuNo7AFuQe5VtxfqJB6Z7shyaNJTgWaF25tEUukNYw9xnzTU2RVHEsqbxBjDfLIfH3exm5iw8aPWbzlou7ynxi//yNfF4sgBCTRHXS6qjVwwge1YIyYJxJW+fSV9GHD1Qcw5ON5oru6zvl7f954XuJiJv92nCmz8ewR+3BqTNVUis1tWmopyfQFKpkALSXMTbXNtcIe1P5csRFgaGC8rzXhKwpQvPugOJxReZbhaeampoeM4GEtEaw6MalvV/JLFdDIfya7NNqW3CPrBraM2wz+m0195xtAYVSholQbwmUFlRoRwWou0rL9VbS0o7AWfwRdRHJUnqU9S6MLAsJtePno2xFwzzieIQVsaDzw+F3eJN1NkfPYphDxxpxiuE/uVIPj4DZ2hSEaU9dWlvQNfPvkMeoDMWq2n7A/XQ2CHFgRnP7xx+eoV/HYGw2EUwU7VKBNbF/cYUks6/bKMfYlH4MPBhU+aCnk2OXQuOxQkRz+lkzy5ptndOcT2OPSvqAez/lnhnIjicMO7J6F8D+4Ba+UnJ5qWg03nJxCV0ogglI=,9BUxBxskt4zX31eFcUpfoKvMjOrdUAvN4y/Fb2KDJgJWm9qjULweg+hL4RgcJe+ObGtcZOay2feR12U1otf57w==
266,2026-10-04,12:32:00,50587,2026-10-04 10:32:00Z,57 90 77 74 93 25 66 42 67 55 29 26 99 20 19 94 83 95 84 60 41 16 34 9 85 99 58 78 14 28 25 50 26 45 24 30 19 87 46 74 68 16 72 10 60 60 69 46 70 50 15 64 25 75 10 89 9 13 13 82 23 30 26 83 5 41 13 87 80 10 12 77 13 68 95 57 60 8 32 42 69 42 71 59 16 7 64 37 89 26 82 5 49 64 65 68 40 24 35 88,6hQQAJ3NCNDTBPpQcRNr13JTgL1eyOBVdWyqbnUZmrgdnXb7l6rlbEQU9XNxkJvabghY4cGQjJJ/D1fiKno/4kPzB6apzq3vsL+1t6H0yCgvoPGhOOxUU+TClehh8hOyxFCr6EvcHb2nJldpmK3zgpqPnDFT+mUR9l5b7C6xFddjwCKTIjcB87Y7NzM2rurKvFoHgW4r3lanoG1+7rm3h2NGRt2Q828+P6MBg8bs6NV/tUJlITnM06eorBs+277KKSuwJ645YyxDuBiYx15HKrmXOkjjaDf6WFLM7y4eJzaRanMrgbBPHuc4o+KEM9JCif/xyZT8eFCeJxyVSYTG1wXCRfNemJA5LCORCeMEjZERRFiQzyG+qrWS+NYksQYtV3PiFbHp/Qr0TxdvbnMSfwlAMi4KiZUPNZrd1xWzpSSDGqkfLh6B5L3BCZRj4ZQnok/uGvYkm6TvpJsW459DqbQFAAQjVgQUohlJW0q2LPz32CfE8ZzwgxNSrx54ju5vqGrmxF01x5BMhu43ziKIrsVyAa1hGZE5C+ZRZM7O1cnjCrn/HJUFg72GEKOTIDeU3TTSQGyyx9NeXb+u4NDJOzbzmek9KAHBlCE5fayJGyuFeRpKhj0hByqTyL+UEHUg0cVr7nW2rCMO6623dgNe/yQ7DGZabvtkIBnP6+dMho8=,9BUxBxskt4zX31eFcUpfoKvMjOrdUAvN4y/Fb2KDJgJWm9qjULweg+hL4RgcJe+ObGtcZOay2feR12U1otf57w==
267,2026-10-04,12:40:00,50590,2026-10-04 10:40:00Z,7 79 16 6 58 79 37 40 95 44 58 32 16 82 49 84 22 2 19 100 39 56 36 11 78 41 71 16 50 39 3 40 97 69 22 25 39 24 51 78 12 70 12 68 11 51 74 66 21 80 34 23 100 28 83 31 97 57 24 85 73 9 67 89 27 57 99 48 70 14 41 25 82 97 69 19 75 72 23 73 96 59 21 12 29 94 89 9 71 38 85 26 45 59 5 100 46 77 1 30,hCOF+d4tIsiQvkBMwf83YlMOsy2urWz+/q7oFLokwJCk+XBEMBpHhuQpJfM/6qfzFdjIpQlhn4rZUOFyqwmUAlaFfJBylt5pOiZyAEMC7acYjlb4hQ3S2lqJGO/W1nTlCKBzSryc63k9B0R4g7mFlJvBUEdDO6P0bAA0x9J9NflcKLU4C4bFgv1yrxzYW005Y/2lnwfPXcmAWK4OjQ301kdzmB1ujNNtXCxWKrAOIbegYPU7BQ66q3wx5s6Akvskmy1b8fwhYTcWJ9740hXbnCaNB4ybfKFisKLXIv29HEIf4RhgkKigN23Lxibw9B8493NKmr656wYK0GFu2nQ8iHv12PE0jkemCkNzxKv08PcQorjARpRXFFgsnAeAUWg7VREwjDaImHmGZLCO063IkS+INA1q0El10tankSOHEAbNEZNl87ONAO7jWkGkTZ9WDWpGwJbzyTHUMi+/h2erCb31Ghsf/h4J+NaB10cNM8sxFqyzIRujZJXdWxF2GKWFXQoqlQt9cOgjaTROqpBoveZe+EX1/G6BVe6aQGKsaOjqMHj7V//YjnRWl0NcHKNV+DA83k/0ggZIDFaNW1I2VK8+SrF3ZZ8yaiJXeP9OcJvPH/dURqIwtPOY+8uEQl65702zflxeI+pSnmFtWTYafQyxcLtBqxyIIr2vqmFGiAM=,9BUxBxskt4zX31eFcUpfoKvMjOrdUAvN4y/Fb2KDJgJWm9qjULweg+hL4RgcJe+ObGtcZOay2feR12U1otf57w==
268,2026-10-04,12:48:00,50592,2026-10-04 10:48:00Z,26 3 78 10 61 63 6 2 93 64 87 71 14 88 50 16 65 37 7 85 6 76 18 67 8 48 70 10 43 3 70 95 56 82 84 32 61 73 11 45 17 16 7 29 49 61 41 32 24 74 78 62 1 12 63 47 86 67 18 33 76 4 84 50 10 29 72 53 24 86 5 30 68 86 71 66 56 46 86 71 65 36 62 1 19 21 59 10 3 86 89 60 79 73 30 15 8 100 73 16,5nctLwQVn+cKdSO+jP31ZGmiQZf/RJLf/8bcDsiKzlik61Y3j8aIAEHPjtCetQ3ColzMc8C+GyhAX2riqWcrxGkUUm5HNPHNfnWeLkd+i1JEGKaoYaSJzbtV9ySIMTEiTOLu81Dz5L9URyR9rPw2RS2ALnj87kGoysIC6kt6n4nKuTWngjwqK2gTVCzKP61YZw8VZkYvvfiiLBRARhVE50ZVLKgVgow5jeHolSGUcKFm8imTF62Q38NIDvr22WkzauDOL79P/+SHJFJRPYBkKTVtmi50jdw/c5S3kStkGMMyvm6SsYTDtBac4HNp9RlxfgrwInzt9ZjPOHfsyWrBBXAyoq3KwAlhBYr6RiJPryjLEC7aSOKFEBDXHWkPf3h2XRLjaW7m7MWgpltpav4SSjy8z6KmnYjKRn3Z/66A71l/AbMx+eiy2oNs7MfnwZXhDIw9EIKB4fXxh2zSXg3Xfk0tDPpQtWgZp7my2oqDZRd0QWAxoIHbEsVbgzVsywD0C2f2WOdGP7oqHeEF4pvwVYQSTdydnT8bIcZQH66pUUWTABCP+fCRUnJbb3RKhUJfqRSUJjKF0xBU0Xw9cpn/2EmRk/sbd9dcRIa3kekibDKzVWKs5rMtxvbKhZO/ZeG/i0O/n6F9hEwBUJVxnZuMsGZqUrnB+WtGz6je/arDKHs=,9BUxBxskt4zX31eFcUpfoKvMjOrdUAvN4y/Fb2KDJgJWm9qjULweg+hL4RgcJe+ObGtcZOay2feR12U1otf57w==
269,2026-10-04,12:56:00,50595,2026-10-04 10:56:00Z,98 88 2 54 89 58 59 96 65 22 27 97 83 90 99 13 56 90 1 58 30 39 37 4 60 3 36 98 82 69 54 64 53 35 95 90 21 25 65 75 85 2 26 36 60 85 36 79 36 63 57 15 47 100 15 73 68 11 74 35 58 25 15 80 36 64 74 10 65 33 34 59 63 91 5 33 43 66 2 28 14 9 11 97 43 95 49 72 78 25 5 63 16 75 12 56 67 47 96 40,GwoWBPIoLojny3NWtrtyqkBK8OdiDuPTZgdm0L323w7hplqapZKMk1IuMfYmDv9KJ49AHxKpUxEOctak7gAl9RaTuuMJ9zaxJWV8GbV0PmKrIZSnWwi415520pdPQpnXZySVoiLnH/BOuEFx1QkCKerNYZe/jW6fuy24XEUszbDb7KDgrJ64VLY2z7M9pjumK7orezFnxL+iezF5TdZVboXh32y7JFWBVjBxYuwU/mAfHW9gqIORLT5QS6zlkPkBuO2bSQd2RbLD6yFBii8UqyborahFNVGEvhgrpSHiWae/hM/ZY2pwO4McQkUasSvhIKYmP4GpJEbph4rbOCHGx7JLDcC57ouSPZXSc5qQihvajSUbUSkn4cL1Zo5HxQtXar3OIQoetwp/drWFviKXwRVpYksPtjzTWlrr1p33vDcXs88VnEysMQEIZp/6HlvQuo2iH40czEnPDTao+ExIRR9OhpR39Pi+7IqTvGE0K1AiZP94Ju9sdivrvCm2aEV5mazxsgJUwhQ2ve/Vr8dY37Y7K5GmSNgXrmDiU2BWjUKNGgbqYavfatUujzYNW2bTQ67eOgubr29676uRXCMarc30B1NKlEtUUhV540Q42z1lKFiFq3fKu2EPzjSjxAHKZG2itktyXU/B0pbGMn768Jwj22RnAQUoblAOMohHk7c=,9BUxBxskt4zX31eFcUpfoKvMjOrdUAvN4y/Fb2KDJgJWm9qjULweg+hL4RgcJe+ObGtcZOay2feR12U1otf57w==
270,2026-10-04,13:04:00,50598,2026-10-04 11:04:00Z,49 19 17 95 23 49 89 46 93 73 19 85 95 74 24 51 14 18 96 8 47 81 47 63 15 11 67 68 49 96 85 50 32 57 18 49 95 57 18 32 91 66 70 13 78 64 50 20 36 39 48 25 81 97 1 16 1 46 41 35 51 23 67 22 53 71 14 96 36 62 65 30 54 13 95 71 23 31 78 88 28 30 57 71 31 89 52 10 62 32 41 71 53 84 50 28 54 93 30 94,aZdVspSg83ggVxVVHSlAe1ZEwawpmBdznq+vbqsO/gmfVHJ64aNqloY0+2NI2i36WQk+WOTKMK/1XBnWvQBUaHRu13eMid7P8tn1U4YEIePT63ej81IUrlo4mR4jv0NX3Ffs9p6ZLO1TtR5xjoARyUrhlaewM1471XlGQso3LnC2VnKaoSp2KQO6+SBykrRj8UfzfFanJtkc2hXgM5M0cenYsMTAWYF+i67lFy7MG9qPOmN1LBuWNs9pt3LR9SDY9p3FNoMEcSSsH1SEDazmqkjGQkplFDjKkGH6isBzoxb95D8g9zFa2DVJHe69sKLV4363kqZhCVvqBqnNfd2d2dacr3UrndYGjAG+MSASXrXEbKO1WccxQ1cxP32k2OYcnOuFYmNOF/wEQKBhk6tILOmxCpyxDUkMvTKB5nfquND7tXO4846ViY4WHGaaE/nXlBc94ckZjJcdebvTo6oQQ8WmREE4zJvt9y3/NEwdzWmrQy+IezTsD49Pu+NY5rCx2plpHY4/BMpRbjWQ6/B4JGoqJpBU3tVECQq8slt2p3JcFpPqA9DS1a7uoFpKu058G00sbME3AsyICAkyZA8gF+UtOLZFsR6KHhi960kZjUTFQi6BUhuonHiFrBybeRzfzojqh5GgIhaMoiMvlZC5eRSaCpMuVpzzqtvaEKFCGDs=,9BUxBxskt4zX31eFcUpfoKvMjOrdUAvN4y/Fb2KDJgJWm9qjULweg+hL4RgcJe+ObGtcZOay2feR12U1otf57w==
271,2026-10-04,13:12:00,50600,2026-10-04 11:12:00Z,61 38 52 80 49 20 9 28 24 91 100 43 86 25 68 45 32 82 79 90 89 4 42 82 55 53 8 79 86 36 36 87 74 69 57 8 62 31 53 90 68 49 62 68 59 61 20 60 75 72 39 7 23 87 56 75 43 2 30 69 83 49 18 70 80 32 51 67 4 42 89 17 97 95 51 68 9 76 92 25 37 39 17 65 92 68 90 71 10 78 81 7 60 91 92 13 51 19 2 34,0a8/z0cP/+Y50hcn9rMfEvGcbrvMR2zBPdzSoS1LTZJ64LqjWk3I6/Qg2BR1bOIPo717Tq0SvBjL+ITslphrSmaJGpE/lhin2RBDH2/FzEHV5RRZxSWyd0JO3YAkghcbacV2hHZTVshgfjis6iqGjJMh4Cl8hNjxyWG1N7V813oHugjRYSvpaFfB0lPh8naai3hZXCADxC1QytadIj3GlOVGZ3BJHjMkb95+1R7RDaS/KuQde/S3apaZfp3h2581/EFmhbd+OS4tTdvgoupfEVmWqoge4qsIQuBD1IufNtD0E0NvjtxFs7aGGG7UYsLQa0XJkwyY6yNo7+yYVGqFvGmtbhq17dzxguEKc9xhqyy8jBTmRq83F2L8xZfI6y1MRPDAg+QHFSd1pSRpjh8HaaAo8E1WcEn5KGbU4LSbPAHCQvzub2fhWjCSjB37IusxboMqW01QUXRebyiFnLYTO7Jjky22o6AngwAxOSnlHrkz+tt+CeayGpEx24t6hAmvaaM7r+Z7HvqNzBQsfrVJU8NEaO3Oq+dArVOaeRq4QUpyz+KuYYftQ5ejHiWllCfmlMwIqIs8QblOTpIEDGGZsndwwXw2+vgsaGEMRrpwK7tM0eAGS+Mv2WrnRAE5ge1aWireeWV17XuPSMuzStC9lXeoiFkvcsoViT7/nb43gDI=,9BUxBxskt4zX31eFcUpfoKvMjOrdUAvN4y/Fb2KDJgJWm9qjULweg+hL4RgcJe+ObGtcZOay2feR12U1otf57w==
272,2026-10-04,13:20:00,50603,2026-10-04 11:20:00Z,25 71 76 70 56 20 52 49 91 71 16 7 92 58 84 89 40 45 3 55 39 57 40 56 26 47 29 99 38 69 87 7 8 58 24 40 53 71 82 62 97 16 59 14 35 76 46 75 4 79 22 75 55 64 51 67 2 71 44 57 90 58 89 34 10 31 32 86 26 50 81 80 24 68 9 79 72 42 57 40 92 94 47 35 39 34 86 38 39 8 69 93 47 41 45 21 80 26 51 72,VLd6lvKfBxsPQpQ1WYwMtM7voeJHDZZBwD2oRs3p7HFC9VtL6AOf/dPuUj1XHkHjZI8LHqyRiwZTCEP1h+m4/OcisEYPQEnoNQfzPvJGMWMJ1f1f6BspCiuF3hDuc3v+PC46bskdxC0zqd3dbMdjnMzFR1aOr4XMS3JJX3pXU52Gd4IFTZJ0N3NZPPbP2is5wKa6KZCKsxplSkk7pnq6qDv0H1WKdU3jvClyHFaBmmNmww2s4h0D5iuX5lu/Zd9gAvdSY3L2KTZUITV4cVo4W9YEgTtZzNrxMfyAWBNaRTp89NXqFaDRESDdNNqFjrMKJ68kalsihTW7GHdwLazg6s5iolpG/0zmrwIapGEjdVSbbOm/9tHRH5FEWoTVPasVER/W+u9mpSBvF2AlAZHoKonnrMh7yY8gPmhIAwA/Z/9Nc2gIViWpriqdV5o4B1reFW/wPK98N3Dji+rMN/NpdMGEDyR0xjc4/RpGCUIYBis8te3GI+UKj8KYiMSvyPQHNBJrF0YM2wNmDUQxKdWIHUI8wjAUCYdDcIJDK/riMHTnJOTWSgYmrebdYJkTwxAyr6G1Z/kMxUzAQ4LblXT6FWa+KJ9lQo93En3HwpK5AGpblA8iXVHrLJrWHaSp7sDcR7NCptMuwSi7adgBfl/wEXU6TAJSmtwL8cCeenqeuMY=,9BUxBxskt4zX31eFcUpfoKvMjOrdUAvN4y/Fb2KDJgJWm9qjULweg+hL4RgcJe+ObGtcZOay2feR12U1otf57w==
273,2026-10-04,13:28:00,50605,2026-10-04 11:28:00Z,38 98 64 26 73 70 38 59 54 59 21 4 22 38 33 75 61 51 96 98 9 94 47 54 79 56 32 37 60 32 18 92 57 9 84 21 43 48 62 9 33 64 40 3 39 64 80 19 75 32 36 44 30 21 11 91 4 67 11 86 54 40 39 6 90 65 67 40 35 63 48 3 22 56 4 17 83 32 1 40 70 73 64 26 6 78 32 62 7 2 87 91 36 7 94 51 78 77 13 28,MZo3oaVlCLah1gC/KSdZN0T0xlZYTRPOLmW2FEmL6sFsCYTdJ2d+u0PCtWFAfNGtxBLZ8zkzVN4pGJdztAWr8knFr1BuxUS+IIUTPGvG8R5M7HDy+779UOReof7DQic4xbuiNSC52vDnJuHY84UXKQaPBPiBoEGDLTB7G1P792s/66Dqp9hZnkLGjz8dfjwPi2Sbje3gZtYRaNvk3N0ENI+yksHgTBsTBxy8DkF9dPFC2GsegbF2Lhk9Ku3Jg2N1wZA4KKPqzv2ybQ7VMhF4Gtl62Et0ZPYlCtXG47T/VuM8ASb0ku4OIJH5sbc0QdVnUUbGwGHLp6KpHwZfb/UpqRL7+hFnBv2d4QSX9r/UeflIwCDq9VOqGudP/Sssuxgj1BVW49V5GuZDN2kqnJlU2A+J///KdPHt84wObbGUcdDMfZc86+/Qc6gTvD3zM7MLOi+kx7OV/StYJTYTnW+Ei86xWUbJ1tj615WSa+GRz07xQy4uhjYO5YndAHwDzkC8zU0kPbATWjpkE8ad0BFJwHvcxqH/j9kOLFv1/qsTyJGFvhUWlcexHJYYCumxc+2olnhkMBBQKWB8nO/2I5wvwMrnFw8hwErJI3nldRY3qYS3dYkXkQeUOnhspyFUIi/H+HJ1pvJhzR6MBs0qX838B6cgOm5oCvmyCmisAnXXQcA=,9BUxBxskt4zX31eFcUpfoKvMjOrdUAvN4y/Fb2KDJgJWm9qjULweg+hL4RgcJe+ObGtcZOay2feR12U1otf57w==
274,2026-10-04,13:36:00,50608,2026-10-04 11:36:00Z,86 18 56 94 24 11 26 69 84 25 61 30 22 6 14 34 24 87 83 36 73 14 39 46 18 18 31 69 28 65 31 5 13 66 50 26 31 91 31 28 47 52 81 93 95 91 37 22 80 60 57 13 19 13 58 47 84 74 39 8 14 8 63 61 67 9 71 38 61 76 89 29 83 23 54 61 36 59 2 33 92 64 34 99 95 78 53 8 20 80 28 91 17 16 34 9 77 56 100 44,COHeiRxRU376y4ELG4J6FDbN2aGT941Wd2mlld6U3pIQUNjcYv726xppV7ZjknYXyyoSNCp0D6JHqhwoOkym/b7V3aRNidc/eqpWzF6TPxxGIuKic8mM7Eu7rnfopMc4OLTClpasrMhA69KhQ/bxnL3Qim+iEvuZIg3CwD1cs5YgPSJF0TPcb4Lgnr9vRqqSE/G70fJjK/CALd4MdcNXmbjJqR4/EFx/1ow/ViktTC7WgOMqRjQJZaeXO+kh8+2eFCzODzwmn5XsPMnxNwBftseSk4JQUiPc2jOmoxd50HAW9ckAT8FS27R4Png8dlIv6qcneGDMyS2lFTCzqNofWc7ALOB+kDYw7LhKKjyob7WPScVBW4ZO3eI2quij+hMmCqHUcHN4SdCIwzWyuE8FLWMTKjZScHk+nTZMnjhs6EZv+qAyLBOb+vhvZTAy2FxsHLjX6PHuokjlfvMDK2b5Jt5Dua0p1NfXowX2Dz1XDf79dBpzSvRA5XJliztdUdybMlBSMTDUKP9Vl1plFQLfDwTlN/AcQTm+WBVGyiDIC7ygOLPA88V1G9YyiPECcmT4YeLW2I2XiCT/RWp/ebXlRXqhBQR1C32pot552SR/wp0A9uW5cBmOZXorsHvNFfbQAl0jeYbNM9h4nAvyVEYYGRtuBIpNHpTWxNm1yRZCNRw=,9BUxBxskt4zX31eFcUpfoKvMjOrdUAvN4y/Fb2KDJgJWm9qjULweg+hL4RgcJe+ObGtcZOay2feR12U1otf57w==
275,2026-10-04,13:44:00,50611,2026-10-04 11:44:00Z,17 18 56 84 59 24 31 64 72 54 100 35 24 82 63 56 28 88 60 17 68 50 47 19 100 55 64 51 83 45 83 11 79 88 81 66 53 6 53 52 43 29 39 1 63 86 81 90 92 85 77 98 4 7 96 55 38 78 70 85 50 83 6 89 6 79 28 74 39 32 89 26 41 62 84 89 2 55 91 45 27 71 64 87 34 87 19 66 38 24 5 7 41 27 16 85 18 57 65 5,xA4gzwDAnGRHxEe8sChQTrLbHvhQJqPhrAY/owQTNS61Whx5+v3oBsBjm8Qo9uHXUvBfDJewNo679nbHdtDvCoB2yTEOVQzP9bKm1CvD0PW2dhHRkVGEVL4ItsBjAfjKAm/bzmpJJHxQGL1H88qeTl2EKwFyIr6OUVE5MNzP9AT0MzrfYHnATeslFc+/uKqiDJxpSMLRBXXWqy8WeXapQdQ8qU6wXxjix2UpMwj3rhqf/KioweBu/zUJW3n/bpicAhwLgnvL7fP8sBNBOcdpTiajDcG18R5T4njREZBOrHI8WFYm4G3orYRchkDzbZJuIZdKHCi7A9Fi54XUAab5Ja3mOF9Ob6f/5NApj2XxPqEb1OaNJ3pfnBxy8KIh+nDfBzRyzWKBgcjdK0s09vy7diMJYxiuodb8UFt0PwNZI/AlWpa10BOKqWIUmKRQS+KO4d9h69E01c3bRilDWg0EpImEN8LsGYJMwXScQ0QeckFmlIgpEMbBcCAgK2v/AFooC/4NhfnRxbmZj6Flx/N/fMqEr80apJHnANhY0cu2XQjiLKU9tVFJVj23RVnmvJ/640Yw2oFFS1pvR0zE4xnk4WCPe4U+GjevZ/qqjBgKRE0A06/75m2FvNoEP4qgnXDzF/mxbGUq7Td0V/gBqqT2Kv76pbfbDtnljpzu4OzKNUs=,9BUxBxskt4zX31eFcUpfoKvMjOrdUAvN4y/Fb2KDJgJWm9qjULweg+hL4RgcJe+ObGtcZOay2feR12U1otf57w==
276,2026-10-04,13:52:00,50613,2026-10-04 11:52:00Z,46 6 86 5 21 19 85 44 19 84 11 100 58 91 20 12 53 17 45 67 8 96 69 93 21 4 82 84 77 89 8 53 85 99 39 20 75 62 23 25 65 21 89 3 10 11 3 64 87 87 86 70 63 94 36 38 50 79 19 88 11 39 6 86 72 64 71 52 35 94 86 2 11 73 1 43 13 66 82 23 60 5 25 16 84 52 51 12 47 12 25 39 85 18 48 91 27 80 83 90,R7SSaC1rTeLW44fCVOjXjXPOz/mcYHyLt75Lid20tD5+6WJ9N1egeTs82Rx5jFU0HI8Cl631MTIduHfeAFpbwkTYnOgRoM9iaQGBUtC2RfYQQArn9M1MWDeETtuz+Or9jE6Jsx4hmI1cC151J8UzfiiCYxsVngwIhjmDjZxqYqk9DEnbvfxTiiMfYKCIvPGXfb3QKW81N0cJzjjwsQqvjyH9xbQItfF9+7FqMFf/ghamXBEgHW7hRxhDbwtwxA7ihgDXlUlrGMX/Te1fdesUdWVd0yq4+HNUYFeQPHdwglM80PuZ53jGnsHs/nInwGKVrHDxU29A3I7uzyoLZ9WyNRnG5u3sde6eUdZ13rG98ufqUFf1r3XzYXVtjzufB7qJQp4bgoIZOsZkeMKGWmbW8w0vuSB0wAisIW2i1NghGE9vPyujHkMrxQVtc8rtMDdTLWx98QP/I96V50hH2e9rXNKthdTr4u0jJy6cTJWIficM8y9zahP+Z2YCs/uUStqMeuffYiIZGXtUGJsOtpWF/CelIpIePTgivUXjiRkRjgkV0bkbqi+MBPhwkun8303rdnYXEd77TFi5PxfJg8XRz5YuQuSFKofwSBLUskTmRAP9ter/E6d3rE9LimPxetANObM7yvF3CD4LacsYb1ceuh/vpKzuf5yW9HfOCdhSgLI=,9BUxBxskt4zX31eFcUpfoKvMjOrdUAvN4y/Fb2KDJgJWm9qjULweg+hL4RgcJe+ObGtcZOay2feR12U1otf57w==
277,2026-10-04,14:00:00,50616,2026-10-04 12:00:00Z,35 56 24 94 96 1 87 89 37 41 29 59 95 21 36 13 68 44 61 26 83 98 44 93 78 83 82 52 42 74 76 94 2 16 78 78 85 36 88 83 96 13 81 77 43 28 56 80 96 54 56 86 68 33 3 16 87 25 81 37 23 74 30 67 31 44 90 87 25 88 71 23 42 56 93 36 53 88 47 42 78 19 44 8 65 94 35 57 42 49 50 60 37 67 23 52 4 66 59 70,G6CvWd51QHI7V+4wU/dfPI1loEkFYKTGOrae9R/6PA80BzdqJhgexvZzw9XctT81m8RmWJZen7Rxrrj8oDmhgNrvEclkZSpmLxJuGbhHxkjDs8ZwwTUXP7kMwGrAoKUwH4RA2m5UL2R5IzjPpN+Sn2oVDIe8ss1b47vgxN72oLeQwGDI0kquavCdlA4FGU349XfCbRZ9dPxK/N6D4acmxsRleNuJFFaJ/GMXQJMQlDUPRMSm+yXmoJ+/jw9p4fVbxB3lq1bEk2EIESrVaxjlSMjCBSBq2Od2JGIS7BZmCpondIOo0UG5Bc2GLen31xpKz60fpnAfHQ6C1Ky4bZHFLh2nsH6Crazbv3E0999sLEcsAGCD1NNvqPnY17FrMu/Q1ET4wdX/bjmAgtIRSVG930PI/f5UNuIz5ajBtUVNPYS9koqluJ+q4RY9MpbMrAyrJr00+Pqs9WVB5ZYgKlT52v+g6z3VSAtjnvOienOad5Id7lu4xsLtAGQxWEaBkzg78LDPQcwsEZZtUa21v9KYfYhoWIuOP7FmO1GLUBc+Kqudh3pTp5Jjvlxgp/dYvM/S1J+s5KzHKfjYyT67KLaycllR1B3IyJOzr5ZuoJrAxSxIQKOY2yQtHrrTjd7Dohe0GieOC0gTKb0GMTKqO4z9spaQ9HkSAr05rzMJ1dXPiP8=,9BUxBxskt4zX31eFcUpfoKvMjOrdUAvN4y/Fb2KDJgJWm9qjULweg+hL4RgcJe+ObGtcZOay2feR12U1otf57w==
278,2026-10-04,14:08:00,50618,2026-10-04 12:08:00Z,79 74 63 40 36 3 32 55 38 2 22 78 42 93 13 27 79 27 94 11 24 6 7 44 8 39 60 88 74 21 79 57 92 94 45 11 8 96 56 100 75 6 5 29 73 76 32 96 57 70 92 66 44 30 48 80 88 29 94 67 12 89 80 76 80 58 57 77 21 50 74 81 74 59 81 77 57 7 82 62 17 51 62 69 20 14 31 79 46 93 41 5 24 74 56 54 36 84 54 71,L/up817tqn11zzugB3hdXCQiHrxV8jzwURDTqJwmexqboLxp4gaADexmQEQFGGjP5t0GMjCK1tYgV1pyNf5c2kQDNbKmMB061JKIunGDc6sU8dULW/S4IQaRj4qEehRa/Uv2FRhbQa/mWReR2DGm8N4bOXQEHUcUVAU76/JD/g10g/3K8QXsMKPRhcexerLuSXFUzBCX704tegn270culIJtFpOSq41typvWdFjsQ5q0nnVaZa7MBrTeGIRjZga1h0LrBgtqOg/VDoddHm7FuilsnydaDEocw9VqYnOuAmWnF2F62roFyFJx9TTGKoCLWL+ICtX6uMlHEP9TKS8SDGy/qtfIh1K4smq6wuo5xKcWPfYSfGZzle6fYr/4EmXYz/z/57NGE63WG5vAhmpZxg39ZySRsQCV8oOMtDQsvo0NJeYNsjwMcXunzt990QT30kFmFdKLs+Olm+cK5ooeIt8UbZG8frYY3CT+IoPEgAVN/rjXGl8io1cgw4PvTQFgqUJ0klnLCvXxnYIzaTOMeCHwVISccMfwkB16JdkSTr/qrnRbuoGkpMXypcRzIkQAL629pmcDYYwFtFUJqtG6dbjI5gC7Iaq0BO2p8HxtK+t9M+19zgJLm/sVfI64wfbykB5zm9IR6lgiPA+DSSqfiP0c7O87TCZJCKe96T+B5ms=,9BUxBxskt4zX31eFcUpfoKvMjOrdUAvN4y/Fb2KDJgJWm9qjULweg+hL4RgcJe+ObGtcZOay2feR12U1otf57w==
279,2026-10-04,14:16:00,50621,2026-10-04 12:16:00Z,91 99 67 69 80 23 97 85 49 48 73 90 10 67 6 53 3 46 98 91 97 40 97 93 17 75 1 3 21 77 58 72 7 33 60 67 60 90 50 36 19 24 65 39 18 66 12 68 87 64 57 8 82 35 98 73 27 26 79 28 5 58 58 90 35 75 73 5 15 38 81 97 44 53 86 70 41 43 62 22 52 25 59 87 86 87 63 32 53 100 1 18 43 24 56 99 97 15 99 55,eaPnzkTCe/3n8J/51DOEoyqwCRqdjenkbCJdsVaGsd+PqBDs5htHm53B0QyiZ6cFC1OBqZsX86EuNczFHj+z17VNhLXcKchap9/CEPAR559T9U9vvHkqMTT0JdxK1tsy9T0biILZij08Cqq9YfHOL2K4EHFHPhUH1jKDPusG/JEukT8J6ud/YT2TDaQH27HFW+ssNQMbeNzbcrUE9Jhdw4PWd0SbzFaqQJn0sGRwibs3MpCSIm+nQnOJbdJmbYJslF+CfoarPIqUZW0DiZAgKUTjQT4m6MXFMOM5rz1wqaNTXJ3eRae6LBi1519kTnspzxAuoCUiF7wBC/enCAc8T06oonzKWhRSqISZZTDT/XwETkjvVsuDxPRjgRV07EhIWhavHGpDinKJsySMu/k+18fA3aj8xeQHDe2CJpN3Vp8b95T4z7tx8K6XwKmfJPnVVNPf1npBnSf1YfOziOa1SOJWB2T1EzpGiMc+IcwFccn7F1KYrn+c/XIWJMD0OALCkM68qFsulruA1fG6BttMLkwM/QZpnGNkA39zuvGs5XiFZRK68j6n6DS5UrpKcdHrOHosu5G2ukQIyapA+ucDcw5MaGT9KG7gZV1ZSpBCn95rUN8R6Se98Uto/+JdquVz2ciZQqo4hiwsJ90R7gSEY4G1Y420A3vF4kb74AgRneU=,9BUxBxskt4zX31eFcUpfoKvMjOrdUAvN4y/Fb2KDJgJWm9qjULweg+hL4RgcJe+ObGtcZOay2feR12U1otf57w==
280,2026-10-04,14:24:00,50624,2026-10-04 12:24:00Z,82 21 29 78 46 41 86 79 61 93 20 53 6 54 35 4 83 92 61 39 89 38 19 65 52 2 37 33 12 76 11 56 1 43 48 53 88 27 39 25 60 31 31 24 4 85 78 73 55 17 73 25 91 48 2 26 69 75 63 91 39 7 83 97 35 5 16 21 57 32 37 48 51 72 73 50 85 43 35 25 24 33 99 68 45 81 4 2 60 56 25 46 25 66 8 28 6 27 97 28,xQ/WlLIBRyzvPIBv+hRlTaDwT5I0ccWQaCdMGgYdsUlaId+3a07gXt58Vg3647YVDncbGt219mHiHn9UZvOqFo+IsTnu1NH0OQa37+1nCZYCMznVDyqfvpphV79FS7LzPUXw/FuAguC+ity+Vdc4IkP7rPad/U6AyQQofus+Mec7wdsXaNcdzJfb8jVnNnxFlEIaRQjKLFoOBENPestNcylQp3HSf1hW52Tb3casXGFsyvvcpofSUPmBAJKHAA82CRYMedST94C+m3l5c/osnWelceVuCW7sMIOsg8nRMXuB2ZBqAgP7h7Zcl2Vg2u8XNrtf7G+pbPV1Rk5HuFOla+CVJear542LKZWrKzdbuAuGhuqcUqfiid72xildvyjZrXDCQtFYvUra2dxPFRcD0utNGn2moM6TsZwsAvY7Gy6/DHzkRXFF1HeyScfcTDIMqr1bMvku5KL31Pj44qrhyMckS8is/6QTlA239gRVewMni+qO5gvlqen9T7hniB6DvdDUrQ4UAZyqZUiCTNAIEcVDykXAk8G5nIZiKEUw+BMEEdvmRjXg4YmrQF+RMPsRuK0VrjI8kiTgmtzsdU/mL3JPREwcQV8GsSjuVe9qSjALBM8egwMD7wlLSQOI5VO8MH9FHt4/3oNm1uScLFxEhR7v41Q4bPCVASUp3nnVtxI=,9BUxBxskt4zX31eFcUpfoKvMjOrdUAvN4y/Fb2KDJgJWm9qjULweg+hL4RgcJe+ObGtcZOay2feR12U1otf57w==
281,2026-10-04,14:32:00,50626,2026-10-04 12:32:00Z,36 67 6 3 78 22 42 90 35 63 34 27 54 69 15 77 82 75 87 8 56 79 17 66 69 45 11 72 13 44 50 63 27 66 85 48 88 6 8 80 24 53 40 14 79 90 28 3 46 4 13 26 32 34 100 44 72 15 68 1 38 82 29 88 83 76 60 45 47 70 98 90 83 93 81 55 71 83 5 10 30 18 29 41 57 15 53 15 30 82 89 39 45 93 72 13 17 97 32 77,3FmxmXBLktPVaIJTyXE7oeoH0FHheUSXRqciySKqqKwTYeP8iZkixFCUm6ObQoPu9jvFU6DdxO21pTxB/LV8viDmxv9E0ZdkhOm4hwMQXE9/KnopnNTpnB5IcvU9ekKvbeHSnICSG0AuQQRBgRyPXGiI9p+0i1r5lXW1JxKQTgHM94arBy8jf1h5TU+o65E7nSHCkT88Q8nrQnS81k2ceHuKfX3CaOYtFL/twUAIl1wtTV6r/dItM7bl8PcFZ1/tVuz2JM4LlZSs4Qt/t2E+mZQR/VYEf15cKHKsmI00kADzq0bWGiLKYKLBjLPJmVLUDfzuD+ocHq0C//2g8ldq67z7CXzBksgDdyLmCf6H1iMyVbqM7CQRhGHwh40ySjLm/iYhW3ZOBS4mVSz6aWLfsBsW1JZCe55cv3v/+ZqkORVFirdHY7z30R3fJn365gcGdo0v5ypH9kt1mfFfJ/GHRYES6ldhDr5IBighyA3N9RHpeRN1Idy7CHfzA1lUsZQOUbdqW5TAVZHP5QaMGkKo/Jg3ETW0Y7MVoelrGZvXaGPOrJtjASN9jsImnfcvHperm3qQO79sVEvskRzn8LY60OG4v+FMICMgcaufZXfLwqd4rJGJ1zOkKeFTD4K6dgZ/43HAjfwjTuQr/hEYIUmTv/APnQwfKO4uFbggWM5oDu8=,9BUxBxskt4zX31eFcUpfoKvMjOrdUAvN4y/Fb2KDJgJWm9qjULweg+hL4RgcJe+ObGtcZOay2feR12U1otf57w==
282,2026-10-04,14:40:00,50629,2026-10-04 12:40:00Z,43 98 7 7 79 89 37 54 10 39 97 23 58 74 8 37 20 55 28 91 70 47 49 81 81 43 39 94 52 62 31 86 20 16 6 98 73 4 44 55 98 73 15 73 4 72 51 45 86 51 20 94 85 39 64 55 79 60 24 26 30 62 70 65 40 87 6 14 20 19 18 58 32 97 5 62 39 72 65 11 50 79 11 96 20 55 92 62 60 22 61 39 83 26 58 24 10 46 96 23,slIBe7ipCJApesjV5cSF1PY0lQ3PpuBQRwT8N9cg2Do4uHh2mM7BPvcZZ2MSpYqj6MQcgvuJa1qZBLkhYLwn2Th0jB5HpMABw4C42A5ufVbxuV7WO8Dho4seRTu3S3M7CMXSvibD0gpHg3iP+MEthFlAe/U8qg+BzaJwWrQw5l6rRTfJWqe6Tqw+hza1lwBzJ+qZmDhbN2YrpYSl03R0fpnROeqUuZf0Zc2hgw5AOusXV3nH4wZb+byxYN9KQbX9XfGhTnedqM6+ouJiqMVlqHddN3DO9FW2OY9gBQJTQhJnpiLK/O6QlRr0FE0OOihvm5Y091BvjqkTi8ddUGpaWezvfiOgcF2IecIsQX1J+eEkpZ79w4YkucA4FohF2FKcDozcnHSUna/e869gErtqnv8HYSDU7nUqFTY06KYr601nKgKf8CtezxdXeQWafAlo/w+FZrrZq21xlRbKIjq3lagH14mgdz5NyJx9yhZcULs3KNvCg9rFaP1yYiQiXpNdcoNTMMaNJuW2gUPSnG5G5iodiS3vTVpTZXYHdqqHYdWaj3i5W2UB4C4yJzrZu6kW7uaO4cNnCff5E0u5GFh8STLsDxsZalr8b6EWBM11jZD4kcXuAS0i0+ro+2R9nPZ34BsHIj8Ga/0aYEYj87+5ijXKT1aGCAUMS+nxJ/hrWe8=,9BUxBxskt4zX31eFcUpfoKvMjOrdUAvN4y/Fb2KDJgJWm9qjULweg+hL4RgcJe+ObGtcZOay2feR12U1otf57w==
283,2026-10-04,14:48:00,50631,2026-10-04 12:48:00Z,16 82 27 20 43 93 65 98 58 17 14 81 25 4 70 13 47 49 13 31 88 32 14 71 58 63 32 26 87 81 5 36 52 13 62 9 95 94 8 41 5 11 24 54 41 86 97 49 14 3 47 99 30 100 25 24 1 40 70 15 2 31 6 87 80 68 59 54 73 62 35 42 71 85 41 30 66 38 36 91 73 14 36 39 38 88 14 86 7 54 29 86 69 7 68 10 11 28 23 36,2nhJxShgvZzJFujUoBKGbfJzlvaD9qeYm0YSeCJac7BsKCVoVOE1kZUWJCcJ5WBVin+1DxF/MenhfkYN3KiDa/aNV/ckv6Vj5rJ7ZoCPqCNyIl1eznfzwymd/3RmrC54xycXj6bC9wyK6GZNfSNAFePqfCqe31jZV7OIJs/8qu8yftiPc6RswaL0sZd76ZdTtgmr9IQZxHMuOKW8QKUKjS0R1p3N3UGldicu6LcbWlCdb/2/14L51KixOYD9ZesNu5Ldp4s3tjPA7LTg+YYVmObtJlrKdc6E2/lyxI68qPdg5esGcDGnkLN4EW2hywzXelY4KLxi8LTSvQA+ozsP5WcC04kOMalZnRpr+b1fD0NU1eLqTeDXogE2WBq7MMkEryL1WkkENSPKlSdSDYkHMGcdbptmxCNfVDnl+k96/xuVmSTGGVyCE11l0vq1xB+GyLZvO28RONGav6BNqLUP4ZCXRD61aCC/btagYehPWzhk1AO/qWey4RzxX/XeeRW52YD3BXyFuCzjKZh0BIAHoerEVIwMKC2jQzF2RX3Z/fY6pqFcxbr8eQEkPjWve2UFejhHzRpxewSbytYWSWar0VsyJjchJ4AsvIsyp2+CZLLyadEZYkIP7UTOOaiBNZFp5KFXtOZnplP5Pj02+yLExI6JfZkG8SICnuk8TzPnias=,9BUxBxskt4zX31eFcUpfoKvMjOrdUAvN4y/Fb2KDJgJWm9qjULweg+hL4RgcJe+ObGtcZOay2feR12U1otf57w==
284,2026-10-04,14:56:00,50634,2026-10-04 12:56:00Z,17 15 46 55 23 62 4 9 33 65 16 46 82 86 81 37 24 46 67 59 55 3 30 91 8 80 78 17 100 81 22 29 8 41 13 20 89 4 45 9 1 69 53 50 68 11 53 60 98 18 22 53 72 60 51 12 5 52 66 19 81 37 39 46 45 40 10 83 18 75 65 66 13 70 82 11 81 31 74 66 65 84 71 27 40 91 23 2 36 17 28 54 28 67 11 55 43 92 58 21,pXua8CiQ7Es2FGXCEGYecAxtxFch58L9VYbs/b1dvipFp3BEJCGWG/rIwKtN9xWUXhn+Rbn9HgM1EPN1XPKBcm+RxTGvSxjB/8X3JKb9bvztGMYNlBwODbcJoeKHbS2LyCM9eMZABfN5Tc4B3wQ9+PbHO2mzEfuRVM61IZuzeTG+gxwjS19aFcj+FWNI44fr84hfzAFarSlWHoKyjBHCkcdacuYqGLCx3qIv4DVsM4Mt6KsDTQwtfMTO+kRrYc2eNfWW+lI8jZS4sfYOtoa0/k/LlOlao2bFQOSx73a+ndMHOgw/xSyxVlkdUP8bdlWQj0JpyN/M5iw9mPrrTte2KgZlprDdYFseo/zuKh8gfXOrZZT4WmgiaWdSA28r5rROsPkcajt0rJLHlAe6rfay9KBFP8Sjaftjv4HJ8dUWXyeHc8g0oQgaAa6ULficgqqVXGSRg+03Ye8nPhI1kki+UbXDqWr6aAjeJh5dHQsvyOZU6CJ4GDQgnfyBB+Gnkb2JCPKO2Ah0zFIbbSlB21W6WwftCZvo5YSWoxpBi+wJZBPWyNaPw9tfFlEcw3DhE7J416pieG4EsAELPjg793RCQf0JI4fZksv+5e2BCWHfXq+R08ALu4j7G+KT9WsIqU647Gx/0JQTi33vzpurJxCDdvf3JxBFezG2xmfr1A5hOME=,9BUxBxskt4zX31eFcUpfoKvMjOrdUAvN4y/Fb2KDJgJWm9qjULweg+hL4RgcJe+ObGtcZOay2feR12U1otf57w==
285,2026-10-04,15:04:00,50637,2026-10-04 13:04:00Z,80 49 55 11 71 38 49 60 99 99 69 20 54 46 82 20 83 69 27 71 77 48 82 50 39 27 41 27 51 13 4 42 41 52 72 42 11 9 29 45 7 14 46 36 64 18 83 12 85 84 84 62 92 50 100 72 62 59 29 32 57 73 33 65 71 40 14 7 46 91 42 88 90 3 50 48 90 62 52 80 91 9 40 5 39 85 82 57 7 45 57 38 19 37 17 15 100 27 94 13,liRdwFqN9DRjrIpmbxxRJrvu09zp0UkhHCqsWYp+v7wFKckHeLXvTmdv+bVo5UADxmf7QTL3yePAVGCXmRWKEZcIpJlMH3lUuzu0SUcUJKlRLCiEiQdLywxAxDvV0SPTALTK4UWmEwLyulLEIC+NRE7whKJ31VPtta42CQ/Z1enMR+SIy9mOhxF9MgkzL66LNxQRdsr6899AjD5sxtTrA0ZUI7XcrUsQuCg9XSryxKE0375mYMhc9jjltVl83QxUv0JwIctNKQBqOqf+3aBrmvwKI4831cXCRPuKZzj7cHzMFNPTcKg+M1Wnfl/uFSc0+8cIcOEPwPMWSpKQol1tARYknb92gYN4mTaZ6phksjsWMmHJJjD05OwO9eMm3Lt9QJyhJSbGve+haVxCDLzBpiaRFwJV8Ju/Paag2nxtVJyfZgTTW5SHj8gx0Gdutx5Xa9S470kj9KPlv3lVXDZCqxU4jD6O05B1pUEoGgzewtHTIoJXUltdo7VKs3ksaklpkhI40lo2pgQ+UCY3WvarCqIMvW0Bv+l9i7mq1El8RCToSAdMYHOfAeqxpqmqwPmvzZfbgjUB556PdT1oyu7zJ5Dzsr7OYsC1bAjGcBD9nERL4Xw0N17JTaad+cH4cPit2+Rmzgg7Cv/w4s9jhUsTkWhT7c4Q6VrpUNBXFTfxiGY=,9BUxBxskt4zX31eFcUpfoKvMjOrdUAvN4y/Fb2KDJgJWm9qjULweg+hL4RgcJe+ObGtcZOay2feR12U1otf57w==
286,2026-10-04,15:12:00,50639,2026-10-04 13:12:00Z,46 6 68 33 24 26 61 8 34 97 48 80 6 97 60 38 44 53 47 29 79 93 80 8 10 89 12 35 13 82 89 27 32 46 19 24 36 81 33 99 31 14 31 21 43 80 59 91 58 49 48 45 45 74 28 91 89 20 10 59 69 8 49 43 47 98 72 3 56 82 90 24 68 96 67 12 83 47 73 44 26 89 66 28 26 42 42 28 100 59 82 92 71 13 13 62 74 93 40 6,U6yqHxvGVBKP8F82cUCj8yNS4OybfT9I95tnmkQp0sqajQIFwU8yV4A+7clsgx03f46hoRZLSrn7r/iLeiLHS9V6MrDG58Z4//LK08lP2Pwjt8CWgkhSJdoYnYi6Zc4P8mRRua3lg/d/oeC8rZw2+7zQmJJO07zHyW5Ko3xT5cC1k7ycMuIbBmSH9AM21js94UJ2DxT6M3EkTBgrqKe+gBlFOJxK5K5xSQPVy6h9Xsjw8wdd67/3m8ijsDDi/PX746wa7dTZFAlDumkzuiKsx8RiBZdxmGlpcAWnUnHwVPZsH6UkP655mMb2l7rfURUfieEHu5A1yP4czASDDRtEc44mp88ccEozND3GkvbDlL7xBsgLL6ZIfEAn9YyfFxlbR6geq0aMobDZdBQHqsUlQd4ZFUE73cBfhtLnfbEq2zFq8I0aCSvPr2yTfWQvqchoDYJH+F+Y/7iddQbc2938Uz2pE2oTv1XrJrOnctmsLthxpB5B4NUtB1mPpU68iWQwmsLnQFCzDbAc7yb0ZHuA2+btzuY5WLRloJiQjKgOt2le/bpLt8i+HbnJVOqJvac43smycDign6K0xZxFZ95xXH/Ghpr7qzbaBhTSgXXUi7IzxODaLBarTIGi2XoKRq6Cjk/+DFwtPJZ6WUzxjE/gl/1JRybTF0NLI69acuHnBns=,9BUxBxskt4zX31eFcUpfoKvMjOrdUAvN4y/Fb2KDJgJWm9qjULweg+hL4RgcJe+ObGtcZOay2feR12U1otf57w==
287,2026-10-04,15:20:00,50642,2026-10-04 13:20:00Z,91 84 23 58 90 96 96 9 64 20 78 85 48 21 11 28 76 22 97 70 11 24 11 81 14 70 6 100 91 67 1 18 19 87 49 19 36 31 71 91 67 84 72 47 96 46 51 35 15 81 22 14 78 16 22 5 22 13 31 57 92 60 94 78 88 85 99 44 92 37 54 12 17 81 52 90 7 96 58 35 77 58 97 92 88 7 63 27 54 30 27 45 12 21 29 31 33 30 86 96,xROqKBYJ+d+qdJq8E0WlrnTVjZi2WmSYvHrHKtIDfOaZBtp6xlUnsf74/MkL+ULW/JNlrkHRHZH82CPhdnn+7vZXDCJzLTOeoE/KIdwf79hncyTGh2Wd6uAJpyXy4qDT9gDiPfdtzLONmTX2Ty5MWY43YkTp1inR009XdMgMKNzyNLEqBqCynO9KgjKzQ85/8PivDEIQ9uttxbhAj8r7VRHC2UyZi1Fx/EgbQ3qw/m9W1RM7LDbWmG2aHHNddQ+9tfwtEnmGvFHSEIepEmPv9egEBu+CRiVgUvLS0jjIOdDGLicmOy1riwd/MQNabvxjnpkkZ8XM7FRO2Bwmlw8saIozTfqilypJqjDCeUFxMVDt52vP70YTMs1yJG4LdWbS03huN+WkcjUcRP4kDBB+KJDTMTBUpedZHp0irv6iYBcVplQ2olzWkD+jK7g03UlqR/AYV3eIodyVSLL6C+TDTNf5n/izlwjc05RIkajjCMc6toXzTrUs7IzEAlaM9Q3YHQCK/bZoGiGjOkEF1T6DFeYBQY9zEGtaMzo9fkJzGkCK1rS/hQAxJHk4ArkN2zMEtJt77YRYziX6b2bhDycafiNHzsmALXfzo4Pr9qOliqGvpVOcNVu94yxjL1PrRESKV1KNRSyDhogx94DIpEe4bVzO9PdRLi6HjlWyoiUGHKc=,9BUxBxskt4zX31eFcUpfoKvMjOrdUAvN4y/Fb2KDJgJWm9qjULweg+hL4RgcJe+ObGtcZOay2feR12U1otf57w==
288,2026-10-04,15:28:00,50644,2026-10-04 13:28:00Z,37 69 63 47 59 24 19 48 17 21 40 25 77 36 84 54 52 67 63 78 5 66 60 74 30 15 76 88 55 97 84 1 13 68 46 97 70 18 3 54 65 28 7 62 67 97 75 54 87 61 100 55 25 85 67 70 16 75 57 96 61 14 71 11 54 66 60 53 53 91 32 18 60 41 28 62 20 81 30 43 3 4 85 35 94 52 12 86 17 8 49 93 76 53 21 45 25 18 77 31,wgZf3Xy9g4dXYm/n63o/VpGUypTGXx8wDUor00K3awZRUxRaenmXaIFBkV25cASZ2D5+PxrkBBffmmlD+XfTvf7p8NzS/eB2Lzl6flsX+xRRYm9YLVi84OTgTHOpKiuM0D+HAQealxwILBuB9WHvwxrWhlEiqAKECUSSeXZPN3DkmBMYBf19s1+0G0jZQgyq9jz2mhljtc1R6R8AtbaFpI3WV3jcfeFthdRERD7NNUAnyziRajQi+JBAnmukM05v4XKV+qk7GXAvGMaixiqeA/XjN7V2eWju9GENeH03UWyo+/+tVAW4Up3QfVwn34dGd1z81FbJptGPLZgSItWhDXGGMLZWD+bGwjlCtfG/vcRes8c5nUFN5OKTby16Vkqr95t9re2XGiReahJRoOxBGiT+Na4RKGRAMWw9Gv1mVHmdHVe0prQez3HySv5Naay97UM8ewgTPv2bQnjhhCkEY0e4k0SbPhAY0Zn80Y9ZEP3gzS4hE1keW7Zb1O3gqGIcbq6VPCP5/i7WhWaoqeVLuuewgzM86jpO3gmvJgF6i6BR1hoMzJA+wP8x4Zkl0TCmdvIdoX6MFSdHPOd9x8ORisC0XBxhC4wJnUNOhunvMSk2t2u/C+rCWk0bA66aW3eIrfQoTGR3RY3sFc6b2WmtoWCIqr5BSgJIpEcIEU8pM/o=,9BUxBxskt4zX31eFcUpfoKvMjOrdUAvN4y/Fb2KDJgJWm9qjULweg+hL4RgcJe+ObGtcZOay2feR12U1otf57w==
289,2026-10-04,15:36:00,50647,2026-10-04 13:36:00Z,20 32 85 60 34 41 30 84 3 6 55 38 72 67 48 58 72 3 29 24 49 98 48 67 40 84 17 80 66 21 32 47 23 36 71 92 95 73 94 35 47 21 23 89 15 94 55 7 99 32 69 37 78 76 95 55 12 100 11 66 24 61 36 49 16 6 41 53 13 16 56 34 87 28 30 79 17 51 28 13 5 39 92 100 57 81 46 35 63 17 18 63 99 68 81 98 63 79 2 60,fcBOfggSmuzfBHeVw1P3sGmQjiFflbbRAxciFQ+Fu4TNe7PP+9ATb3v1oCvhrkPEOnSmOtDqQqA+68BHW1uxiAlk3f7yfInATdelsjgkwycP5IKGEGtBe+19KZhtiY7IVINH8xMN2lNRwjnz2lamk6yV+QV0cUtSn8GirE+GrmCEmV3AXdQZs+S3bdiRmzc67tVnPzEyYhWbRR/2Jf6hh4pqj3rk+3Vrm14arN7+bcmBBVdaE4NrkQC0NDDcNeuVLqtdKFkBaroI2XRIYDVA7MgWM+bo2RUh7LdbSvAcHVIHpsj4QsA9PRO0mYiJoFKogZtHKhYDlVE9QgX+5gBNTnEbl+PAcvPtGTBQwGbJznwTcCdrv5Sjr/GsBXbYvS6uVRujgwcMKEbA7bUY8R8vhTcPSvl/2I5liSL9nzwMAfxXyy5uf0j9zheHvFUjz6DLAA3+tbANfQSgnHZG5TBGJhe5XDlw4oT7AIvN4slIV9j7Y9zK0V9qJ+KIX2lMAP0b0FbrIIPIPrFL6ubF6GbKRky5uyHQ4jgH41m7/fEG+8YI8Xt+LHN2PzZHFcY/YJDdyaL2PplvbFZp/TTzIOrtdWGnwd81YCKiS+m2b9h9t6sNnqu5guAkAvJy7fOxN7/e0VAVuidWxo+vWh+kQ6c8540jDEQ3HbwKhzu0HIWJ0w8=,9BUxBxskt4zX31eFcUpfoKvMjOrdUAvN4y/Fb2KDJgJWm9qjULweg+hL4RgcJe+ObGtcZOay2feR12U1otf57w==
290,2026-10-04,15:44:00,50650,2026-10-04 13:44:00Z,59 17 8 29 77 13 36 28 86 100 72 3 10 45 59 61 94 23 30 6 41 13 78 41 40 35 42 16 50 20 23 90 60 100 100 48 43 40 15 32 22 94 69 73 88 41 3 59 31 16 73 78 30 74 64 6 11 4 56 17 88 13 15 51 70 89 84 55 8 34 39 13 11 23 98 78 82 61 75 77 95 51 40 57 39 55 83 52 15 93 59 53 65 76 43 88 18 19 98 52,pu3nbMP2uQtw7B3LVQlGmJBfQGNtTaFHA/+3d6pJnoDQkZYFP+ZtJo/A619B75cRwSR8KLEzOWGXfNL1kCJc9u/lSncReeyo0xsBG2A8XvPXaXeRL5pPw20b+Dq66lHd6Q3I4gCoTOfmrye+3nTAZMwP12YiH8r9OVzDdRfxOVCebvs+xCXb2riQybNoUyBFYEs7pFTeKmumag6rp35Y35XpJdnjPT7fS+z8RXCGjCJAZo8eNn4ViLLZilAFuYT7v4oEiD39uD48Bj9VepwyM8mYTuHZBDD+0u02YUrRYMQdnwVAMEqhNtgpHLzqhm9khd5Dedpob0aLq/ULWcRd5RhEUFMKT4cvF1RGz8Sj9eqq3RExTLnw7prIAdA8iOMIzqZpL/22OhheP+ZOW+5JfqIvijU+gwMvRElU9Pa9DVaqapKdV7aq5A2zpVm20jz0yeikPQlfIxN3W81mCZfIsExSjozlD3PGjU3bqt58biomhq62uZGNKYO0cPOCCuL4l1QFU2k6Y3/0xOsqeJxDCcgA/XIsy2+cCyge1nMUdKrJp5+dKrBM66+nu4YfjJLFNUVw8vZekrx+L9Xtebips3oEdK+2ju/ttsH4beF1Yp9i9vrf7E3wU4/ueiCDeIkqHy9ZMzLXTPkXlD3QK5FGBkF9ZuB9FzAuJZ/NzD+fp7E=,9BUxBxskt4zX31eFcUpfoKvMjOrdUAvN4y/Fb2KDJgJWm9qjULweg+hL4RgcJe+ObGtcZOay2feR12U1otf57w==
291,2026-10-04,15:52:00,50652,2026-10-04 13:52:00Z,7 38 56 74 15 28 73 31 23 79 92 50 5 66 12 71 48 76 81 31 35 55 96 98 19 52 5 3 99 65 53 47 98 77 18 32 63 26 26 47 27 25 25 96 79 21 86 99 15 67 49 35 1 69 6 31 78 49 33 59 3 6 75 83 50 90 58 88 19 39 19 12 48 92 11 41 33 63 79 85 6 19 88 9 69 71 29 44 30 82 50 63 82 58 54 99 9 1 76 83,1EQ4oL1iPVdPP5DopqCbNkMtG8LiDtILCSNk+79h6atEe2nxvA7GT1gz4KAHvAsyic2MOjUp30EbIDTndrap+YL3Y3sqlD2OZy2rPexTUtriIy6DMFly5q66inz3ucZSYsGghUwcP+8zjTszoHw1u8REUZB4aQ7xkQ3zD3CyxH/Th27zplVpLgGFUdAMMk3HMuFFbnLpPu4vTSu/lvDjSOe/mB96XCXMb2rC1hanQ12Up63LR+AuQFoY91JU8l2TknP93wvtuizSHYga6u3v7Y5w2Qyf5PmzhvabdJhwUw3LQ4mqCMUHlvqStTfiFFibEEwJi8g/NS0cdHZHuaXbwjPSfJqA7kqmjePRFSfiCh70ILZ1VXi/Dx+7UMCqeMTIDTJBDRdsnGNUbKetgkuKnPUjCUC6h06zOdcIUSRv/hH4utamVg9CTj7gtc4odjmZlTE9WVL5vZpZTC4TJJqX+YqeC/xcnk5/qi8T6qU9gxSTsPodguNttwZsva3MlkxIj1Q3tXt7mwLvK5qnZqAN9dHaV5PEg1l3z6I8fYvUGq6MlEmJOvQfx7mPi1ituCfNfuxTWC2AzH1efDXc5aOURAY+URHAZ8qOQvy95qdBjeIbdXrx+I5pSFu7Y1Qq8noV9/TeAVl3TofNGmeKLwqPoJ/G3rUgzLCmMaSAX7yWkcc=,9BUxBxskt4zX31eFcUpfoKvMjOrdUAvN4y/Fb2KDJgJWm9qjULweg+hL4RgcJe+ObGtcZOay2feR12U1otf57w==
292,2026-10-04,16:00:00,50655,2026-10-04 14:00:00Z,48 22 84 18 4 34 12 75 42 15 11 76 80 20 22 89 97 20 79 100 10 30 73 13 35 25 82 100 91 96 86 6 29 94 52 57 46 62 67 45 79 61 57 43 88 6 28 96 58 64 38 51 42 86 95 84 56 60 35 80 95 51 34 17 61 25 19 39 28 54 28 54 41 20 93 63 35 4 16 8 41 11 63 59 79 66 93 48 58 52 41 43 80 67 68 28 19 25 65 31,JhuIPsV+R1lkWTXQ58+9L6yZxgHhfz6EgzgBXvJ/fJY0HvjvZsberkqhNXcfser+s6NRNacVTFWe/G4bFAOXK9XGaCVMaoo9yAu7JwzvHMJYftdQOvSsJacjjyM0PXXdiQrdyb6EQXyFunZQvS7ocN1slw8vghBnhN/kRub0WIyrOv/zUTduq1HUcqU5C1cFSr683+yLFZQKaSm8mfd5fqXAiEtAsnOqwLPgBgDW0YxP7hNkIkN04poYvdvo7b5AgyHzCOYY4H6y6D77VRSKF0BoBt4PvyQbbnSnoZ8yIswm3wErIhLN45Wk1M9BvK7261I8tWlcWFaxVVI9HysoaNEUpcBqwn7lO1i/dzO/u7jzKPtn1D77qRjT1Tnf1GnAPACrX0nY0WXLNeW/XbzZa5qmg7p009tE3p3pxzAVue7vU1inxZW6WDQU8HtKQqOMsffrw6klKgm7STb7gFdTIh7ZLxi1uurl2QIYMHSGGGEmx/cxWLexwcyBxgIWwycSsUmVlmTApow0b5M890PUjiyFq+1bv78EZVhy1zUx33/LGEn7lm5bSaUsMtNck7nzzdQ5UWPqkKmH8s5q03ibi4Dephtp9wQhhl/04E+6flLKtD6PTN26HcFnUBWwEFQS6jlM+3xJFCBt2+RTufVFxiQ570oGeLRekyHzw5wU7UQ=,9BUxBxskt4zX31eFcUpfoKvMjOrdUAvN4y/Fb2KDJgJWm9qjULweg+hL4RgcJe+ObGtcZOay2feR12U1otf57w==
293,2026-10-04,16:08:00,50657,2026-10-04 14:08:00Z,68 35 54 86 23 8 38 37 33 59 71 73 85 42 34 37 69 19 46 14 93 88 64 33 26 87 91 27 14 3 94 44 19 21 100 16 88 76 26 72 97 27 86 15 37 26 9 33 84 49 58 2 63 84 86 60 26 74 74 75 28 95 41 41 5 1 3 48 46 61 47 33 54 75 76 47 51 1 26 58 45 80 79 92 63 50 64 67 93 43 85 91 44 59 66 32 1 41 67 94,0sOEJnBiezXkZgOHH8bVKBIB58QEzDTZHHMKx9vKff/IrbzbOhlXSOjPTdvuiQmuemNHOLbTMtxZ36q5GZ+Nxg7e9HulmuK9LOoyNB/4RGAwebfrc1//rrxshU911CdLzQdcRecVcz+xiCU3cBcbf5gUajfPwFtIiIArjIPBdQ8mx61qqqTtu87NtCsPIG150CjPX/emE/A3o30cB3UUeqvynflKwoiTlGZtYt5EjLYZZNql7w34BtMje0+Y4AzaXCa2pisFXZJQdR1zBI4C1gUnYG2iDazls27U4asDkOZa88XwVDsJz+P087ZI8lc6/3/pIvlqFuo/0E8l6PIYmpYENQsoMrpI435AszsW5L+T6aH2+mMZibxKnHJWa/PY/XPyvOtiISHd9FtAvPPp3m3ZLNreqUuExYD+aqt71pxhlkuZFvkeR2B28OxQ463KbYMqi8RosD+fuE6isj87X86hPueqez+EsEzKeL4wPfDN9jP7ycDIZv17ZltbX2xmlS07hYFDaX4stpDofBNIog27YEPAh15WjblrbQuY4nzT6AtgKDZaGF4ropBGTsWo2XjroBDFqrEfyqNy4X/PrWzfR7O1RRNXpzTtfI27SilDzvSR5QUzbfd3Qw9lXLaSDemq8fDwLnkmG//iHhys+cEWXYi69efREdPk+voJW48=,9BUxBxskt4zX31eFcUpfoKvMjOrdUAvN4y/Fb2KDJgJWm9qjULweg+hL4RgcJe+ObGtcZOay2feR12U1otf57w==
294,2026-10-04,16:16:00,50660,2026-10-04 14:16:00Z,2 66 47 100 76 14 62 23 34 95 38 24 39 63 91 96 34 22 47 21 23 83 61 26 33 36 23 50 97 86 44 43 91 58 79 70 93 73 3 29 84 56 51 82 4 24 41 29 57 16 99 34 71 5 61 30 6 73 33 24 23 90 18 64 99 76 25 17 27 68 24 44 26 85 55 36 94 99 50 63 30 49 23 8 5 62 83 95 48 76 6 99 26 3 14 67 17 89 34 28,N8kdZqibcUz7r1R3P2JCyD1NkQfhb5ysZW6ZXp+2wAV5rdXRMhkeXbVe5v+0NuQqttH+E972iQRR8wtIbu0uaLCrRgIadvxvz5VL4d1K92KK2OJ9qetTakUcKn/tL58JoyjQPCrEYHW39fD2J+9qt8vInnwr4lrF9laJFIIF+/Q8bex6tXYcpOMfkUeRzCpwuhP3L9mlyWpW+p3S+C2LRM9zWfSWR5ThcEXxnH5TYll4qK2db7Wz2X0eKoB1IbUgdY9rrxJ6BPUnAK5DGHIsy4A0bngxcb2Wlb/BQkYOrbIMJ4bLCdBQ671js+y2Q/eC029CSEMbX6ptDP32hwBpthMm+LYhcgzCCC2M2QMJycxwGJIculnW/J9Pby9lTPZL9/nKJ2fCRUyhRkwAKVJ8QJszSMFZZi8Xy9QTAu505lgSVFYsgVEHuraP3wgGIlH+RGxvqvymFuxg4ZSMip+XDsH8u1V7oJ7VNKYI+4v7qYXuxnulH7bt37JT8KvAMOHCW0MpUgTlD4DFvwz8JpQW9+myDl7LIEQOSLGv/q1nR560kwWsK3m/osu6JtXGNbb+v1n5KIliclUlH+TwanV0eXfkPeKmXrbzUydeB32bJ3AuF5dtSqFvwmpcKW+ScMiSm7CxcgcZj2oX/iKY5o2Y11V9Dfvxeprpzvrei8JrasY=,9BUxBxskt4zX31eFcUpfoKvMjOrdUAvN4y/Fb2KDJgJWm9qjULweg+hL4RgcJe+ObGtcZOay2feR12U1otf57w==
295,2026-10-04,16:24:00,50663,2026-10-04 14:24:00Z,5 79 16 94 73 4 80 8 10 58 18 24 79 22 12 5 35 49 49 56 81 88 12 100 18 19 53 67 71 35 75 50 50 30 93 37 92 1 12 23 93 69 80 8 87 97 1 72 11 99 62 84 9 45 55 85 93 94 77 67 45 84 71 73 8 76 22 74 61 2 88 89 33 52 73 76 13 98 18 30 60 75 13 91 91 92 73 1 65 29 41 3 38 23 14 48 11 81 63 100,yixhYFwN4ZR13vLowVYhhL7dNiEIjoKgAY3wookGq8W+KBUm2Wh/b/Hf6y3zlHjTdzp3xykEuLAR68GT4O61694zfLboqH2Pvan503IsufM6WbjSWeJz7SJ6fnXdddAnXd1spypq90eS4O9RWAWovTeq9bnHSaJ46k7OwtBEVx9NC/LF1VBERAUAxpNo3MAeIsAT+GFQ2/vCYai3XVvovHxV8EHXyNdibcvABCMvA39iUCN2GjnAhA/NSDl3Zn6C93GH2mRUEEdh/8IQad4WsebVXxdFMqZTwvdFuWYbh4EkbX6wPJ7x5UqshsyoHcw6RGXg2Z5y8tXJQ/LJW2BWQYX6XKfwaa5Q75OjQIy+hiFylNIK9Q9vqecBlcwNdeYkagrIlLSVm/Jp8683OJlGx5qbB1amSgd1x5oOqjCDg+vYFTMsgIPvU4oRZpgxhL0RITMgUZCFUaVJ5NI0Vw1K6NIQ827970Zg4t3WJ4/2RyoI5VYz7IXAllq0JxgtghxmVdC9Vzox0tiiZPKxkAr9zlt7bWPfymUuLASVg5wFnm1EWFiQbc2cMvnvTPrk8TtWe2dzvq8maBnXSDL22bFsPMlvBvbESmpaWmvqvh0rl1ajVGXtjOkYV3cWEjQe8/x+CjmBJResqiRzp4HEbFp6pTYc0yVdyfS4UdDXR+qs3Fw=,9BUxBxskt4zX31eFcUpfoKvMjOrdUAvN4y/Fb2KDJgJWm9qjULweg+hL4RgcJe+ObGtcZOay2feR12U1otf57w==
296,2026-10-04,16:32:00,50665,2026-10-04 14:32:00Z,74 36 15 90 91 61 50 35 12 63 83 3 36 17 23 84 11 85 74 11 37 2 78 69 34 9 92 64 91 46 82 9 5 63 23 78 88 41 68 39 18 75 91 36 60 19 47 2 28 60 45 9 57 39 60 69 4 64 12 38 15 54 10 33 90 27 50 35 97 9 86 33 76 79 3 1 74 95 91 100 45 17 15 66 24 34 14 42 82 73 47 87 73 76 62 58 36 82 76 60,gImHSKUFlYOxaHt6m8vTKtWZeZ+onidJ/hlmi6mq++d/UtKRsYDtLrIedpCTLty6p2GzGYnDYZ4e7UaLoShkYE17/kJsi2JncgqVPAGYR6t4u3/GxRnI5PYhv1bAB8Sve+5kfPhTgyM8EZT2HuZDOvYEPtznf8rrWG/I5lL1eyg3DBkXCsjanyNfrX3JZ05+SyYr9jrwCOBcXyqEXnQteg3hJkiZ+jeovzK6JdxdU94AfVFlAOZVTiS0BN0v/yqZPmDvWCD4aS+4ny1VKswhSnQu89ocbYRSNqDalPUoSsRb7ntrA0a1/7c1YKN01XOMNDshxzkqDtkAdDTihtp8klkLB8hnhHR17SdR5aFot7tuBxPSmu0MI2gFuM2iZ3JZw3OVCt/rXNN+rMqHjHKeHuW0I5RLMki6OmILydFBiUpUO8aTNFNm4rFo1V9LDD4RPbhnR8idfxXH78wrTBvKa1PufRI8Lfbzwh+hIZKk7zoNHMRdma0yLoKQtRoX1TQ7qEzjw7/H2cYGhgsERpZ100wfoT0rx2ZwLG+3E0QdVR5QLar45I/SHcnwrscHxgfYX5M3e2+suVfXrG0uzphuiC7nA2ONZj1GFsU8ZAZpPcNZafBl6Sq7pocalGdSTIfTFiI3PpRabsRU9tnAZdlgwowJYa2C0PPHePDU+X843tE=,9BUxBxskt4zX31eFcUpfoKvMjOrdUAvN4y/Fb2KDJgJWm9qjULweg+hL4RgcJe+ObGtcZOay2feR12U1otf57w==
297,2026-10-04,16:40:00,50668,2026-10-04 14:40:00Z,50 5 91 78 9 94 86 93 96 44 38 85 25 94 1 51 14 89 41 75 57 39 87 14 25 66 48 16 89 67 71 58 84 40 20 48 17 29 11 3 49 50 6 84 50 88 25 86 27 44 66 100 94 46 19 48 4 7 81 37 30 63 25 51 77 42 92 61 93 63 91 14 35 79 51 86 3 24 21 9 21 99 29 5 34 57 85 59 96 97 51 70 49 3 38 70 43 93 15 14,S4rJOkIIrvOOtf068yvoOvYnYwPYP29YXVdP68bbfc1/d0ifZo3zH5eWiUdqb8KY/5NWY8iRVKPtFCH1UVXkfO9MQic16KL79Ip28bg2MfR0BLw2afiwIpk3uPjAov5TdjEdq3zQVImGuDFInsoTd/b1et3RkUqt4XMnzkYWjwB9XLA6KH9u0dwsQUdiVzmnHpqt2HGbGXzzmxybZYUtYCKGV4+iMYax7j4P8/Mx3fhY5lHSPErjVhPuVPAcUhp4ckVeF4txRguz0qKuVwqf+F2ZJl4SfH9Z7Gvmgqnw1usdajYr9YWZn66vIBb3xp9YAdPxJo286/hvnIrkM7OfEZFWpqGOf8sRmQB8VeRDPn/8C00QW4dac8g5LSq6jB+PqsnJWNJ1DuByirs9YfeXCqnrrOXKdr77TZRoFcxDxvoz6+FDmZOfZDgHG/R1MZi2jxTDGDpJVRH6feL8YFkYcI3gZk/6CXLdNDnrBRRgdgCLuVtGb1axJK/doxAOGcuG+DwsVHgn15OvqxdZTgUbm+2r1x7y/H8+Fzjzg6ejwAb96J/d1r4/ZMczJQECkzFl5HxLNzklAmZTanpFknZ6wEfzzbc6u4/eCVr6hOe8zcZs4b245zy0HtA+pcsQyvy+Gb13Hhijk3nMMYgb2QDO/2vi9MKzEO4mmTFzUKkil3c=,9BUxBxskt4zX31eFcUpfoKvMjOrdUAvN4y/Fb2KDJgJWm9qjULweg+hL4RgcJe+ObGtcZOay2feR12U1otf57w==
298,2026-10-04,16:48:00,50670,2026-10-04 14:48:00Z,74 23 42 88 98 14 71 58 88 12 37 33 72 72 61 16 79 33 60 38 73 87 92 41 13 62 57 57 56 42 63 6 23 68 49 94 66 39 94 78 19 8 10 78 29 80 21 65 40 14 4 90 69 24 14 25 53 37 97 56 60 70 26 91 53 95 47 75 47 73 22 44 73 77 43 63 7 77 55 10 100 75 79 61 32 13 55 23 52 59 36 8 42 94 5 62 73 57 85 6,V2l0GzC9FIPlJWbxdbD4oqxqjI9//jQcX+gWBs18NZtpHN1RWEVng1dx/iZH7SjXzqFTgVgdcfNwlLb5miQhugrUxBw67pJFstKH9Svl0tc7XbCtUjZ3/YTowXPIp9r2IMGRJgPPi4UxSe+VFIF99/E2CEbOEcS11NV3NFrqnFNbQqpni3BP6nIjhKWG6XoQyPp4SDC8UndayIvGuTHubYD2NNEixMQpHGcwWziBeXrzlc5ZTOPyKAz8ujuspiUZg3eLsf86RokMBJghCvV8qysV+jjFjr9ZLg7/77qk47KmiC56nnVCmtlXCIQda5C6zaC+HO2xPu1ZgzkG2u8nvRULnRBPPzEnTB/X0OyFcjgkYsP5mj/0H+1G/9ECwghyxHDBJnJreQfm2BWzOGcbx/IIogjztzjhQHyDrOPeDqx0mrlx76hVzL6er4ibl2aTBJeGHiWcAHklUt/bTqUQ4V44xaxXBF/Lf3An5gIsQo/b0CKJ4dJHMI+BEMAbYRb/2bwd/E4dUmZ6lo9uX4jE7f+sD/pfsa2tJH9XgUJuDzOTeL8Bfm0nLRY7c/2kQnmN2CStU4Bq0am/JRPtW84HGMPGO6/3o5F0O6fDipk8vJcMVryRUCseihTfwbAsRTxv6JJRnw03FkTI2m3SmKt2kdSzeaVNmIHMA1CtaKM3Lqc=,9BUxBxskt4zX31eFcUpfoKvMjOrdUAvN4y/Fb2KDJgJWm9qjULweg+hL4RgcJe+ObGtcZOay2feR12U1otf57w==
299,2026-10-04,16:56:00,50673,2026-10-04 14:56:00Z,33 34 72 49 1 73 78 4 63 33 49 8 40 25 2 58 59 37 83 36 73 10 11 24 71 39 73 8 33 77 55 92 29 37 15 98 42 11 95 46 1 99 72 32 59 17 64 37 41 19 43 13 12 11 63 43 5 43 50 41 40 94 11 19 1 84 46 90 12 17 35 53 13 49 21 27 14 28 94 100 11 67 18 47 53 44 73 53 2 22 1 14 58 49 97 80 26 7 31 73,euMA8U56HpbkCmptj8gWO+oxZRuoL+kcSZFbDg5n51HztbeEkE+jDSGqU2nADpNHi8yhyO4n93qoyPILo4AeYj09XAD5Y8tDpoQUeTeLXjNyQk+xZpG9m52VpRUdg7cjjqzUjJfsjBwDHXJ3YOZNXGZ3N5uue7zq7GDJ4KG2QlBNnRiSiEQVuCda0eSKYEX7dmg2cTh0Knj8vpIQlivD8k+1VXUIl3oWhK6Sq1ZNPC5Nylk/HiXbHyTOHqiVn1Z7BLJ2a3YGvSzcbqmBrMJr8cJpix1sBmQm8s68sm6miEv9OSL0fEWxRz8cIkNV+A3ZA5GZuHvQXQwR1R7PUhArWy4KUsaGWMqR7lupgSY46uztyFut1GB3KeSxGCQafWkpjZQAGJMaZfkRLyrwnPi4IdGUzPSiD0TUoUhTxwuiKPTpxCuyOsd8clfKhkfYOo5p+gzl5xm9gMl3ZVfrXRMmYWqW6xV43+5xycNMXDg11uxDnhog+v8hsC4xxzV3NJgDo9q8Z/uvurPzjXvdEPHuWu95UGvh8LHsFgWXMFygt9Uq+xdFQjg8eRQVh8bmjnnbjwPgZlLR/7DJbSIarBjpYLK3Xgdurre9k9a+UpgXcA5sfBXQdN64iwM67aYM0SYEOT3RYizH9Oi9BEF3HZ8ssZes/klnqCbzhROi68qcyE8=,9BUxBxskt4zX31eFcUpfoKvMjOrdUAvN4y/Fb2KDJgJWm9qjULweg+hL4RgcJe+ObGtcZOay2feR12U1otf57w==
300,2026-10-04,17:04:00,50676,2026-10-04 15:04:00Z,69 25 51 97 87 87 85 94 61 73 35 90 33 42 50 13 66 55 51 63 72 59 79 62 23 4 92 98 84 92 35 82 100 25 54 33 52 30 96 71 26 77 70 75 36 38 25 63 34 89 70 45 35 37 25 39 69 3 87 37 72 29 96 49 89 80 43 85 78 90 26 95 48 49 95 94 24 7 96 15 11 64 96 58 47 29 100 55 58 51 51 93 59 77 8 58 21 69 72 47,jkwQiITLXpClyzVsIfSIl7INoh2OTsCDCjhyHKPYHT3cBNhmN9q+PKecT78bfTGLGkS4CFJHr3/s1QCnhckluGX71oInVFY/fwrEBiyAuYz/ZepbG+P/1P424gLj/wHT1n6TO0eWqYX3rKQ3pMAX1PuuS2AusjvuTDkXBdExOnDCW6RIYRE55/LXvLdHJKeFdHx+f/j9JuY1eF3M75ZHL64DbVISWVQ2+TbaqgCL/tNqRnCVaMjcgGd7+T8Yl47uBx8G6eXrMbJwRdtNr7OZbOP/vJ2GhphKwpqkrmJQQzdNvFX5EBq/6nsNx01UNgdBRbz/3PJSqJrZMuNUQdNXlH15hePZ1EBkI5stsx5YIxjfDd7cbVdxe05/s5XW879iKZ1WGdQ0Ue9qrwziIZHhQ2FTkg83wfRlC0SIFLM6S5QYQjlb/EkJJMGTJTItvM9hQ3uZF4lqvbv7sP+sn+vzLsvtuFa6K1gUgj4sSe3LpmIrDDexpGZqMtOliMuZB1pBdOEr8fYE/2vqezwjcs/wW1ppdHQLqCC+iIvnTRTb5HQ5lRcZVIf01w2Sj4cYTmhYk3iKhTDqznKtK5HfleiA4MX/vt3g6ufIqRAZa/uu0q85n0OqWSPTaXcB4J1kcdw2cKuONCa/itxdn+u+KFBFfK51NCOBGD++hQ30srkCQ60=,9BUxBxskt4zX31eFcUpfoKvMjOrdUAvN4y/Fb2KDJgJWm9qjULweg+hL4RgcJe+ObGtcZOay2feR12U1otf57w==
301,2026-10-04,17:12:00,50678,2026-10-04 15:12:00Z,15 39 93 13 71 21 66 31 100 5 39 49 11 75 21 70 96 75 76 19 63 35 63 82 24 95 83 18 8 50 27 51 47 85 61 67 12 33 25 83 35 29 17 62 12 67 40 86 87 6 24 82 20 68 30 26 98 59 38 22 92 34 39 9 26 85 55 60 44 84 2 61 74 78 57 76 89 28 20 69 99 77 79 15 82 95 54 93 51 4 72 23 85 96 7 35 28 55 11 87,CQtRFH4gm8vns6auefT1Ea/m6OqmDG2wj3KbEIJwu4h3b0QNWZkS0C36V53HJETh546yJ4+ygnMj4x5ULvlh6Wdnt0MtnvXK+9/KsVa68T9Nj+jprlZZ0OZV1oSNrWG0zPmC4fjwNgywlyV/cuDeVkE/kRyLcz/Mm3BTGUOlmYtBVIg55vNUKmBNEzUbF3nKA69vQZGg3uc3sSx4BNy6A5mJFi9VZNLenT6uyi4lvDdlG2e5VKUJHEfGcJh5fdqpCeKRsQ7aJr7gsgPo5qktafseKxZryF+5BeS7O07dF0hZLqd+AOhb68+pXTyJlJPTX8DYgpdmsivGQ3XxKaXsIB4F0l1sPbrXUcBRlr3pd0Z4SQJ0JyUpLvYQlQX/+MBeoKrNGbaviuBCyfPor8PjTDdRDHgOwvH+iUAEgjUHq4+0m6Qm44nMEgcA6iy38qR30FqtuiGp94HglfPIVb07TwSg8bkNUjBa57ymP0OfkVeMcm4eXE4KLemGhe8URISV7pw3OIdPT5eOShpakXGkgrvL8iEViWGitmmNLmIzdRKorxoUfQbDcy+m3mHnks48oudBVf6VgOHfjnZwqVqzoO8HSXTx83VCIxUIobi6GFq7ukfdxzHFNmEmJrVjEebBz5tPZsPgF4Db3yuQ4Epj+L8MH0FQbw2MQWdkzX6D2Eo=,9BUxBxskt4zX31eFcUpfoKvMjOrdUAvN4y/Fb2KDJgJWm9qjULweg+hL4RgcJe+ObGtcZOay2feR12U1otf57w==
302,2026-10-04,17:20:00,50681,2026-10-04 15:20:00Z,33 32 75 60 80 12 21 72 48 87 63 15 77 81 68 38 74 55 83 19 18 68 21 31 71 11 78 73 85 63 99 51 45 2 68 13 16 7 54 54 55 30 32 23 42 49 6 19 74 49 100 42 60 98 3 13 4 74 4 45 20 4 89 97 20 72 9 97 34 11 10 29 81 5 7 38 23 76 84 33 58 83 72 85 99 25 28 21 97 37 46 57 83 97 8 47 57 69 48 62,r64WD2TfbMj6MIQSoJuwFEebxg9wYp8xR9BfSkbnZafXMADTm50zzHBgzntAr+h/q+OjdDABjaz0g9IaEHS6h86pFP0+GyOqhrMBhlstZOzVoj4AkpeEchrtFRqXWS8Z1g8QWSXSak5hyzm6kqXVSJTwSQ6/+Bw5rGxZZVJ3miWKllOckFfz2BHJ/nxxxbMdllml1ciK1TxGdpskdA9zmfJ1OeWGl846CszhGK+lC7fenE+XoWZ7tWdHwZBWaoaN40XusXPG+5s645edrZMBgcHhYSYIsTa3tEpjRuB0XBrD16MJ0bCNtGG7x0RrLVPaDHs5SYeEn2YGqqvvLyff1LutQfFH5QI6zZC4bbEhYxwy9SGp+N25S7mxG6NgyejuLQM3mcm01hCSWOsg9UHJpxF3lr/hbNP1FQolVnpQjzcJqrVC8P1u/v6bBQ/+0J2kbmGVIa1z9e5wofyEFMW9xgVPyP6J/VfgaSnAXXJCc+oAwURNULe3Sx/5nLnt987UQjSVxohImzHPvk12eTA6Ryxf+4yrjr2kj1R/ZtmmyHJUqycSxFDXCIHJVw640pGvoFfB7FrCcH1S27vQMMZ1xiAsVgeAEN63XVgS3fbBulUdZwCCSPZ4XKS2CkE83yHrU6EvZYXdiPvvvUXyIMSx6C8LkFSh2gMiM8xc5ugv6SU=,9BUxBxskt4zX31eFcUpfoKvMjOrdUAvN4y/Fb2KDJgJWm9qjULweg+hL4RgcJe+ObGtcZOay2feR12U1otf57w==
303,2026-10-04,17:28:00,50683,2026-10-04 15:28:00Z,11 62 46 38 88 63 27 1 16 42 55 23 54 60 1 25 55 37 51 10 59 39 66 3 19 59 50 86 26 42 15 88 93 28 44 47 5 18 69 24 94 80 83 49 80 100 20 86 88 62 27 81 96 91 47 20 39 41 69 91 31 18 43 46 79 5 41 100 100 1 25 46 60 98 42 85 26 19 27 14 43 18 71 62 94 60 43 45 49 69 72 55 29 64 81 93 15 79 58 21,fkgLKPK2nmELT/xIWM2Hh0SmeafcVg2Bxu6tSfVlofZp2esR2IEqXfZBM+K4hmkZw9V1g75HOlGy3nFlIr2uJ0z3KdGErXPGsM6X7QiEiy+I3JEUkmbkfde0WnE+9icWPrvjhgJ2Kd+ylLbnJS06UJPMKjg3n4gj8i7hC4H9IGJJQ9AszInBK0Kg5USWNK2sWDTKGSsgCItg2gciWa+IoA/lVkMJTqUePv06HdJDktS2DZiT0SBZC7yIjM+tEq5XdS3nnGDqUFoltT9g+3arSacv9N4PNuEm29wqB+ABVWUJTkj/9kuq3s6bP06S6qDDHllfgG0ezh/PbB6yfpW1SWlkJdwHhkmdAocgzFdv9MLPA/RsmKLIl2g2dqkEKEYsmDyzwQDQImLbqiVz8GB9QT/UE9ODJBDfxFK/jfrlt89zZRumZMXgosvCpHucDtvhD4Gkx6oHzLe9F0JuuBquCjE//aCgteia2Kx0R2JjhgME+i/jq9jX8Je/6x2soc9/recXjdp6/pDleVJoys128xDqXFB9Desz3v/ttdDy1200yAUCztkGybDWf60IrkiLhzq3kOfaWPwSOPOSVDKflgrbrYEEmr2cc9c/D8bI/kap1fZu6fTKJyFmpoeC3rWEZO3/eHfVBbAqRCTtRafjoPEuvSgCGjH5SWeGIyJ2um0=,9BUxBxskt4zX31eFcUpfoKvMjOrdUAvN4y/Fb2KDJgJWm9qjULweg+hL4RgcJe+ObGtcZOay2feR12U1otf57w==
304,2026-10-04,17:36:00,50686,2026-10-04 15:36:00Z,13 83 14 69 34 7 31 32 45 7 27 62 85 95 27 98 63 29 9 66 99 91 83 61 66 16 6 74 41 81 45 89 13 87 78 16 28 24 20 64 2 88 15 35 65 72 93 1 98 26 82 76 87 58 5 39 34 9 77 83 41 93 96 17 97 80 80 6 75 10 99 48 25 17 85 26 88 26 88 25 41 94 82 44 26 97 88 84 97 13 22 65 2 100 54 23 86 56 6 70,gZgF2pFxD7qf1C+gO1oeizPILMeps5axCOrR/lRMfZbj5RPWF3yio5JEhZLB6guwdnpER8o4l2USF5wEePJHePVFWSV5iD8iF/QBjzIwZix1y0u5hbgPABj9217nW/SKTgS9jx88jtFvIaa3k1yy/PmmQJJYCVWZiyvpF9h7t0cE4tqoEIJCVPmDLHKpmyRsTSalsbQSwy8EeLOS8qKPM6XmQoanmx12fdfCCUGYpmXUf/ZSo2VdRAPRElsVoGQbg7bpqx+Cpa99Yfv2ok5ndAHb7a59+OnNgrJNp/BA64T0+sBePXRk05byvUaEg4DkUPtAp+cx0rCtFC65zZGe9lnhDL1EMqdU81fxOi9U1xLucEUPusqXdJypAOwZGa3zOwQP7vM5Cmt2AbIhQgCq0dFwE783O1KuHNvwe/PKKc5dTTIzJyxymRmtYbAhO+xZnKB6BlR2l9bYH6eV+u6NyPIjJufjzeuDJ8rkWfyyeEn5J9kNVopUzf2RXcMoP/lpkIOUcVaaMbxPaiT4khQGczQU4X+YpKzDO3jzewLREjtlgdcT+vCVDxSmbxT4wyqpTcFy7tBxxIx/UcZyIIeEsR1WXPg1aMbmKs9ANPuUJGMGmeM+St59aSc4xlePynRousQOEvudBlysCBQ5HBKO/AyLQVFSYEHjLkxqqekBoR0=,9BUxBxskt4zX31eFcUpfoKvMjOrdUAvN4y/Fb2KDJgJWm9qjULweg+hL4RgcJe+ObGtcZOay2feR12U1otf57w==
305,2026-10-04,17:44:00,50689,2026-10-04 15:44:00Z,29 64 55 49 40 84 55 7 30 44 43 79 39 46 78 9 89 64 86 80 1 6 76 95 21 11 83 15 54 39 83 41 23 64 44 60 48 23 55 42 90 1 62 49 86 50 2 8 99 39 100 70 94 10 32 48 22 15 91 36 35 92 22 31 95 48 97 33 75 88 8 15 42 59 66 91 37 85 56 58 72 10 24 6 59 79 23 41 43 91 10 73 95 82 96 100 12 37 78 74,0UuAzZjXmfX/2eVadlW7chynvQfmgGu5trLBxEz9WVE+0NjSyuccUUJQ+os2FV8kx4rjcl9YAmrfCkCYkCuZGcpVESS/KxM+6Hpq83ulnf0mUdq3RXRxZzgseLWeOIlWyZ4YSbXdZkwfc7ZUoQSkOQceZsjvfKV+vU2Cxc+lp9y/FcDEDl1VrNQNlqge1mmtgVawEgBuvr4hWB8Xxe5XzYMxen8f+yXf3oIlH+Sui2D4xpi4VojqUfsphpkPRsu5StwXZ0bi+KfhHU0QZ0JNNeq8SUa0H/k/aJBXMHBdrl2IomFh6wJZ5vlUJH/0NFmldrrHu1DiyYWh+20cSX7FWGdGm/L8akd1k/HNdFfuh0qGIxlwuH3u0VTeYzfXuvWz/POHwmQpWfn+xJU54JR8D8M2aVWI1EUVTm7Q54JxzNMS37bLQaBP9SYgG8yns37FxjP486E+/z5YdNCIKvZzNPKdjGOXtv1EsjujgRRM5l01pHKSmC3wk5+UQzXxJxXL7pX/6heLsDf67O5xlYkrZjyKuyBC95sq/ijQWZd7jXy58iyRRglj647sLr3G/I/6oFATQSMfGDxWsbaiqrc3vYjTOEZ7TV+ktUXt0xLTCZd7bLSPwcZH+5Mfaf/0u7GbVU8F6tLphXjrSwajjiR9oFAE1i3iF7VCn6i9yleMzJU=,9BUxBxskt4zX31eFcUpfoKvMjOrdUAvN4y/Fb2KDJgJWm9qjULweg+hL4RgcJe+ObGtcZOay2feR12U1otf57w==
306,2026-10-04,17:52:00,50691,2026-10-04 15:52:00Z,90 32 86 25 77 53 86 96 85 16 87 70 97 50 42 39 100 36 48 96 30 54 89 90 82 56 15 21 60 29 63 20 39 19 3 78 50 3 46 66 25 34 65 15 85 28 39 81 96 75 17 86 5 38 15 35 46 24 46 78 86 61 62 6 15 53 83 2 59 57 85 41 67 65 95 26 64 31 48 45 28 24 54 83 86 19 2 35 28 22 93 89 83 36 9 73 7 57 25 88,BpY4Vbrq7jUSATfaReODoFgncPxTNProuOoPwQOCuutd9Eo+pPiIKEDwAfZ+qK1nu5b4LwolQA3u/Qitf3zDXwRDOt8A4iqyU6nJSfUb+OddtybO0/JVtgMJwXoRECloFFaRu15tThdjpxQ4CGFESyiqGXy8BgLIdemxRtrU5FOw/ifT5faX5rEW1fmnwRaAnFpOksxqvOZzH2XBUHD48eI195Po8V8xU7GxBypMlEe4iqouR3/t93fGAKm/fHuoCNgdXZUbL1VIJzOmeg0GOz0eHPmud81qNTys9ZXKA7Ub3kW+byUxSIU1CyQv2v78cZqMqBt2qj5aNhuyICXGxLNCyG9sXTA2qRaxiHkOFuI9DBepiGz+4VRkMOQJZtvRD6SQdi65AL4FLMUFU4Bx6AVIpXMkSUzClY3IPqzS+mbH97q4NP0MTLl0rDqL0CWJMO6Xx4wEAULeQb3TcMYs/89kLmCnwXkC33NsMpHOlH2MrSegernxBN82VbOjh/ayOqPw9l8fuFvAoY5b5OCMGYWWTLHiXB3nlaY9PlwdZs5GQPmZ9x/K/NI6/r3wTGAGvwrndeJi8kLkMpvbAj9CYqeuSaiPphTRKsfdE6ErgIKVfdTCI4KQM9thDB+8eSoLXsELOG7zORdDXQi2yTxyTQzRsrijFc4A313j2X6f28Y=,9BUxBxskt4zX31eFcUpfoKvMjOrdUAvN4y/Fb2KDJgJWm9qjULweg+hL4RgcJe+ObGtcZOay2feR12U1otf57w==
307,2026-10-04,18:00:00,50694,2026-10-04 16:00:00Z,80 93 3 78 75 35 30 66 23 2 42 21 61 82 52 77 16 46 32 46 54 74 60 99 66 82 71 61 14 64 14 44 21 4 39 36 81 79 10 22 33 54 21 40 50 82 94 86 68 88 56 17 8 96 77 52 12 56 39 19 84 100 34 14 34 84 44 29 30 13 15 65 16 32 84 82 65 23 36 58 86 80 97 15 32 43 26 64 37 97 69 49 100 9 53 30 34 34 88 50,mk+2cAl0lIRQKKqf0huDuFPCD70sJdoeHSWlVbcVD2ymrlE1S3fQ9f9Ir9Oo0D7IEEthHenOLAssaOEI2IFuGaPmZqWVpOYKoESuIRTsZ1meWrJhFCE3M/o+Jeruvyb5BaPfA/2KAFhOwgj6kWdPvFEbW6x78A80DWmPzfhsZX5WeSHDC1H34XKiNw9JV/4TSeSz4XUpAXXj2T8OTku2CqKMqKbVCZt6q5IN6vsDCQ9+JBQMQm1AHamdh+hiEkVJtyNpxrqkobfozFjrbXInuBx+Y4iLwwZ2cj9137bKarObQKzwPWTcx/efn3bm01x/1Mf0XgoUW/OXBUDNpwpF74cQIW0LlFnfUCNX/epNM28DMtDn6yJMuImVio7rZ0WbDHMtZZjxZa1D6hjNdteOrPmGqiiAS6fZJ1VcYMa1gKIVTe27YBCTeDM4B17GSuAvqzgGilE0n2jyj7bjSIA10jvg/l18ZT80E1OIjTqMD3kktnMXphM7BoT+3glpOxlPo3DYSiWB8a+5nilZYtHPcD/egSQCB6COOau93/dYYQTXjXnScfiIrS517ciW8g4w/muXiD6dhct9Q/9lJZ3c6Xq5IDSKw4IncQBj8qURZJvqv6VB6B+tRmnl0zF0QKmLirzMPGzb7NgbuWaF3/GU+7dR7RinY9eYOzsvZ8SvorM=,9BUxBxskt4zX31eFcUpfoKvMjOrdUAvN4y/Fb2KDJgJWm9qjULweg+hL4RgcJe+ObGtcZOay2feR12U1otf57w==
308,2026-10-04,18:08:00,50696,2026-10-04 16:08:00Z,9 20 17 66 79 75 91 9 90 48 36 32 88 32 73 46 47 14 86 43 87 37 100 66 60 62 59 22 55 2 58 13 11 57 74 1 74 38 56 33 19 29 50 30 24 79 57 76 31 100 29 11 82 6 71 77 79 68 68 46 90 50 69 66 69 40 18 42 29 35 18 10 77 78 75 93 45 60 18 4 96 25 47 63 24 22 37 86 55 50 39 64 70 14 90 60 16 96 21 64,5lLo2tFkQAYmOYoPDOEQtvpNjvN7HN/qVadTbVDMKa+Ib2vJF0+3L5wWFXE9vOfVI0J7fxqu7/BRy8kgllkcsv8ua8J/Nsf1vZve8X0IjWbCqJQnug45+B212fma+czTxL7A3QWRLdfGI+gpx19HIPO2xw6CcVQgNY7T7syGcGENqn2tVN7b8qVNCV6uql0atbGcYg7AzEcrb6HA+TSBwK6HTnMouS1qy2JYT64U6R6YRA/P9DnsduBYRjo245rd0ZGk0SOK2ZnjTsWEwPfkhlwPlUkL/p+uhdnam5U4ejbvRt4rbLaRGCboUGIMmU2q2MKYpn8BTJemvaYHEjVvB8/QGj0iv2DzCsVYp4YrzFtTk5W3pK0boG1FT8IkY1nDvIn6vscjd6E48wLNCEVY6Z9bkJ/8OuBVUPvg8a2dGZGdekmsVD88IwROCMRRXHN9h6Z2gk3Er3x2tcRE/EhrAmGuwzGXltLjM9vQ7NuvccNe2yQpPa139kycNzCwIvzbxZ2yqaXHfvL0LxIthtrEVwXZS/jSd0gDYJ+CRWa6C+C4cINXHALinNyONEYOIuPLGPv25QV8FuD2Yh57cazsEZASkIBEr+LKfYXTguZX5cM3OwjnufTYfKk/hyZli0M68GlkKRrtx2hLBTkP6OsGkcaSUmEVUo0nlWXKcAiHvfI=,9BUxBxskt4zX31eFcUpfoKvMjOrdUAvN4y/Fb2KDJgJWm9qjULweg+hL4RgcJe+ObGtcZOay2feR12U1otf57w==
309,2026-10-04,18:16:00,50699,2026-10-04 16:16:00Z,63 98 80 37 98 84 41 65 75 15 72 97 98 40 9 22 86 60 21 100 2 64 17 71 100 92 23 30 77 54 75 41 81 91 39 55 86 47 76 65 13 67 26 5 81 12 72 75 41 48 67 92 58 71 44 70 65 49 32 68 63 71 100 19 8 11 13 38 9 95 43 87 28 39 27 65 45 38 95 69 66 25 23 50 66 94 7 90 70 36 59 78 74 42 52 24 93 41 62 17,BF6SimJQCeMSWbEbGTxme04Zjny5X+K1gqJXCLgcWVZ0y2/R9zvIom48EgpY1PIS6ky7ty/DqZ3KEyY7q+9+1gl9TklUaEbWbOXexj282Gfr22rOLXL7UcjMoxnO77umF9SWkFG4UKQ6T3VzBGziJ6JQk5Q1gHvjZW8evPhe15wAJPsIy50SkC1g6MEKQ/2PBtd20Ugw6/1c6o9NMRhRwd6C0f84TplHwGpnr8pcQdtvI5oJErVpd0+RVaSg2LdnT6c7BWg258BIaG9Xa0OryODUpgby5TGq7oVLn6UiZbmh/V50gAdn2qav13K9XHlv8LQNjVcyO+2KdlurRw/JC+8FVgqz1pQq2dwTc+kLrBw+mX5YS7C4v4j/JdH/9shwPAz9twk8cqIWfrbtFt3P/c4eQPPrtNAn1phSVoWZLfrrut/anQJG40WOGIuyvyWzPlWXARblYt2wSCegU9pE878RFaegLa7lZM7qq/ewQJHv5OnTZx4x6zuBZkmIDhZd0H5UWeDNOmxHlA6jjOtU0SciRyyN+J1Q52HDq4vKSHKSpaDIxrqMSszQ4OFeeGm9b3GnG0WORdKAM4Pe1o6TA1TDUV23RJxZt2uvh+Q45+wb6FLkIDREwe5SasbH2cSx58Evn0SslnhWeT2rjx9r2qcamRVzJMYUlzcTno2dMxo=,9BUxBxskt4zX31eFcUpfoKvMjOrdUAvN4y/Fb2KDJgJWm9qjULweg+hL4RgcJe+ObGtcZOay2feR12U1otf57w==
