ID,Datum,Zeit,SerialNumber,CompletionTime,Zufallszahlen,Signatur,HashedApiKey
310,2026-10-05,02:08:00,50724,2026-10-05 00:08:00Z,45 55 62 64 29 96 32 98 33 91 21 31 51 95 22 49 20 5 9 44 60 58 29 75 73 75 91 38 1 93 19 87 79 75 54 11 96 97 11 18 55 57 2 31 42 51 43 98 10 5 25 32 52 70 1 48 74 3 17 61 85 45 96 85 64 68 30 16 94 99 7 18 9 13 94 21 45 27 1 100 57 64 94 45 40 33 99 27 36 59 35 80 19 14 91 37 27 42 12 90,EcQDrMIZM2riV0wxH3YzQ5RXoPOhBkCblLhhBoENXO0oFG/3fUa8VrVEeDO5KLDB6mvLmZrk/Fm11aFr16D6gvjogqYCijwscY7vyHWUvOTzCqXBuk/XW3yC6W/sqiDEa9Cr4EzJudr4jdejVo7uS3grXAnktf2lipMnOYPRlZFjLmI5tb3AZpyEVPc1Wa/bQ0QiKe4j/+M6EHXZOk/WgXD04goWTFKVzEb8fPrsjAibTKMvk+uJ/K7WePb1LWpyBSrBcz5GfCcTjNyJX0JFnUF6GHisOUURYvvKHNyt81D+BMmxKET4wkuD+6KTaw1iqcLdr4AIBMSuGNBKux6Alcp+4ZOttpz2foi872fEgKt3YiVLRb73y01OVSeWlDtlCBBibD7Ul9zJbXmstjsh54nHCV5J4JgYD44oba+CSmR1DHWRa7VtorKtzxoa+G432oy8AKSe4WgahWF6k/WVrW56VCYfuvgkBZLaXFJQczH2wD3JdIKqnAcK+WrkRYkQYaCNrUNEX89QsTtJTJnbSttLdtV5BYLTc9FYiDhVRK/EBsQGb5spU4q1Nu/xyybaKB0ifMFaSTGYk35T7R9y99iZA37AKuBnoxwSOi9k3G/PSgTSe8m1MfTgRVZ2OdgUeVdjAMDyeZtc+NR+KXrcnz+oLIVAmJ0zJ06bQYuriW0=,9BUxBxskt4zX31eFcUpfoKvMjOrdUAvN4y/Fb2KDJgJWm9qjULweg+hL4RgcJe+ObGtcZOay2feR12U1otf57w==
311,2026-10-05,02:16:00,50727,2026-10-05 00:16:00Z,31 93 27 77 6 17 63 60 13 45 79 61 67 34 82 71 62 38 35 78 2 59 89 70 45 77 85 81 1 78 55 18 39 85 57 21 92 47 97 89 94 12 13 69 30 78 5 8 14 17 16 79 52 93 81 19 21 60 23 47 88 63 68 89 11 81 2 6 100 41 76 93 20 55 47 2 31 11 56 41 14 72 68 77 5 70 80 45 97 6 22 24 26 19 49 75 69 65 89 49,6msP9pmsnt9pSv2AKI8zTLXzbSHuoGCLIS0y1/HLxk1zSVf2MnRwtPfvaQ/3W25ELN8Xq2G+is5ktkz+q6FP4fVTruMqmwlzsMNc6JWyUctqsOjMvfqnaRIEFnykmE8HpYLBuHakVvehgp6HKS+xJJGF/8vZV1BXB48YOMA031AOwCs+w93FYNGmp9Yqp8dKD/2+r6+U6sW1NjMvO2cvQxc+531NxL9ADvdda+JsspDPKOGRGyh7175fI88Bv+m32dn6dKTXAVDk4h5hmTxhq1yGML2lBhGsraWDCWG1oACjxxIarz7f0B4g0W9A4ejre1okQSezWpM0yNCcDg3WGvkhfQxG0WJz54M7+9GcOXOnHdW8dCYNG6zOyd8zdt/kkTYWM46QQVNHWuphpsuZbF5fykY+fg9CQ4YKLvuV9lAvKSGWqExu75+61lTQjPfsl4DB9D2+5whB807sHjaP8uEZvuLADE+Yt5L4kK+L7YrOmJi6KGLD8n9NZpQwh/8sdkeRGvDTFcNoIH3A7eChRnU7Z9KJtzBRFEJT5NAK+icY49Bfo4u1u2pq3ByRW5MAjPVACjhCn3vy33hwsNaytKjw9PZQNgzOz72Gf+zjGT1oAJEkz3yHxs5jvWfm+C8BSqxs9tckPRqfEdXthw/q/Fhutdy+rDIcqbrLmOwuGnU=,9BUxBxskt4zX31eFcUpfoKvMjOrdUAvN4y/Fb2KDJgJWm9qjULweg+hL4RgcJe+ObGtcZOay2feR12U1otf57w==
312,2026-10-05,02:24:00,50729,2026-10-05 00:24:00Z,50 7 78 38 3 85 29 33 19 17 8 32 2 87 59 52 35 1 100 98 78 74 34 64 55 31 94 89 85 94 80 9 97 46 55 63 64 80 86 80 50 64 47 28 19 23 10 97 6 11 30 72 65 33 14 29 85 17 58 45 55 19 25 59 9 19 16 49 73 85 58 63 86 15 56 67 67 69 25 90 6 84 23 93 52 48 52 82 96 41 67 85 49 81 99 13 36 54 24 1,cJdxi1O3ZJ/IVshG2NRHeFZ0jmOGtuIu2Kt2zXsDRYgpPe/Htgg9JQtfoxpmJ/8m1uAU9cw5oAgdYOLlZJG+wCGXH2EN9qAFc0ADy7iaB1NxemCScjKchStUxlE/tNiNYqnWa9KiC5wNgaPoD4EPiZUf1FurDTDVKAkXZTP34Ee81rj1Vt0UppMcCBtZUaVQrOQqYpndsaCU3/qo9d5EWburx6HHsts1JLMztMYehxnCMEaLudS/MiNRObLb10vIcmMUFJxSTRNIINHIByI5h3eSsdUXqQPCgCYXmUDANS+xVvDO5UwLcT88KCbMlU6xb0wKrO0IUoTSILDyYZpng4HPEc6D/980UppYHDIevFKhfHp2h/QHyuzuXHtmEwxpdIUGSgcf8vy6Gg61ASxy6OnfdJPIGJw0eFMgEaXVzPXUUlj7A80rjt3WUhdx1OO2+rdHKqeY53e22Nx68ZcLlisdvX9uI5J0uVW/8nDKW0rexWv4TRyyllvcUyMbyOl7ABYrf3SaJVE6y0u65XlRc34b0w5VrT/fvcT37tfk74Jlc98yrmL6zp+x9ylDPkT/ndktU6kvWFKZkRb49+lPnCPw9Fy6YdyvxQ770GtzyeFiUZAEgpc01DpmfzbppWWiX701Lxw6bA+JjaBMvBcOz2lchFj/LOXv0UoM9T4rqxU=,9BUxBxskt4zX31eFcUpfoKvMjOrdUAvN4y/Fb2KDJgJWm9qjULweg+hL4RgcJe+ObGtcZOay2feR12U1otf57w==
313,2026-10-05,02:32:00,50732,2026-10-05 00:32:00Z,21 49 75 89 59 70 27 18 88 59 35 15 83 66 76 97 42 52 71 83 50 2 7 38 80 87 61 6 57 65 88 90 49 44 90 36 48 52 19 9 14 91 60 12 2 8 78 5 30 9 83 54 12 53 17 34 88 100 35 3 93 89 43 4 27 34 54 73 75 5 7 55 29 91 31 88 34 9 69 48 62 72 77 62 36 42 3 70 52 54 36 48 23 17 35 32 58 85 37 94,mBscx/sCv4lPcxbYRLS6uDY60NvuH+XFTPIEN8uLZnNuVJJUDPae9Sqfp4g744ERqD6Zg/3T8jLmL2KguMN0W0dEkjo4vJ36PgzWu/wrM8OLzZ1rZaVvrsXfhDqsS85dHaDxcxoXSqtTBuCqUK+XoQb2gC/t3hpxZAXxOeWP3TeAdNVuafflygb5tW2JY7OKtJPmIEOcomtFeGOs1MGFgZyC9LuCenVhQ2xTjznR+iT6HpGe+BZVMhbaneReeT3MA/EJT4aHPbMRB5heDdVo3yq22qYLyFOZ9ahOMaK/MFDofXdWi9sHvs9M7LqTzGkht9u7z8Y0uFkd1tJKZljFOjHb6lzCvq87WpRTBXhPL8HQPZnCD0f985me1mhCj7mkt43r91DqKg+ix1BPyiE5axruugGddYNwvPHp+77D+ufeJDucl8AKWKxNxIYBf7BfeLmqez0q0srvspPRpufyxs299uR/nvI0mZLHHz2ckqnM9DVOY4PKfIEzlsjJpMgaKi0Y6Hy73AXgIDXioSvJSlRToTpZbBthf2PLm82KfR25460MfiNEmJodgfZxI/wf2urP4HVr2B25d1wqKS6fmstOw9eHvnEmeUsr5sQmz3X5WJr6G5A6cVM4MyGZi9kMgI9UZIH+iwu41pBfynBPMR/SVeKYphc+7HJDrPtozxQ=,9BUxBxskt4zX31eFcUpfoKvMjOrdUAvN4y/Fb2KDJgJWm9qjULweg+hL4RgcJe+ObGtcZOay2feR12U1otf57w==
314,2026-10-05,02:40:00,50735,2026-10-05 00:40:00Z,84 13 71 6 96 27 54 2 88 52 72 20 55 87 11 77 76 48 11 56 53 2 29 51 84 75 96 53 22 43 93 100 99 16 5 87 22 85 32 96 17 22 99 95 29 86 67 62 20 14 21 49 63 91 86 38 97 21 22 36 55 46 17 90 96 59 79 20 35 31 67 83 66 45 44 69 75 28 3 24 77 57 89 69 46 7 54 70 73 28 81 76 49 98 18 43 43 85 46 72,W9efZmWRUPDD0UU6D4JwztAA3nJ0ZiyYu7Sya6qAlwuFIfd/vUPGX7yRujgK2a2kSErmIrVCHwR0qi3J/FOmK5sXfe4Rm5e98guu9RvBLHK18OnVF/xe/nSfZOexeibRFTnVDey0aCA1fLo0bS+HNtu+rPArQ5Fm7duInUNcw8E/5CdSL+Hgds/LwLumtsLJr0asyQoDla5ECGYKyiFPKaPybnUUj2WUdZV9a5MxSv5Brd8qmXHqa6eONUw4bGhSnFJBS0BNir4CYFxkRbyQTEL7nf0ma0QQMexw7O2asq7ch1t6CK8dQ9tAEM1kneoagy34m3WpRmYCYQcvMnLIr1Ux1JrTh5lEb3CFFk97bkIIta5k9a9Ge93CdfXQ5MTEoEc7EPM7pl+kMxqB8/9bR9Y2dSgLT+5P6Dn9GKt2dMwVv7TyR8FazxhUDvUeD2ceB4gyRT4rCCdjO6k9L/NbVNTBQqNSkG9kRvD5ikQDMZaTxUMwppIazcJUuACSvCHmGXJFHmIIxuiE3RSy859Y9Xr0TSUUhfZPgRBd4/ouhhfAxyTowANQxCcdQ1xRwww5X8Ien7nFdbFRFZJRrrb0HQ75Cl/dSYASMTq/CcPHXKqA5+cIAp1ksllvLWvToGvn6xQ93UEK+hGdKbDFdvzSmDcIeTh8Lw/FFr1mfdUuAJw=,9BUxBxskt4zX31eFcUpfoKvMjOrdUAvN4y/Fb2KDJgJWm9qjULweg+hL4RgcJe+ObGtcZOay2feR12U1otf57w==
315,2026-10-05,02:48:00,50737,2026-10-05 00:48:00Z,92 54 59 39 52 65 51 29 91 87 42 1 58 49 99 20 67 15 19 85 99 71 30 65 27 63 59 70 9 1 31 81 25 36 77 51 52 20 50 20 58 26 60 22 28 2 10 93 51 22 74 1 61 90 91 33 24 67 43 76 53 70 22 11 16 12 28 8 73 95 91 6 28 71 2 26 3 84 30 97 96 46 27 21 73 21 52 75 12 28 76 66 37 27 23 97 93 92 83 86,uJbBLGYcB4eM0NHPXxNqr6VhvH3pip+hu7pC45QV9Q2MlPmVUSxldc3UKSMGiOtom9JfmvB+3SNz7Ayc4FOzOEqg5zl/iWtzSyPS+1K9YhGaV7ZLhVhQ4I9hkwbdS2ImXih4H5Qe7Xi+fW3uN21pL5WKktYI2A7qvd35rwcMjCdtbh0c13V4Zkl2evcR7jND46fZTnshp4cvyF09vgoy/4r9OvJKz98mFcKgp9eNe+rjt5RcIaSosGsSXkrqyGS6UHBKUkmJTa82fDfGQUo6oPq96dmUuznYN/vOnstkpJAGPPIL6iAFtUdtzK90enu1RMjWnGhdNctWxmOZanOwwa4V/hk8+FIckIU+8bivsxabA2KN42CAcdNUxnYbzrsQseb9tVQgxzn2QdsTANPImlXPOGlWSKX19oWFAlEL1CofHlj35UWJHV3j+/F6D3mVvDZQj4IBYb467BfyPdYCS4gaMLWgGNQTrB5+8+ltAZC1Rd+tS5CUQGaahynyOiemTpVfw9RJJS2E++edKrpbBXt+slmSAYOlA95IrE6CKCnZAMZLyWMVUjgIxHaThcCfxx+Af6ueN2nxtDwt6Rybuz3a6JG4h/Gng3VY1FHjPQk9nfA+E8l27dFaAM0CtdE/vvIVugW/yx4bBf1naTiY+AH6c0ZJEhT6BLRIUqbHbVo=,9BUxBxskt4zX31eFcUpfoKvMjOrdUAvN4y/Fb2KDJgJWm9qjULweg+hL4RgcJe+ObGtcZOay2feR12U1otf57w==
316,2026-10-05,02:56:00,50740,2026-10-05 00:56:00Z,94 31 66 52 80 16 67 57 71 69 63 10 50 31 47 45 42 56 4 55 43 69 13 42 22 58 64 74 72 53 99 42 4 9 34 72 67 90 18 72 61 42 10 59 52 98 17 71 86 99 93 60 6 1 91 89 100 63 55 47 33 23 90 49 14 87 29 74 10 98 80 18 55 73 71 17 22 45 31 1 71 9 53 71 45 95 30 73 28 59 49 91 69 25 31 73 52 74 24 96,Qyeocz6lwH11pi+bwokTi8dCWGV87b6fZd3LloqEIS8euk8CEA+jJFzptHgzGrcY5rLrXh3t1D2qpz4NzC5f2oPVJEkwhfRgmTKuo9qLuR7zHleJUCmtJAp/sQzQc1V4fTMYaDoUEPfwDlJ9j5D6k79nRgPj3GMEq7D3zpN2wyzGXI4LT4BhumIoqnmlJe7X9aWt2FEMo6kwdzzt208bCp9RDfXhjMPwbQIpAB2x94lC0XGn+hlpObo2p25ffiSZDUHPXYnkDvzdEEkjRXIwpgvQ1ROxRB0/orZs5YIFphHroyu7I20MkG/Thk/yXaKlQRBQh18k6SY7ibNNCpGQLAY4JSBCsqllf92tt2U0qy8Gyq5w9PAC2lPT+e5JbRrebIlZrSojZhZHTolIzG/CA7P2aHQ7ak/xLPWJRHyhM93zB/CERFJbzpRIiXgUCaL4U5yYz9UsZu8ZWyzZiiEISV9fVIwsAeX96Kx/PXeW7ATTOByyaMriaJqKht32U7Ql1tbc6K7yh/uAKULd0Bi45dfyY2laongEL60jkoSEhasktK0CYEttaIB0JkV9Ll6lHbEt2X82UEEMDJyoy4AeqZaEaR/fbeFWINa6HayYOKF6FG6YM5qtTtKr8eDpTHFFoCaRxNhcAu7Sk0St6TBlBLNaNNcgVJ+Auq9F9I9bOsQ=,9BUxBxskt4zX31eFcUpfoKvMjOrdUAvN4y/Fb2KDJgJWm9qjULweg+hL4RgcJe+ObGtcZOay2feR12U1otf57w==
317,2026-10-05,03:04:00,50742,2026-10-05 01:04:00Z,71 90 6 89 85 60 17 96 93 90 19 3 39 3 31 80 23 93 79 15 2 85 2 24 23 46 46 2 80 69 36 14 2 24 91 54 71 96 7 6 65 91 43 41 49 22 85 25 23 55 60 30 85 76 80 5 62 8 55 1 29 32 72 4 73 22 58 89 38 73 35 11 81 61 75 100 37 19 69 58 99 51 22 6 45 4 11 32 61 91 16 74 55 89 83 16 96 91 12 94,Ovs9ieKourX7blx8BDXSv7GEFhprMyjp6ZTx7vXrMY9Ojxz6onfYsQsMVXjp4xfeyawuPQj5bZUK43U8zzqIzLtKzTZLeEmeYqGG2ZHyZRwBLoIz6CQKHvAzAuhKD0VXLDoMdSl530HXw496mKEpmqDpzio/x7kFMM8RZuQ++nbUnLehRasE5whQWvKyd2KJZwot2NLIsc2HTPHZwcGQisiTYr5DRYlJHa/dWN9T6694Juk2jTjBLqeSL6Os9ojOlyi/iAOAVb5qJBqy9a+SROJsOYBb1gxJgKjBjecNmyq7ktLQU5hTK2sfZROjabOi/a+9mYdhZ9zitFDk65k3tyMreZ183dDhCXyLk9TA1FFrfJYs9Lvt1RqBJoXzRq5QnQvCnNQZnZnvk3SNzYIQu1vnPf34ilFfZA47Ia8vXb3br5dlnBdwmtrco/0xJFIhOiOFUarPHn4xcOUJ+eULRMqPZvE9/FZ2Q/+2ukmhzzj5vPH0MSw6Hk8CVswGVKTXdDYaOI4abI7o4Q/MGvvr3QLQAGtkog9bn2dW5OzuDs5dCrf02wuynLkLZ1xtUcUKbKoUcppzuASPMIRsH29lg19AqMzpGxPo0qHDvjHDjZeLvQE+0cI70B9mwHwFqGHp/4JD37hLnDnPNCgBW/J/0vDJM4DqXQcaD0+M1Kd+y7E=,9BUxBxskt4zX31eFcUpfoKvMjOrdUAvN4y/Fb2KDJgJWm9qjULweg+hL4RgcJe+ObGtcZOay2feR12U1otf57w==
318,2026-10-05,03:12:00,50745,2026-10-05 01:12:00Z,25 62 10 25 80 78 67 48 17 43 34 31 24 10 22 9 55 4 74 76 83 79 18 83 61 21 14 76 32 52 42 19 62 4 6 78 58 63 63 41 85 37 29 100 44 21 43 69 66 30 67 11 16 63 58 12 95 40 21 23 81 92 74 88 55 69 6 89 32 96 74 3 70 8 55 63 97 35 37 74 3 85 41 57 35 43 27 23 90 56 50 39 38 29 21 60 2 85 95 48,OxP9qDcE6pFBRpoLCmoon4kIALDrh9Yo3BpAfLqhwqRyvsrwC87W9bopGrkQcJgWPhSA6o4MJbPzdTFBumq48KYkZ5UKFaAlAMMjZEZbsTSk37f7IsDJx1EYYbl3O0NIJiX20doFa9oZsD+Cmmk62A8fiO5vdO7ypWGmtb0yaHgHp3TTwOvHOhhvJmD7guBGQh1N2+v0foI01tddM49X2vHg7O4QzJe+VEoUEFm2gKFEjSwcQce5tkvfDXzsObscbzzFNFNr8GKfwdpeeg9LfOvhNT+rMrIXZwTdcrg8H74mDVYeVKSNR/NPgsCrk8AvY8spdPqpTWj07kjXUVXHDo1uPKol1d+4h/KyBp314b4NJxWPqPEi/D1aqfL72oIL7r0riVH6yo2TucF8wun1c/Tn8G/e1tpUMxPS8iNK5smwfPsN/OPCn9AcAVqJ8JgG6dwb7YKuC0VoZvStZrvviK9YVxubg3uN8tDTYsPc5FI3pAT1HOeD1pWTOcavsymAxFHvn4CFU4dcBar2sE3R5V4hdpLO+bNUgLGp+wrO3d/QFUKxuuz0SGAOP86+vklx6aFEiCUamMsHXEHhqRVZYtzS77XX5LJilytSde4CgnB5qaZQq5RHJzOl+neFFk6Kw3ZQViCWtm/hzrRH6vh98CXAAHKiQKD/h3rCiUReo/c=,9BUxBxskt4zX31eFcUpfoKvMjOrdUAvN4y/Fb2KDJgJWm9qjULweg+hL4RgcJe+ObGtcZOay2feR12U1otf57w==
319,2026-10-05,03:20:00,50748,2026-10-05 01:20:00Z,89 59 91 46 6 39 50 97 14 6 63 35 20 89 18 80 68 78 40 34 91 86 49 46 33 2 71 87 91 52 48 99 14 76 31 62 70 43 91 27 22 16 56 42 27 21 17 20 84 21 11 12 52 64 63 80 30 82 69 88 6 3 47 20 52 58 20 81 61 73 5 86 77 17 10 22 42 7 95 98 69 23 31 32 22 11 10 24 28 7 35 73 96 26 62 24 76 10 27 71,g8JYNi79/UBFpsAcY3OjG6m7nRFroN7guHpDmLFoMoJEMjAQ3gAwW7ZNHnzlnOXrjlmST2/5O18OcaSEfRg1u4Zxi4V5cf39Ukul2IN04VSwxNRD/z8rHtWXxP56gxdqt4kplBr6ika0WqhOcrVSff7CzmtUpkB/JKj9jEfCH/fPViXsUIE+zuFdzRWgNBUkJ3iwUVowcw1CvrGLFGAPuDMkCDaTU7W1r5yX/Ir7GaFfMPW1pa8HxHDi2xtgrHpupt8i/XHH/Vz2ZAO7R4Z7m7atn+Vtuk3LtylJHNXGEmXWERROaPagEczUBsvuNrrtC/Upvy/3UV2P90PDo8C65ZEuO8v3m5JWtFieS4F1Au0ctJygLGUN2UaQY8J+HBlbgj+NlKjx+NqDXBaawRInFCCYuhs7AZkrhLZb4tgS2kYM9zu4F3auvgLOHX7qoccovVcWW+DIp3nbZPHoXTGfHNxLv6xmsJ1SdWNn/5YSrPytuOgXynmeW/V7QfKOsfhcgw4xY/sxgcTvlCj4nHFBmZLhAqdcPnoWsczigXkXrTBvEA/cXKYmjVfvxMs2kSLH90BVeHg9mqDNrPstmtrbsDL4X77/TelBmPIylkW14r/byZuQq/lJcit/hIKWbAB9ja4LskkT4hooPgeGTFEGHmQMqpbbGx5xrFto/qkCYus=,9BUxBxskt4zX31eFcUpfoKvMjOrdUAvN4y/Fb2KDJgJWm9qjULweg+hL4RgcJe+ObGtcZOay2feR12U1otf57w==
320,2026-10-05,03:28:00,50750,2026-10-05 01:28:00Z,71 41 6 4 66 3 62 80 7 93 38 35 59 88 16 81 58 17 68 67 78 78 21 13 36 2 12 100 85 78 45 56 59 68 48 15 58 59 62 38 84 81 85 48 36 14 44 59 34 62 91 98 9 63 53 99 30 37 7 6 75 36 95 56 74 100 39 67 1 10 91 92 33 2 17 84 74 38 41 75 27 5 18 100 81 57 58 67 67 83 67 25 97 10 100 12 27 37 34 51,nasx/how5zFyJSaWY87hsv5Ck4482yCU/LeahRuMazC6dszzAsHPrZNV0pvatk/VP0k82htxL1jcT47i+09+Moaq+anNQGrjuqFa05UDllrCR3NZUeFse4TIOqsSvhgkeBPwpyF8SZakGJnghROb4CIsRRXfJLsHQelZBv25bWA2VIYjS94QhiTiwGKE1YDn4uHkzqSY8vVrqvG7+pB+mYWYTIQv4dF6XXjJFSm4weCYd+C6RFdnoIhi+orC9CxAfKsCupRVqXfRX8yjKCWgwz1HlCuj/B7cSfxidhmpim8efw2MoEmQbmWR93o6kd6uM0aD98C0W3IOlQeF+l53nZcXtUm0Aaj99MDSr5E/XOJ7IbWxv5Rh4mHw12a5puMK8EDUbgtTOrtaoaVmeFGaWCpPEG6/TOPsamJZPJ0X+eebKrLSri3iRWB4eRgxu3hTxzAsEzynN9kU9y7fND4QdvscrFjBnIg94Y4qki2ksfeu2e0At0rBpgMrh9c0+fm5JZ1ZodY0A6GaBLjwhxlVG0bnHWSKR3Lw06YEv7GyBXT4dzhC32TCR0/r33dpkxjLpM01+FDqnQXH8wsyDpcZeQTWKVrl5JBC3HPyyhUjHqf+RxY7/FNOmrWRAO42PCiwhdRjPZviUsBHE63NTP9ObW4dJfHfUYPgkqNccbPSe5c=,9BUxBxskt4zX31eFcUpfoKvMjOrdUAvN4y/Fb2KDJgJWm9qjULweg+hL4RgcJe+ObGtcZOay2feR12U1otf57w==
321,2026-10-05,03:36:00,50753,2026-10-05 01:36:00Z,38 6 98 79 41 72 29 80 45 20 61 20 26 13 55 12 35 37 32 51 8 78 70 98 61 24 12 87 36 71 6 78 37 22 10 68 51 57 95 81 100 36 74 88 81 76 5 28 56 72 30 1 26 7 83 27 1 8 45 11 82 47 2 83 1 81 79 63 4 74 61 64 85 29 79 65 20 80 99 67 63 46 12 89 10 57 17 35 16 54 44 87 32 68 33 66 39 29 53 61,WJiF5Kf73S6BLYUIMF7wUAgP/Cp7Uf60UIF3xEhqsg6ZBYzu5j7/6IJjeCQ9oKvCjESxs+uZvuHAHEslgkpycG+8MCN7mWJ6VTfL9Me6vfU7RYteslbmH870+D7iKvyvJ/9XH2K5PucRwu/P+PT/YTjRR8qqU8dTaFkHvz4JzzxDBKq+MjQe57O65FYkMMFBF6iXBDV4egolVXjE5pIumf5t+VlA8eUTAqlND6j6+GoVSYZwv8eV2bjAR6LKZ1FQS4E+AJNsz3u3k7girOzOAVl04Gj5JPkcXFgtX5i34kIC8xCEBr2WJoemHdSlyjgS/fDiV1Pj5mUaRGOLggJ2W0pHkI+rB/L0AfUtwyA2Mu/Y9HA+yYzjBehmFE285wP8m3h4pCaZIYcrRBmAjVdhdBnbFcljf/mzOOnJFoJVTY9wuAiwVPE2BboEGCBIg6NCHOxbqovveyYRI82CFHQT5xbpMnTHAC5PvgNngqhiX4Iz76/+VVsez4lx6Wcsq7eW8rqX22s2y0IFvV8cjh2DjZYXtuefnhna4P+1U4SRjj0E+amv44Dm7ZQVpQnn5Yp8rgC8+4RbpNjoG/8IcWniINT+zULhjgJOeJlOVpwK7bNHv8/kVIeWrx0Nds5cPTOqn9ycF+Y60EWf3CCwRZ8xKiN3YTatGAXv9wxIvRlK+Pg=,9BUxBxskt4zX31eFcUpfoKvMjOrdUAvN4y/Fb2KDJgJWm9qjULweg+hL4RgcJe+ObGtcZOay2feR12U1otf57w==
322,2026-10-05,03:44:00,50755,2026-10-05 01:44:00Z,73 26 53 39 81 22 3 31 69 41 19 81 47 89 58 41 52 63 9 19 90 54 5 35 33 61 50 35 30 62 40 46 16 40 71 31 90 12 39 99 15 66 89 97 80 5 27 44 11 19 71 38 83 25 52 93 58 77 87 83 68 29 76 18 81 33 20 21 55 62 26 80 56 49 3 25 74 45 65 51 34 24 99 8 77 13 17 100 52 38 75 17 71 74 96 70 41 77 55 23,Al1DgkPhVSmNw9RkQHqCgB8UtFyniRVBFH/TsJmBVU3Mq6MBTtfNjF6uZv5piOdguyB2RQgxiZa0uyB+N9JpktWA424lGcdPMvZDGSmwF/rx5AyTRUBzKuhHWoORDWP1XEOFTVyO3MwziBGpY80x9+5XbfcR/Gll3QpnkqGoTLxzWehI0xgpK/a2MExs1eRiKJ69Zon9ybhtavntIxVLQ2fdYewohH/qKi7JN+YUigiIYvvKzPhZWEHpiqNTbVkNaHavLt0PrIJODGXlKk/oA0P3+RmsxMfSyt4NVR4NwwA4OCq4OKbhxK1no+2/BBQuL4Wjr90Wx4f6v5Zmcg/NikWJkhI0eMLEa8kF2qkvBaSsilwoscTw70vRIjQcs4az68qoloe3lTwiovIxchVucMzTvwtw8RhlWuzxacfAEcdGJSoT9ZgWx3JUY610986WICY1oCsSuBypwuJZVfd7BcDtAkHgbmmNoE+5lP0COmfp5VDaQcf1kz/Q0iklKLuTBFV+cV5aXYxa+31ggQAFHCgg57sAIwzWFNfpA27klEdNWi+zBGSXuMUVNSh8NIaLJ0fF7SGvUt8piXdaUSJ5Pm6FnaEXkBetPNznJQ8sNgPzwRpS80072oZhiah9dooQT2cVYPvMsvV6RQDV+/J86CjbE65qrIThO30L0F4VgLE=,9BUxBxskt4zX31eFcUpfoKvMjOrdUAvN4y/Fb2KDJgJWm9qjULweg+hL4RgcJe+ObGtcZOay2feR12U1otf57w==
323,2026-10-05,03:52:00,50758,2026-10-05 01:52:00Z,5 55 60 7 35 55 79 33 95 100 94 63 77 20 49 64 20 86 50 94 62 93 74 56 26 5 6 78 71 96 99 34 85 76 81 84 94 22 9 82 39 73 30 97 85 100 59 6 22 3 22 77 48 82 57 68 96 36 62 48 11 13 35 38 43 93 38 39 90 68 12 70 19 78 62 20 57 65 42 21 74 17 2 9 75 14 84 36 31 48 20 5 13 61 64 18 87 74 54 8,tfVpB7VhvM017Wim56R6SKs5H9+kxLvBcdIaQA2KMDFPuF68y6uQMqGPkGugSrbotMYJN92ZR2dwkivCBH/kOHl/uuIjLiZSXR94UyUpFllzinXKXVPXzQsv0M9SvlrnznetIuZQqA94l1kycs04xw++2oN+l6I6YkyIB4ZQ/5WrKsjJR6sYMtg5edLZwUR6INMC+dwf//zJzPaSdZD0LpVlI/+cqx+sXtczkvSlkcQLo2ZH/54wdcvT5MYXN6EJ996aWGlmhL3Og45HOAMqncygcF+HJr1KlnzLBTzDpRcpBBxkXTNMEumI/x06IkQogq1nD/xF1dQkRcWcyMzAFtM3/L8zTFaDrhSdsL4mg1fttW1xocsq947XZcUEBIWysAeDVPm3tp9CcfsFAGJSGU+GV2sFjWhNQFJP0iwmNOIJLnKKgQyvaoZ7dfLaCEbJV1gxb+CtNhbcCgzHJmfwArMs0O4IEnYJhUxS0urV1NZOBQUdKcQRnzO6nHqviX+VflI7TCnqnCEzFiRUWSdcoCRezbBEVZEhJ7f2M1fPsFgvDFB0Qna267BNw6fA//b4vw7iXqtyQvJVkCg1QIUiq6tLU6f34QaXg4La7ItXgBAP39k6qVkO+GIm0P8Ev7TaaK/pkDI/U3vTg5+LODq4jDFiUSs7YLBO15znOMLk4Xo=,9BUxBxskt4zX31eFcUpfoKvMjOrdUAvN4y/Fb2KDJgJWm9qjULweg+hL4RgcJe+ObGtcZOay2feR12U1otf57w==
324,2026-10-05,04:00:00,50761,2026-10-05 02:00:00Z,41 7 87 94 89 93 14 42 78 90 89 25 74 33 60 80 79 21 37 76 72 99 4 19 39 21 38 2 75 53 45 32 33 83 74 78 13 26 53 89 97 99 79 73 36 48 27 79 50 67 54 22 18 29 64 16 5 27 4 16 46 75 56 69 40 7 71 95 83 65 15 21 43 83 52 2 42 74 90 71 57 69 64 11 63 31 73 92 10 98 67 65 24 30 84 93 64 95 65 1,jCzaDtGTioTTWSxVZv/b4+y9wqhzlxBZH/8OHIUKFDuJwb3wJdjNwUYSO5RclQcsDsgpS3Ubf1QohHJSe34rv/ceISX4ROMZSQzdwpL2dAfDow1AKs2eUIgwaDmxf+7Du8Ppkv+6RGfvZoeOO4FitG0F/+Jyw9AQzQ5vRU4QW+a5ab078UCyEPQtCU4PDjNFoL5qeZdVVwquTCy/Cx6qK3edP7tKI6Y/QUCd4xXlUHoSFqo+JLCSi3eLG+MapbKxdUb9c0xnKQcIR61/uPGcfrP9s5UREtNaO+seN6aDB7GNhREFqFgUdhF2sflLAjnGAhjX665Xm1Bu75Fm2nAZkZdT1iPQ+W2Tq7z9gzWdc/q8H3XZlpF9HnIvYkSx7MNcNbRK8eFijed3xubF1T1BBi0kHbCYP4LSGALfANxTPMT+K368WpsbLBO6z7SyMhS48YYNtASmRLL1GZiXYFlCV4GizTp1bQMSvNhlZ8z/5S+kMFzo3jvPUk3PYeIGcSaeJKSKWQR2u/kr6hSGb0cQSCc9KPLdn8U5AMwBhNvXElLETRBwAkZBFus/A36hyfB+tqSrbTJRo4JcBI/zMrDa+AhtXMxWTruqfrmTBT6vTZFhcNmBwupSOQ5kScJ2PewGto24fyN79iZJTmh7N2LynANCIH+P7MHieQonrKdpcOs=,9BUxBxskt4zX31eFcUpfoKvMjOrdUAvN4y/Fb2KDJgJWm9qjULweg+hL4RgcJe+ObGtcZOay2feR12U1otf57w==
325,2026-10-05,04:08:00,50763,2026-10-05 02:08:00Z,78 45 49 49 80 5 1 55 18 34 80 92 12 4 86 100 2 96 14 15 66 73 81 24 71 88 29 56 49 44 42 28 85 99 88 26 3 21 82 77 27 43 3 57 59 18 7 16 37 71 98 9 73 7 55 3 80 74 84 51 49 14 5 41 58 89 18 24 39 25 48 29 32 6 18 55 92 64 16 75 48 75 59 6 46 90 9 53 27 79 53 79 1 100 83 2 92 91 57 35,X7zx9+f6a0yO2iTGVKbCo+DQHTl80IDVVAvrl0Ir2JgCfsot40cvh1qKW/nwMQz6Utni9gLildG/kORdwTTNusjtDJsUcqsC0UJQ4bITD4cZRUDANbWZfWuj/xwAnjO9/uN0ybCAZWIb0xFXeB6XJxbvKBRaG7z3CCQx1Fg9eNFqZU63BgFqFXAu8j7a9qaCKqZAdhR+vhCTAwczk2Vz/UAiDTKa32kGPQxD8RT7xjs7eKFpCqpGzB83qi6ChoDw2Cw1q2rs7IaIFb29ccZJBZ9aC5r756/Rmz5Ipnj03pJw2y6INlX6FLlBkXrmBqpqxaTQv4p0GmeeBD+MHdawH0s5Pdt+PrDNjNe5n3QYhLnHg3VfWZyYRYlaOIM97adNq/dahsX7AQkKwExyxySqnTI6QpTPrz8s3/b3wKphCUxNH0zVC0ifqGTgnDi+fc25Tq76UY/r2ohCuvJxlQ6fIE5VwbHetTf00ka0Wotz8zXm0mY7tFDB3ZHLESgnBAeM9vBGXx5itX3miBZ1unJw5qgSNylhArf4MWKbGOt8c1nPgkyXSxoOtYIQSoUxMUtgWbFMRxPKvvsUa/oU81jfy+GVdJBPO7HkH35m3CX8TreBEB8iwktMXOGHw3zT3YPtfEfSoEy2qIq4ezi9Bt7xkIBokJ2BAIjY6OLA2xelPKE=,9BUxBxskt4zX31eFcUpfoKvMjOrdUAvN4y/Fb2KDJgJWm9qjULweg+hL4RgcJe+ObGtcZOay2feR12U1otf57w==
326,2026-10-05,04:16:00,50766,2026-10-05 02:16:00Z,30 52 71 93 13 91 94 95 35 46 40 77 97 9 2 22 25 37 31 8 72 68 87 86 47 24 87 92 12 96 60 39 41 40 33 18 70 31 25 49 25 95 75 84 39 11 16 81 88 13 76 1 78 33 76 54 86 64 1 27 17 7 74 68 92 19 91 63 27 63 57 96 41 83 55 20 12 82 25 51 77 84 11 42 48 93 69 55 96 33 1 70 79 25 26 92 73 37 29 59,N0C+HkzSgE7XWMa2d8KYXz/rf03AHqeUB9EKnL2YJ8RzT5oGNGE+FpXN1MFQfAg6k+PeDDCv/f/zhmaKZnrnsnfujN824AqtaK+ZdqPahEZCYbvdU6fTweYnd0yFuL9HzVLadPiGpHiKhXcYUIB51TcFXQguJ4L+UXD0RVkM2aVJ+krcZvIdvjEdMhK5x7wR7oTYhpJKyYlDQaLc04xXFjZnWfe/w8L0wA+dIsdCU4C+uMxy1JgYuIx65RxTde+Ett52Ve8VlQrSrlP47GkNXZQLw+6LuRFW5oCzyxL96ZVJkttn/TL+Ij9GsGRxI4034wuBpN9SkYwuacMotwuvGmP+/q3YpCLB0fSST/6GbsOvDLJ8Y43qlxpemHF8pp0qDlAPfJLLsgRclwAC4SlepIhWczcHRjZPMcx9a9hSPm/qjQdnawgx+qHseSt4esG2szedlRlIonkphgI/3Co+Ksjqt4/Ghd1cnxd/RuJPXQHPmuLMiojXh47BK4qkXve45BGGx6lntL0ZlEFahvYKujL5iJiS4e7hqKJIEBj0uU5nZEU/rOfxwKHJZj8IqjG+jbEIfradiND7QW1okulxEcM6V4mJgZWR3dd2KbpiOJkwORrhfvj4mQLk7Ji3yl2GgVhQw7QxYRKtlKtgYEmB2CIEP1TIB9gEaLYS0M86H4Q=,9BUxBxskt4zX31eFcUpfoKvMjOrdUAvN4y/Fb2KDJgJWm9qjULweg+hL4RgcJe+ObGtcZOay2feR12U1otf57w==
327,2026-10-05,04:24:00,50768,2026-10-05 02:24:00Z,37 7 10 19 39 94 95 63 24 20 87 9 86 95 35 71 88 96 40 55 31 34 24 61 79 94 93 42 33 25 5 16 33 53 30 79 9 81 16 50 88 8 77 27 45 11 20 49 24 76 73 26 15 53 62 11 68 100 39 99 79 26 7 94 19 62 7 63 12 3 4 12 41 83 61 56 4 42 40 44 29 25 41 76 36 77 70 62 38 80 83 59 35 38 32 67 3 46 48 86,cKIcqokRkOhc1nhZ6ehPHgsCdraCdR/lXMrYx53GJpcNB/6zbHaTXJ9H6LUnonSQHTgklsh8M54SQOCLdy0ztfuQn7UR9WIpHBXM9sBIruDYYnaQq/yVO9w70M9H1WQfs5CNODqgBwrWPk4JBEmGs8G883CwGgi9IvcDWYYSFyh2LK4qbu6Wa8Pvu8eXQQz9tEVph3h9lZxgfHrDMYaI5sbXYdchYecZdG70Jcs205nyGcrzFknyNpuW7/VAxm4gNZmuKlIGqqtrm5RMLqirKYX5jM/x+KYBrUJGbtinRG1KCz/7OZ9rqGp9K1k7dAZwzBa2k9TSxqJxyacwW2Bf1j/kUNjJ9ZPUDABBZemn4EUJltE3grTj8WdtZVlHFrwWLg87dK4MVFSNrnKEaQxH5l/1v0XgxR9wej9i++HFbApBl3JSqCOpyvDVKgOykWgQOFR/Hh4OrkldiGvabqhWECNPq4rkVR3m5MhOMrxDKa50yacAWiZ/2zZXpLHFBinInrKAS/XXJg8g2Z6FrCZpWLttZVmQbC8rqMFvO+8h7+wbxaijYGtYc+9tcPXOb7M0g2KW22e4i754nNAEoEYEB+CTkVBvMs8Rw2jkzIP4oMNnhpphFtnmywqgxctqITd2gml61sYPCJ3XsxR3mjIyFwW0C8/loTeXXhmhVa93P70=,9BUxBxskt4zX31eFcUpfoKvMjOrdUAvN4y/Fb2KDJgJWm9qjULweg+hL4RgcJe+ObGtcZOay2feR12U1otf57w==
328,2026-10-05,04:32:00,50771,2026-10-05 02:32:00Z,43 21 51 91 97 71 81 26 44 68 18 16 13 72 22 8 43 57 2 59 35 87 74 72 47 52 19 80 45 43 31 34 40 14 87 46 27 78 13 87 73 89 58 63 84 10 12 66 26 56 90 16 4 60 37 87 24 52 56 85 32 78 58 77 67 79 97 16 26 53 76 84 20 82 61 48 10 94 26 53 80 71 92 36 84 43 4 34 24 74 18 78 47 43 53 11 57 50 39 36,irVAGg+kQBEGi2b7WHoUMr+ZdBnARgbFU434gmi/W5zCg4lsQh+ZmQTdh+w290ROPMGXa9nBdZGwPByNoYx+d45IgDpT/G9LaN0i/dk44LrN/TFrQi0if4bf/d9MOgGTJLrpMVDcdIv6Gn6kX/7LQhdNBO8wN7Sk/SrncW5uDJ1gtm0IZE7xgfsWtnurvbfUABETFUD1BMref20zdIYoPQck2nHxI7M4COyt1W4mmMA0yoBppwqcvuN5r3zJ+MVHDBCi7o90kYB+SCfPMf/laOsGj8uW2YCRtPbJFTknAI25VFqBN21i4LpDQTz/ut4JFc+1qCY+40BKIyEOcDSkb3d2J8drtgqZhODBuy6CC7/m8kIeQrujMAWZwhYsI3SmWfqBAuQcxFZX4BeSZWjNQNQ0YmdXUCU0eZSjtwa2Ynh3Lb/FPrAJlvFOtX2Y4vxBBeddjToOOletScjHh+OegWCm2mebKsB5g9px6xeV06OaBPOtu4oiqXjyZI96kF4wSwyPxu41aqJUv1lFM1LCc44CHcdqnlvKmPzJfZTbLD4x9SQhqy0LFPTJ7L2dlMejd/1b0fqtyAaXf8XaOekVKxgy5PAWT00mGqFvxQ05W/mhWNJIbsnheuPURLtA8eQX5FZ4+/T6VJPy23R/WuhccYXQLnCXDtTfbMYYpgSUtdE=,9BUxBxskt4zX31eFcUpfoKvMjOrdUAvN4y/Fb2KDJgJWm9qjULweg+hL4RgcJe+ObGtcZOay2feR12U1otf57w==
329,2026-10-05,04:40:00,50774,2026-10-05 02:40:00Z,38 51 12 15 88 84 25 9 23 27 47 24 34 62 88 68 57 22 24 42 34 12 59 44 15 38 65 80 40 8 47 25 69 53 24 21 30 37 54 42 41 73 8 7 77 85 94 92 83 36 93 49 23 30 97 10 66 35 94 33 75 57 70 46 13 43 71 76 36 62 71 44 59 53 66 77 39 63 94 15 96 12 88 40 26 75 99 79 45 9 49 86 15 93 82 32 56 90 4 5,rlnpnetYZoJbozkkl/9e6P3GQUiLDyoEtC+KBTjmp8kxFcnUuI/hD+loqzJ8kMVU4EpR7bLRtTm7SrgcZT4hSdMN3MB7irixBiDGRT5/DqLpq6ZuyOpYwBXCUniycVWIL3icflpscvK0PurSTvS8O3JHjimBlC3+MTmHtu+81LSas3/JvLCUNNwqlE4E8GuRmtOCIivgE6h0Jo9dfnvfCrJPh6HZdan+oDWSmE6OJpil9JoTlqXDfkfVfQEK0eKRQQ+G707gcUIZqgkWpB3g+w6/ctJkwVW5QL7jtWz9WVgFPXzYr1cCxukfzeZY2CYXOORNg5A5PUQmucBc/aTmnOwvhzW1zJeGM3pN48amBLl1os9TNVA2D0grqwGGGMkf5l1HC0ZHtEL30N1DEZRFze0zLRimhv/Q9L66vu6Kh4l+vOImCcY/JEejKnkNDwhwr5LDBGCSM6+suAwcHLgfgEgq2KJeRmoYOMNuBCO+sGORWqLOV6fjv8EZ8rw7gf2uuVbtSp8/G4lJYPVTl74QV7L7QClnKqAvEK8hGEtHKA4lQFB9TUSWS6LsTI8qq7cNhVCtHUWnvZ/Lvbyzq6hQ6/NIeg7WQI6Liu9rdh4OXDo9Zb3HUyjI5Oxt9bJAXCkA/kAhrRDpWF9i5B9ulUfcvaW1Xfzxt3VM/zuKATCUPkY=,9BUxBxskt4zX31eFcUpfoKvMjOrdUAvN4y/Fb2KDJgJWm9qjULweg+hL4RgcJe+ObGtcZOay2feR12U1otf57w==
330,2026-10-05,04:48:00,50776,2026-10-05 02:48:00Z,45 55 39 17 100 35 46 42 35 80 100 14 34 27 64 89 70 16 21 8 6 50 17 6 43 89 25 83 77 7 20 36 98 79 86 38 48 41 73 22 35 65 98 18 100 59 21 12 46 79 86 10 53 49 18 96 85 23 10 98 8 53 92 61 68 38 67 22 13 65 3 12 21 11 26 73 20 72 77 12 28 30 51 25 91 4 13 10 47 63 35 10 89 99 92 75 33 30 51 65,LD3kI1sltIUymHf8m4aQfN0/eiIIxPWJr3hUkU5USH3DIpO5ZsYN4ioIjr0IjkOqK/V+2PgonhfIDPYy4yNkOqi26sBKHwFfKTFFHTpIX8I8R0SGpcfIjjfiFUffafFQnZjGtXU3cd8WJK77SIYRdrSSRMsCajN7PM5ZJ7+iq5Zzj3RuUcXqqNqORKh3WB2lIX5MwyuZE4uVp2aiVEmxPyhh/x0Kfq9kkfUJB28g6LMthowguKFJUzNhh1TbRwJxgxOGg9UzcT7McybDFyKw2z8BXuIVztUnjw7FvoY7OeV9YxNOeZmubFOp/3gD1TzH/ysrIQ5Y8dpheCamvjr5V5ETjN/Sqrx3rxrrDByIQGHkd+AQ+uPLoeMtamchqKYKkB1wR9MUtwkKe7JBtA1Zfy8ohJhP+SPs27Oh0oQluPGqBm+4hwe7ERe5xIwNN9R8xWlyYs3qSRd5l8gaDIiKtY7ryTatfUrRMVSsXDxHVLdJsOdSoSpHrojwa4xORl+G3ByiCq8ZMh9AAJQYIx67DEVjBV2yqwDVpl5531q/r3hw8S3b0CepC03fGKTpwL/NqNpQdsOkzobesME5dsvIq+T2l3SdKjOVoySCOmL+uwI3+X0XuvmMjDOPxU3inR6HJ2CS5NWCeDRmsjgnFz4ffF6IADeoRBvcCCrPcorWIlY=,9BUxBxskt4zX31eFcUpfoKvMjOrdUAvN4y/Fb2KDJgJWm9qjULweg+hL4RgcJe+ObGtcZOay2feR12U1otf57w==
331,2026-10-05,04:56:00,50779,2026-10-05 02:56:00Z,55 74 16 97 86 73 97 39 67 54 61 75 26 2 79 93 18 81 99 75 41 16 10 10 1 31 66 85 77 3 65 48 56 19 18 97 68 13 69 87 63 3 69 61 45 72 66 84 41 54 69 76 47 29 42 4 14 47 40 27 52 69 7 47 42 35 88 83 8 88 44 71 69 76 37 48 51 1 23 3 26 57 67 90 1 81 68 87 67 54 26 15 88 52 6 42 57 89 5 94,lnbMPrasJ0Dr9FxqGfkEXxoTq4iKY2z0s8MkdcfdEI+iDH0QgBU/ZnRd2sHeLlGuY1c4M5lrhrie7p0cTFw06XZsed4M41nXBTBamMDy0aq1SssjkToZ0hMzT0w4i8ssqwD2HqABeJJfQ+aXT0fj2MvddkyOTZ3opoTZk3q32btVBTrf7BiNKO6RH9c7b+C4pO0QARQ/PP9Br3tfn3mnDeIWpkd15U24/yxJKf2YIWHb751iv9jf5n7PIsYaAqKCLapk/frrjywEYNXhSEL1Vi6V3MuAIt2CkqDeTdad8ltZpiIhp2y8tNcGDM/UaS3geKKGAg5zZTYf380Q/TSXgSo2oBzkA4TqsCB1COat9kxmjVyB+1wiOGyPdqkwHd4X97sLK3zNgekmFR0Y/iVvfIPBQstLbANtGFTbsJ0aatqk2jzBLrH3rRjU0gkpqUIoV8PH86mN03f0LrwaYdkPnpCBir0CY6Kmvj/1IXqJHR9QJV4hm3FnZU2V/+2u4K8knC24TY/WnXFvvCx4ajtCTrxslBm63r88Gvh1yCFX5T0FQ9+7IVHWVrJXXiDBX2ML6dSTSx1S9zUhuadusKmWFGYuxK7sxIsc9U3guKADu1oHneiMND/3oTt2ZUYTDwNCZEuxDa7gIArDscrB0qm9d9RHwYDt9xi3PhvKg6bg2Cc=,9BUxBxskt4zX31eFcUpfoKvMjOrdUAvN4y/Fb2KDJgJWm9qjULweg+hL4RgcJe+ObGtcZOay2feR12U1otf57w==
332,2026-10-05,05:04:00,50781,2026-10-05 03:04:00Z,54 64 92 18 29 34 44 39 47 38 74 65 66 40 87 5 78 2 76 65 38 45 10 15 60 19 8 35 37 42 50 31 21 67 89 41 10 75 54 81 42 34 37 20 68 30 87 5 13 88 8 60 96 10 44 96 70 78 52 92 66 6 39 51 31 78 9 9 58 78 45 45 91 49 70 91 56 17 25 38 85 13 71 56 1 11 43 55 90 76 88 28 84 16 53 40 85 80 18 19,ihZOQ6zI3b4T1qvOqMBRgdHkhvvrIzUCxxNwlhQ1m3X7efRvv5QFp+SYHdoznwP0WeYsa5vYhTcenBxav3NPl8Nl3a35SwLD8B8jta+4spDX4xcoQjBcNvW+Wr0/7jsYhZbCZbHWTVSM73cP1y1BKcBCN7ahj7hB4GiWlUnUz+uN+Y2K6T1XwEVA8lpTM9lPpgMgTNiD0Cv+5eQJilZKFjbKht16LfZsBfX6yNuInFs1vSWrQdaevFknSYQyn3zEFmHevaZpiY8LHbih3klpycrrkwl2kV8oTLRXUjUsnCywT8w09Te411t5g7LxGT3WWD8+PPT3kyT6yp4dZfhveHy8LEnWgHar1zon6SPj39vFcO00T3N0FRI8PayPpe2FIpcNfeQQqxl7yiX0anSQ/pUlgII4gnz1Cn6eyIdjTFDCfZZ9i0P2xQOj553jr0pu7Yhu2Z7VEyhYx8+InYpoHCA63gjcFQTW1ElvmiszuWT0d05yRBzoK+wrk6U3s1DBlCPLEC9c1fcGF+s7bJnTXq4besqEVU9WToTYoasJG604EvYlWX/ZigtHoapzyah4lFRDd49aJDKqmlcvQoq4pTak4NX/x8CaerZod4qknJE9hiyaAeHUaM9YM7qAfFzEP3Sjn1/wz/xuxak6Y9LucD5TEQfSzh4cOpuYgXzn1v8=,9BUxBxskt4zX31eFcUpfoKvMjOrdUAvN4y/Fb2KDJgJWm9qjULweg+hL4RgcJe+ObGtcZOay2feR12U1otf57w==
333,2026-10-05,05:12:00,50784,2026-10-05 03:12:00Z,90 40 87 63 97 51 85 1 61 90 70 88 35 59 16 51 64 18 31 4 1 49 66 32 14 25 73 59 24 6 19 10 68 43 40 15 62 53 9 50 69 96 59 16 76 14 80 12 68 31 4 22 11 38 48 1 95 61 61 36 39 89 85 26 16 91 12 52 35 40 54 22 52 24 27 77 63 71 90 38 40 61 37 89 5 42 84 24 16 42 17 99 60 94 42 5 21 35 21 34,SZyRZIMFusXxekSyXfiwwVeq5RdgFdDkJqOdjqOsmLoU2YhKG7njeGvcz6mA39M5zksH7DDzEwgFTBfgV4JzMlAziPhtb3d4inE1YFPZl7U2+6yfQ8mTodcOpEwIosjB+9h+4SlJeazRwNBOfDUXuV7CdU2zOGw/ITyQ3IiYT/bQ+DzTaKacRCSHR0xA0223b44cA+0oDfoS9Y0HPhhukGeQP/m7hD/D7U19bu7rPd+ADUyYgfvsGBDo8x8mOvP9/8MANU4OYSzztL2mLwPMayQ2lXacxVhr5xcnNgDnIRZ9M5fJgVXaad0J01dgFDjHso/DBsy7GicUm51aqHpyD3TdEInyLVRwWzSjg6/leZBvfOQek9g5YtYkNQq/ut2KP1dKCw66TvontwdvpcVbOJ/9mEAk3ZwgfmDkHNQY2t/XaDrczv/ZQWT+yw927SUwfmGA5nsocD0aclCUtfV7DDigwcIgmTH0kM6czsFoJIbedMNZEqaGmWW/oFfCkSwjb99TSOPW+h1/IJYfHW6e2Gm3YkTS4izpbk0Xyj7lcfVoNlRbvFu8ccLEvzUpTlKKM5FrkajKbIxaiSZ4sM7ztBJ+1wAxEekI9MU0I3QIkOAk9nagALTeuIzJF0NgA6riqqr02RBymtbKaVhpTMOQ8Mk5yYdvFzqMD+5Uk1WFGL4=,9BUxBxskt4zX31eFcUpfoKvMjOrdUAvN4y/Fb2KDJgJWm9qjULweg+hL4RgcJe+ObGtcZOay2feR12U1otf57w==
334,2026-10-05,05:20:00,50787,2026-10-05 03:20:00Z,76 98 7 100 76 70 99 59 14 52 67 23 14 18 68 83 49 33 29 74 59 5 4 98 49 46 27 29 62 2 12 10 86 92 3 36 48 48 17 5 78 24 91 67 27 3 18 19 32 71 50 28 52 56 22 18 80 6 6 21 68 12 76 99 69 36 34 36 43 37 45 57 91 63 58 23 29 31 42 49 73 95 33 98 15 15 59 14 100 90 11 63 4 71 84 79 8 52 82 27,hZ9Iy2TEXq/0YsZHgwM0ZjuvEWqd7/uar0KX+dbYPZvkMPm11V0OKCCm+gkFbnuMLm0VpFSjukUi1TDrNnAauSxZdiv9994nPWCrQyXak318l3DxdffrpKWrSFB9sOy740pH4CdB/5uMNZumdI9jDjlgpGM+IoVycTMLiZlJt/vCo7KTYZVSDoceSYpKo1NPkeDAk5f9a6GzbXWMf1iUs6wD75N/FMvfXG9fTjpUAM/E3zNMWmVYbQSLPzmk/6bO5eUO1Ef4EZA+A/0XZ/jPdk86S/PLNE4Fnqsp8n0B6gnPZ4JqOtfezso6tCIylWXoJViyXWngFIE4/TsU5Hm20xXToaBRA0jDV+uKtiS7hcqBLbSd12vdBUXrmYCuiW+KiAx9usI28qVvQsGyrOXkQqQ+FEfPfgIEF0Ty2q+CTXv6aOtQIa277uSlOjdCfb6YQXB37pzjBKCyo26jTIpD3rb8BWlpUum9hxFjRL3MTO7qL6px10OQgSazIbCRrRNGHnyyWpMwxEuqiAW2agSj6iczPqNF7cTSKkU/0s2v2OSm550nKsiGCHbJzSR8Dc5p3KDapwjBhD8Fp3W5cK90TUjHrLT5P5wTkmYcWXG4ZAJl4rff3MHTwuOsQ3RnxPSvXJEVcdYje+zZlkj6TjBR/fR7lFAfm6scjdRgxquakqs=,9BUxBxskt4zX31eFcUpfoKvMjOrdUAvN4y/Fb2KDJgJWm9qjULweg+hL4RgcJe+ObGtcZOay2feR12U1otf57w==
335,2026-10-05,05:28:00,50789,2026-10-05 03:28:00Z,53 15 30 2 99 53 66 60 53 30 54 90 56 31 50 72 58 56 77 70 100 17 11 19 85 25 6 48 84 77 66 46 22 34 55 98 83 16 38 85 42 6 14 4 9 33 86 36 42 46 100 47 92 7 33 62 78 77 15 8 8 92 42 65 41 83 88 55 10 6 67 47 44 42 3 5 66 1 28 26 90 52 97 71 91 61 92 25 2 86 71 68 18 98 47 49 47 98 97 67,lUtoE2RXwKol3/ZaXC9S8XQ8Y8iTcWP6vnBucqbvLOjCMf1i3kbWomfX3BAhaWOwcZDrR66/wXx+vjS08QTz3Qo3ZoX3ct2KE/ktM7T2yj05b0I6lGq8YiwjB9n1LiY1z64n3mb9xhvPlf9eV7pPm6xktCTGWbPQHOMsxYcJQf4cF/wMBpBuR46JX63eq6MvGg7BofM9pDZu7AM9j8itjKNfrvKV1I0Z7EKGnFB1v4YUx2gg1jehHXaPJkzI4E7toeULa6IHXwIKfveZ45owjoA3z8TqUr9nS05eUboYeChF9+wQlYFwIbswtLgIiFtb7zxkTwdePtbzF6abN9MU9i/Pg3An7gNcNl8siyY9GeADQt+Uf8OT3cOzma4ixxdmvWcUhmHEZUFF/yDcwJdHwRdd4HK0xDFrSrB4diIsApBCG+OudzVdSEPhnw8nxB9yDZvfpdvI+Cx70voL6V7kQ8UkICJD6wWGDn1v8z9hOD+KPmgxsZBRT+U+gKP9fv2DtlUm/UG++lNgslnlH8JW19BixKMZZb8GZ3YDKLzLTIDMim4OdLKaanv1cTwCKQp7dUwn4Zr2clPjbSR+hLgAa08yzkq9o5TsPihWWdjzUgWZsYZ4hqVLUg6cxwQm66oriV3hzGyALwRro8WoPgMDCyYor3K6/Lx06UaMG6kEC+s=,9BUxBxskt4zX31eFcUpfoKvMjOrdUAvN4y/Fb2KDJgJWm9qjULweg+hL4RgcJe+ObGtcZOay2feR12U1otf57w==
336,2026-10-05,05:36:00,50792,2026-10-05 03:36:00Z,64 34 20 46 77 24 14 56 43 24 81 68 73 34 84 79 74 76 98 65 35 34 88 91 46 100 70 56 30 60 63 60 93 95 86 86 18 33 16 65 30 84 41 44 65 94 5 98 86 60 12 95 73 18 26 76 82 49 58 90 68 99 98 24 34 89 22 24 1 56 63 8 34 80 39 48 67 35 6 94 33 15 52 72 66 7 50 7 7 10 48 58 83 89 41 71 72 13 77 35,OL1Vp7SHexE4j84DvC0K5tC3QuSzb9BT+XPHgBc2SRfnbW4xXLXKEEk6l8tV5i1Rab7wmrAN3ezxQ06+NWfSaw9VC0zg+M1s2o6kEyq0Nh0s6DGgDVL2UAejxOTh/zHEG1vCPoUjXor+vK8sxO/LihVPSeYHr2KDP4MZ7NrybprA/Gg3ckLBcLOmj96Jvc94ChshBEO2Puqj6cN0q7saHMOhfva6Wz4Ybq1M9OpIKzDugdyhPoxfVUgPwvoXJLCgdfPGToBMCXigcG5P6hgeC9FvZowgxX3wpMAflWo1WuIkpLYiWsyQERo17Z17m0VhQPj4ScvLzhGILECx5YPYdRmH5pYdHBjO27mVQSxqOTWkQtoWphziP4UR3KSUto7EKxTa3MZ/YOasG/RnyHTUyiJjStBqR2EItTd+bcXHbpdZRPGXWDB/TCrXJQMnrslfGyLafI7S2dHT9AuyM9X5blFy0hUsUVnF6VLbXruKlwUW17u+pFqkWbiCZ/asfYtyH+176ONwPzmsVxdvFoEY+tojHTilt1cKM6kypQYxjzEAmEQH2KxrKxZ924tzeFQAhTfgiGaaEtr0t8iX6kiHvyc7oHvYZEx0jf/zIk9//hQn2TIJ1NVUpWJwA44B8jPLzLBk5lqBzKVr5VLtGN3HmitkifR3Vz6ZZYrXfOWDTrI=,9BUxBxskt4zX31eFcUpfoKvMjOrdUAvN4y/Fb2KDJgJWm9qjULweg+hL4RgcJe+ObGtcZOay2feR12U1otf57w==
337,2026-10-05,05:44:00,50794,2026-10-05 03:44:00Z,4 58 6 26 59 96 2 52 38 47 69 26 35 72 70 37 93 35 36 86 40 34 69 36 77 69 46 87 3 78 99 66 40 67 14 22 3 43 32 36 73 83 79 31 23 53 59 47 42 26 38 25 54 28 75 16 78 76 31 12 14 37 46 25 67 6 44 27 35 82 32 57 66 87 13 83 94 51 18 94 42 78 58 63 28 7 15 90 84 20 45 35 94 55 6 56 94 37 10 43,DetxECtiIN7lHR22m/TkTGWHHBLo/HIweGAyzOyzpxNl0eAG9QmY3/nOFXOkuaO4BkHfLII8BOitaUuacsJ9+Tz/RuwTju2RAjbkLhWfX4dUg8B6ifZPNLWnHmgxZwkYtPaSu1macSFbN2f2ozKIneChLXhnaHW3gkYOGqjP38+yrbU+x+/1vUGg2WD5Jt/M4gkzrAdJbVv8CJgerKCCgB6b8vGow+oRCVvxVIYpAIdC0sN0SgPB5pFPdqafY89tqoNiKn8vkVqXpztIYQjvNBwGyF/2WmSh8YDCnFiycFkkcBbISTzCGHUm/tLnTgNdQmcNfgBqq7ezjCu3OwjvfqIYWRl+5rsnXYwNg1QEv8MJiu+fnZmi412EzyBECXx5lt0qS0JU6hXmvi5PKvuRZ3k4Ndw9wwsU22+KGEi0nN07QRNqbqXwFKGfL4ui2vjCUt2A1OxPvtKeQQstO9//DQCZ8pyGplbArXJ/7WSaYVmqCkDiKwmNjL7E61BepCNG5IbsW1/3G22EKSw4tizDLEEr/8+qQlp7vtlnUqgJJf10tGlL/UTTClr403+hLqaHRpss7Abf1IKhdZFDIdZHQmX/5IzQakNOdM8MnPDis8qmMnbcODNmUYrwMxpiUnXjxnXiTjXsZ1ZcIcwQDgyhm74/BgA3ZTJBuJeZZSZ0EaQ=,9BUxBxskt4zX31eFcUpfoKvMjOrdUAvN4y/Fb2KDJgJWm9qjULweg+hL4RgcJe+ObGtcZOay2feR12U1otf57w==
338,2026-10-05,05:52:00,50797,2026-10-05 03:52:00Z,66 97 11 4 57 18 22 43 4 6 41 61 97 34 23 70 99 36 56 87 38 27 32 43 64 50 94 45 5 84 66 90 1 88 99 85 98 74 63 81 17 35 28 40 21 55 42 58 75 39 23 2 64 37 40 12 71 5 33 45 45 63 17 89 88 59 99 86 30 90 41 77 18 6 45 21 88 52 28 16 99 4 31 46 99 97 41 83 24 39 25 3 20 19 4 27 74 56 92 96,P+8x2E+vn/uCPhYIhZRw+pvTr2yPtGvw7Y0qf86Ylk2yKEFTKaaPlSiYl6+PKvtfe442AanQI4sNqogmn4Lsl+t+SPq1zZnQERgVkJ3O3FafEyQlD3l9LUKS1JW3hS40oos7zV53YBtBONukvUZL/92AivLFwo2Oa1CeM37OoZNAdzUPJyHtSmkaSB+LT4jnsbL6UHUgi6Rg4YYBu4h4wgLsAYVVtEo8qxa2vu6pogMop7KTnJCJ1ori9m+OLxk2rPOW+OL8dhGyLi6pnQBzzmrTBXpEL6KwLqBWhPIdB1n3To25B2MZ1xl62diKrJKEgniR9rglkwOB10ZCaD0QAqLrXIg7Xq3DWC3owyTHgTrITHIQCuTZSjZCW4oY1uNC3jD3ivecYxYGDeCkGUCXswVbksoXfgASJfCkhnVg5KkyEOqzYWsP1wD1mPp9buYWm5lm+SxXa9XWGj61aERnBUsb4Sa4MyHJmT/NArC1UMc+jGF6DxePE0ltztJhsRsjdVhzSF2q5U9lje2tdFpEGOj6CeDlcSIwIG8crIdewvQSs4lwu8kepYZFfeXcTjggJonkEQZvOUg7Oq13GPIKPVviuhHs+ENr0IklAnFRKQs5xiKG5WGB/99/l1QBpOurHh8jPN9FXnhru54FEE1syAzMsN1kI1WaUEgGLhPYXQA=,9BUxBxskt4zX31eFcUpfoKvMjOrdUAvN4y/Fb2KDJgJWm9qjULweg+hL4RgcJe+ObGtcZOay2feR12U1otf57w==
339,2026-10-05,06:00:00,50800,2026-10-05 04:00:00Z,96 28 23 3 32 84 25 12 67 16 80 46 38 47 72 86 30 89 42 19 44 69 65 37 89 37 100 39 8 70 68 35 33 51 74 86 93 56 99 18 49 22 3 19 26 76 54 100 71 69 34 3 20 32 83 61 69 9 40 57 79 5 80 77 31 61 19 6 4 33 9 82 73 34 83 36 79 48 28 92 99 30 51 18 70 7 40 15 32 58 98 95 5 24 29 55 37 32 31 74,6hIbYTpKlsvOXhVh5RKnrLm7zRWyQ6HQ3Ny26pRJBte1xhwe2UPelIcgIE/kZbHorYxBbBrXCH6O9hAXu5Tt1en/lcM2WEWKJ9JBmGa3O35ETXSoDaYaS5kRjkDo8WFh4JD6mJ50SqwR41sb5sCZDwIVaypv8b0W5Kr/y3UCuEB7NZ930xTGyFpps+mu3kGinUInnl9KFQd+h/8Vm73k6woysCW0YGNTPxt++3TAA/edMvn5lLZO3jD2bDGvK6Sz46e5vn7OSKz+XKKSWDEV6i+n86XM5XbPFL/97WKTlbE8GVXIXF4+KP4KoWcwaXBwBR3NHDt1wOXEacjMrAY7wgI3xJtkU2dY/l+opAUIOvTZO8MsUM+OLWE40Fg97ISPu1rc/AJ6v6VCzyTAXhvBVt6JsxK2nXBNInWUBzCrjwsHioBBRZgV6upo9j7MiP8n+z01uZe0fbf7HIkv7cFaj7m1FbuJYQ39I8nJ2RfuWLnQZ/URrdOTzEIqAwRljCEWsmf6jjLligQxHXnpDEA4/0llcSeOQ47/61k1P7v8m7HdRaomcAT/8FTgQ/Bl0l7vA2sd+kS02KrbR6ATAgmEMYhTCWmr04sBfpuKQqQcmVar7fA4j62C2wIhl2Tj+wK0PnRQN22rmPoTBfgLHhFUPTNaySTRCUQacRMToUnZQ3k=,9BUxBxskt4zX31eFcUpfoKvMjOrdUAvN4y/Fb2KDJgJWm9qjULweg+hL4RgcJe+ObGtcZOay2feR12U1otf57w==
340,2026-10-05,06:08:00,50802,2026-10-05 04:08:00Z,81 34 45 81 13 48 15 68 46 41 82 7 41 17 44 2 97 24 28 16 69 55 98 31 22 55 58 41 8 80 95 23 95 15 95 15 72 27 18 58 9 10 51 52 25 85 73 15 31 99 1 64 55 34 32 1 97 63 59 89 63 69 80 47 36 26 42 72 69 74 86 16 38 13 45 35 67 14 10 80 28 24 99 39 87 10 34 15 22 14 66 21 84 63 53 79 18 11 80 95,wYmRyTTaqpCgILIHs+SQ4QJmoDaeVV2NZUbE3UR0mtcI1KZLemoVlPd86b/h0DOgfeA2YA2leda/k6AHXeBE1ck6GPr6VGDkCaVUi5MuCSCNNqvAgQvfxSJ60rWlGNH+UsgskVtTQJt7id12OJSWBlch1qSeYvFJNDL8lSbuvs9eUfgAGYEQWpi71f14Xe5GTaRu3Sl76EdBcDdZPVXN/oICDQgv0jWIRUsiz0WYBTLpuWaUB0hfe1bbaRQLJnQg7h9Jc4whkrgc267ZFZ8xd/fICZoqlBh85mn9k7mUcflmAuhrSXkoU8E95/jSjWTy1Dv92P8W4Ye/LQH1Mcr9B5ZgjnoGnPOxk/6VAyCm7Vl+/H8yOngmatQRoDyfAy7rT3rExdgsL4/e1uvuuJg0VQcCTKSuFgdOlkrGTErRY2Hv4241/3x/C9r4aCWJCswzG2nBA/J3kRgzPl5bV0nF80ar1FzTzr1skJQa9te8LFdzOpbPAyrNYFM1R+Vi8zykyVpiO9wlDw96HbB7wPj58KC4zODRu/0QreBpOtutVUr4jHJsPRiHvT8so9mQgiYUP5k5QEeI32A/Q7PqXDUfk6PMUCUeGEGKDWGMyDrfPVN+EoDGBWgEzfNqJa1U2R80OodAI8CtOAkZEl3tW+ohgF1D1K6Uc2GvsaQFuxMnPjo=,9BUxBxskt4zX31eFcUpfoKvMjOrdUAvN4y/Fb2KDJgJWm9qjULweg+hL4RgcJe+ObGtcZOay2feR12U1otf57w==
341,2026-10-05,06:16:00,50805,2026-10-05 04:16:00Z,95 42 94 35 94 16 19 90 67 25 26 34 26 81 82 36 8 80 73 9 13 89 12 52 40 41 6 14 78 82 9 5 1 16 54 12 55 46 17 50 16 30 44 17 91 53 22 74 38 41 76 61 91 36 78 98 3 79 37 30 6 66 41 83 13 34 89 3 80 57 90 75 55 85 58 20 14 82 26 51 78 1 65 33 38 28 41 59 71 23 24 100 34 42 42 94 71 62 95 46,5nRfBKo8u3cUKB6iBycncunRj3G4meK2823fgg3YarFr8H9F1KFAH/WGc7mDu6y3Gerz9pToteuBKTMRcDLqCRNkoq33BDTcCjpLLJ2pXhIOUCsSL/0uqEhzZQJsx7szVHx5CvHhzv3bWTDkROGMiCU3no7yGAUy7F+nnwhwxr1SbwevPLDDM/c5svbw3vz5Zz+nAsIVY3p0cI9cy967uE+hKxS5HKn0N1htZyoSDxmrMmieHuGKCm8osqSiPFXesZMAfE/hTNR0CckRprTaNuyEZzg4tZ1GOXxYgV/v0AG+H0GLGKGBdEBkKf+F4gCwyhSnP5jZ6sag71Ed7BvIl297SiLO6OyJfKOs8nLf/qG/X2zPF5sfkQDmpV/xwqZl7IoqqrHDAKDVpGzg5RCHhosyJqvLPZKydsgt+SKjlWQJ+BeBgCCV3Ks444XgOm+8dBzWmATosJ0R6vl7ZYnKVdmW0VYQzACCB2jbUnl3CtxCRTCPnlnSRXPwXXOEWlIS83cZ1qwsgQzQiYbCe4KkXFC73xJGot5/2i2qwbl1yirRJInLEn1q7sIKSJpuugdFWk14+oYf77sfMDlxiJgoBBJDaZPb8Gs9vh4E1gBH3ttEiTAY46sqRuGoinYHV3PyDO1QnkQT4cdBZ0sgmgfjRjUJPa6ZpRHQ16fTs8iBBwQ=,9BUxBxskt4zX31eFcUpfoKvMjOrdUAvN4y/Fb2KDJgJWm9qjULweg+hL4RgcJe+ObGtcZOay2feR12U1otf57w==
342,2026-10-05,06:24:00,50807,2026-10-05 04:24:00Z,13 85 95 60 47 100 28 76 37 58 97 94 53 87 4 50 7 12 24 45 55 20 11 64 36 98 39 18 67 76 30 49 98 71 8 22 37 3 21 77 81 56 47 71 15 99 40 46 29 46 64 97 40 8 71 26 33 81 74 98 59 30 59 24 11 28 99 94 11 60 12 83 10 92 97 29 9 53 28 54 68 73 80 52 63 57 26 86 69 64 38 43 52 19 69 46 62 82 73 52,2Cp6n/IYPJzOH+t/uApiN+ON/O/4OFwLTLVUkbHXJdBHumgAfsxvXUVpEX3B7Mg7BFBA3dEE4jv3nf8WHXOaY0gQGDFkprZy7+6nXuXLE3u923QawumM8fTTETBdGRvMxRCRw7NtK3Sq1Kyru8eCyx/DP2dooZNWMv4k8xrzofu8MTBiRe/+BMTFOqHOS63az3wkIrBcjaC3CnJ6kj7XKGYCR2cFEOWqmwoWjDhdoIuO/MTOKnPMM3CIzjxvpbOq6Lm4wKLXMYxyDR4vpAvqpZtSfyrn0665J3vk3jdVW8xQZRKZVRJW3oqZKOXKcbWwuQFlpqb6gsrMB14zvOOxRKYe4aoTIhThiOWqPhyNcrqxWi8XImvRl3UtNHuoeN6mJHwtd/W7dorRq1lZMlhCamH4LBom42ZFRMRpTFQ0RLUuLvM1BFfRw6OcduAHFnJHNPO5iTg6iBHJlYUUEpEgkaiphPvSPxsg4570qnEm5f2E1BsQ3n6BuyjOmJXBTN6kMWBz97O03o24xz690ghD7WcHNhHlUou032aPRHvz1zn3kjbnKWLuTfruwEYJ72VtgUR+MpZ07rwwt06pef6xUClTYSfgoqyGUZrUZkRCim6XrZbOldQkJBcQ2pxMzekFaCKj/8cGAKutMND+z2ulkPoTO/y14Z0lWyrY8x8EjMA=,9BUxBxskt4zX31eFcUpfoKvMjOrdUAvN4y/Fb2KDJgJWm9qjULweg+hL4RgcJe+ObGtcZOay2feR12U1otf57w==
343,2026-10-05,06:32:00,50810,2026-10-05 04:32:00Z,73 59 82 92 77 38 5 29 6 89 43 89 83 40 86 88 8 79 52 34 89 84 73 37 93 30 13 40 19 74 50 89 17 53 94 70 17 92 8 9 70 12 19 31 73 56 69 96 53 48 26 89 71 50 80 95 59 73 81 69 74 55 24 2 73 93 69 26 23 20 47 80 48 10 89 19 59 29 11 52 46 23 43 87 54 57 89 15 82 52 20 82 70 48 66 17 28 18 85 80,z5LotNuPQS7qVnWfR+VQDz0h3ntq6h1hJIaPE4taO6eKBvWrAwznPDjdGsptfAaVXf+QfXJI/8GpzMfCV3qbao28oTSe/kywYPBW7CH0QNOcId3KZdIO6AZIQTSR8+yBNuLZd2l5IwR26Kq7/xWoOIipJ6Fq9eic2dvgxIehVcM5qrjRVbhPP+bBOBjTt3dpjlU21CYTjQ/0/iQvlmkl9ranCSQtao8kYuRlyaCUZY7vksFn1mi/r81hpsV4P/jiCYTA490cU524dE16aqgCJ3Vdu590Gs51TYYfWlBiLQy+V2oh7jj5+Iwte5lpRqNJ190ZgUV8SQvaofUaDk+A/RypMkkGtTmGdUHmt1tHogHKnkZZ6FbjSxF46m45rDdYZfsSw9M6DDBLSENiPqZqMRqMkoYC3sZ9DeAyy2u08zTpZdwpnkmPteYR4LHCZMTRbjCjxRBF/hxconUAwIedfwwCSze3YqT3HCK3GRej/pSRd3Ey6EwFnFGoNYPv6pbdDzfO8fozZ4H4+a/JkT75A1IdVTZMj9urRtgqENpg0+dqDADuI1Nv8KEHNl0t200ZF1wuhT3QHlpHODtMe4I6vczSAE9kwwO1XNZnS19fy1rBGj7cRsqROEizI3zKW3ow36AssqT6ozbmI8H4JqmPMEuBtEGJoNk3+Sn2j1e2lpA=,9BUxBxskt4zX31eFcUpfoKvMjOrdUAvN4y/Fb2KDJgJWm9qjULweg+hL4RgcJe+ObGtcZOay2feR12U1otf57w==
344,2026-10-05,06:40:00,50813,2026-10-05 04:40:00Z,66 1 70 47 67 1 76 98 100 71 6 35 7 100 10 51 46 22 91 19 93 1 34 48 100 86 76 48 21 15 82 82 11 52 100 67 69 38 61 56 98 6 65 51 71 39 16 78 87 96 68 99 47 20 68 93 83 62 12 58 29 94 16 48 17 41 42 47 33 7 35 86 65 3 53 100 92 76 24 100 64 1 8 54 45 6 65 60 12 50 90 12 39 67 58 62 17 43 74 4,1L+FMJB3r0o9D2/YbDRl69E+V5ZpQ7TFDb6DOusLFbF0WJomv2i9BVbA8HSs7GDfpjLrmYryXQCQPWkVV9TdWdG4hziJMdEGoXEXE4tF8B2Goz0aWUNk0PlmkV6L5q7XoLYV2FrFE1VyeIfPT7LrjMKTihnHw2laHoPQElfw2b4HhkovsWajFoRPG6c3VR8jWEcVjSetK56qDfAZa4CcXS0LaOBQZ5ApWPqa8yTtalA3jDrtdIXyrrPpO6SfLW/lPg9F5TkQUqnfweEBLTAMN9YAGdgdBUTF2lxkImYhcaVlxkUNYg1DPSR1C5u7neeJwXfMXX8qvvOgM35bDok7Pkym5GBMyLtvwk/3QKwt9Ppgs5AFYn0t07K1De2j8yKRwA5A/jRNCso+iYian5GIEdXI3zXQ2OBF2GQaG52yVxew0DaQhFOQt3K9mc3vdVAbDvUgDwfQ/T6KclYZtQjJ3URnpJExG+xwpi3HN0O+anc3WfWM9MztOn3pv5J+Wm/JjwH7ldNjhLs0DNEiuxxHKF1Us+61Nr+FZ81tTSkPW49eAobfEP7K9J+mZlnKTtZ0SL9vIFevOZdjtRL/q4xdHeklGtX/tSQckmhrd+8M3QvRGSaucy4nzylO8T1dU+8RgDHQFZH54htt2oD/3Eb05EFykNzURJUU0dhQTzhRQMY=,9BUxBxskt4zX31eFcUpfoKvMjOrdUAvN4y/Fb2KDJgJWm9qjULweg+hL4RgcJe+ObGtcZOay2feR12U1otf57w==
345,2026-10-05,06:48:00,50815,2026-10-05 04:48:00Z,10 28 38 97 7 79 43 9 55 60 59 80 5 94 64 32 74 98 81 34 88 83 44 9 79 49 99 42 91 19 100 15 6 2 40 28 79 12 99 27 29 6 47 58 75 27 45 86 76 4 31 46 96 63 66 73 10 58 12 95 22 25 10 78 50 2 68 81 95 86 19 56 28 100 98 40 14 8 10 16 15 58 19 97 31 10 35 86 97 3 56 60 27 62 63 30 52 83 32 60,ftIk8XGngOCXzdd4iMk5guPoRLuCH01qgZEtLVa2xuhchf3eS13BBk6TTOmmG0QUKTl1aLG0QA5DwbjxFFtLqmBTFnRdEIn512LlR2ESEmBUM5TwqMm+Be9VcWFyXSQS/+iiJbTbHJVL1RPPJQaMNyhrKofDADCW4xKEHJcWOywGvJcxJ0dXAVXAYFPo326D01fQkE5m0fr/rfb5h5lakZTsEIS1CQAJA4FfBleH2dSc19witnhj4dmYpZv4rgH7qILoIJAlwsTu8uUULWnnQyM1L+LcL7+YimTqESGMpoCTANBZGh3h4CrGNoL4XVfm002TrS2H0PFPPt2NaRtMgYCGcTBnuZJnlLpCF4zF8Xt9a053xIemS+OdxoIXRWXOaaJJFoCMXmMsXTJYQQ0zJ2AHWleJ2ogCxW4iulEclgshdVlFskj9HsA33jgCIjdCmQ16kGhhAQf9DEKVQnUkKhjQl/lZ9iuiudZ12bbvDZfQq/DUVFECpvmMB3t4FtBm0dnfFoqX49w/xtAhnTCnKYf0YalQnyeNx6IoIC9USiMSpiBmkg8irE4G0hOx/Y9JeLxfkAGvhf2KVhbvFIfBsPEwR0tBYjcv7qF8KVEkf9q/vWNxala4BYv+og3MkKCKjHWUWpXTX1n/gFNaSiuMvFa/WaQJlTlCzy1GWWCNXa0=,9BUxBxskt4zX31eFcUpfoKvMjOrdUAvN4y/Fb2KDJgJWm9qjULweg+hL4RgcJe+ObGtcZOay2feR12U1otf57w==
346,2026-10-05,06:56:00,50818,2026-10-05 04:56:00Z,99 48 89 20 22 31 89 96 2 93 28 55 28 67 63 7 88 51 64 43 66 16 75 96 54 94 9 86 11 85 67 40 8 89 57 29 69 32 24 61 95 72 6 86 28 17 39 95 29 53 52 67 39 34 70 26 25 34 4 25 47 45 30 56 43 62 91 69 1 20 59 61 19 44 27 29 57 76 23 88 69 50 79 78 44 55 43 24 94 78 89 1 81 37 10 92 40 14 17 63,Z4gSRQ8ukkXGOtNNfeGuXdJM6oJt55FP99lI6i2gE/UkThrPM79coWvLuQj/DzTFoTChQIP+7diIg9ZfMVpMrUPxhQLV1hQcZUpQ6BwQMHBkqTWW76tFluARt7ckedATvhg62RH91gkkgyghMhiLQXtTLXgZFB8fvDUSMD7JQW2mp4g1H3PfY2msT07QwN1Syvwvo1/MAs1R6ExcRKZs1Anq9rGuVbir1c5bXk08uOrIDuI8XLse37eMvFhi878b1WIzfX0QkbxCOGz6erMr+RE8i4QSE6JD4rLXDYErS4vPRAfi5MkpiO7mvyrBCUO+PRirB+fKsh92uuKOj0jV/O+Ay5bKgimASELY7bSck/BQhya7c91CKcHoYoL1qdXZRG5Ecq+pV0eS681hSSbiMD/XJOlT9iYx6iWI1D0l1w7rwTkhTnjjr2W4rHXI9/nTEIEOgzSlk54lYoI527EoTnPBs/V29e/9dik0+23XUQCPudZSsN4D+JClmWpYtYyZx51vxNwCglXOv59UuBvAbFB3BX/pgSya72uK0E9Y9hftXaxmD3/4WKosfr7CxdCmRX1tx92h8baFS3rq40sVh0wcce/g87qokGqIOTA8f71hA9Xs4HUexUczes3s/AatS7H+DjYDqt209Qh3Oo6mW26trDqkDGf5binutyi2nig=,9BUxBxskt4zX31eFcUpfoKvMjOrdUAvN4y/Fb2KDJgJWm9qjULweg+hL4RgcJe+ObGtcZOay2feR12U1otf57w==
347,2026-10-05,07:04:00,50820,2026-10-05 05:04:00Z,99 97 69 11 47 1 1 8 3 48 63 5 22 7 81 45 69 94 42 13 39 85 70 34 77 28 79 12 36 87 45 13 25 36 86 27 27 98 97 25 49 57 5 64 74 69 31 27 44 90 92 35 65 81 15 22 40 3 42 47 12 38 60 26 95 33 99 18 100 28 46 89 15 4 84 29 48 29 74 67 44 30 95 57 21 14 50 60 95 84 98 74 57 81 36 60 77 93 45 84,AlvkJnBO9Ck0uIBAaD9DyC9D00CdfCpxjei+hbtBDQjSjto8vfX7UamCvSsW2ZJ/L6AMwPo6Toal/yB98LOoCDpnx3x2EVJ6GjOPzBgkbPohpBtSdPat9XlmkIBKDgTZjLUvmis4eBqEXGKYeohsV2wysm3Kz+D2m9KVCESkTkADr0FWwpqQY0zsxZIiFDqSFdRUrjptE19zmdUrYyBrYT5rq1fWL/EZqcTVqrghkGX6Q3vhHSwJJGoBHDGasKUonF7MIopFyiNHM0kI8VtEQIb5XDhkBUNe7yUtyNpMZZLyMy/dEe5pugUUwM8HCKXoajRttLHVCQReWI0Z3g9O4jrpHDq6ZOCPHl+BqkSEVwcDSg9sAj/P0Nl8HBEzqtYJZS4DQvDZg3cY1a0eVtUVlHOr4BPtinS8pB5q2wwmtaEfPqVRzRHYwgl5Oq883HBXrr8MeE3sdnOMu+z+K7Wu0XAO2dN/VPRV/kXxVGBfFVTw0WO+lr2PeBVUl5S+1Q+P0dAKZYGaH83zcsqnfvtBd5k9Lc3OmRTbEuAZGWKDI1hfpmJpS33BCLCyGQkSyU7SSxE+Ts/Ff24hlI2nSQucR0TSFU7hGzYSZ9HYiGnwGKdwJGkBT3PC4un6bjuK51oU8YXHnQOIVBXPQMRuQFiWH++Eky8yDc24dvgZ6y/1Iyc=,9BUxBxskt4zX31eFcUpfoKvMjOrdUAvN4y/Fb2KDJgJWm9qjULweg+hL4RgcJe+ObGtcZOay2feR12U1otf57w==
348,2026-10-05,07:12:00,50823,2026-10-05 05:12:00Z,35 34 26 19 89 58 29 39 24 19 81 72 36 74 10 9 22 70 66 81 7 10 88 68 78 21 100 28 35 5 60 81 80 48 41 17 85 71 50 86 70 68 85 69 42 81 97 83 48 22 84 38 64 94 94 100 27 42 4 90 75 22 74 91 9 63 4 80 81 98 8 1 73 53 80 65 55 1 62 24 22 45 34 20 47 40 5 83 39 34 4 65 87 82 90 48 60 6 52 48,BSjYNnLrFHuKPER6JiFbluZlT7CJUI36cw3cOPMb49smy2JNwQdl9h8n00wU6CIsHgOPN/UVivfLhxzE6z2TiEXVgH2P1ajzGUTa40zl3ykOaC9uYAjtQKWwLSEmtHRd9BD/650Fv+O+v1vKjbjph5fICLpzoB6as/+qDXD1+5O7+L1Qo7KL4ezraa4NKFB9cMoLLTa8BGPc8z4c/9RBmj13hLEtiLE8V8fYv+O2r28uF/wm/4R0ytOHc9SOqy4jysOxIQdJs3l/s0W2MRM0xfl/15FDKGks+4QbFIOylMeTst8rnSOP/IPQuvHRoWqDqI5cGKfCFHUJL05f5PQW21822fy5q9TXzgZpuWu1BnBx0KvH2oro7iVNsfckCVpk/5sbc9BMLd/GzQscZru+Ke7eKyil6uM24TeNz6QjUTWVIp2hV5g9e4quo+lFuJYY3uNDoJZhTFuxwxX2WCkqC1JQzIqXHTAg9Iok3But3s2JRGV97cTWoUMXgmMueN8vewdV3lBL3lw+f46opgHScm4A+nU/05dVFG/rv1uTlpsMmFxYqjGmxYeV4xz7Pa+9Tn+dMDrlkUMVc5kJ0zw+CAkOwzEBMcquYqN1pn6S0pcTU/cGDUf+WpZAX8libWu/pizt8kstX5vcro4ds9O/0h+egWydJLQV6feDutipE54=,9BUxBxskt4zX31eFcUpfoKvMjOrdUAvN4y/Fb2KDJgJWm9qjULweg+hL4RgcJe+ObGtcZOay2feR12U1otf57w==
349,2026-10-05,07:20:00,50826,2026-10-05 05:20:00Z,88 49 19 85 57 74 44 71 73 24 96 4 14 38 46 10 55 40 77 18 42 45 39 52 19 82 71 30 74 3 100 68 69 62 52 3 48 2 5 18 75 53 43 22 55 32 23 24 95 96 9 60 34 10 71 15 76 38 53 89 67 18 89 51 24 4 86 100 43 11 89 29 45 74 93 12 35 11 36 61 78 66 37 45 3 5 32 85 36 46 52 46 11 2 41 79 73 18 64 27,PdzQrN29Q1Cq1kGZ8fqv+f5r796iWh2mIyuGfkKnZ40gTpcdxV6zv36wncFOW5LOkb1FF/iZlazYkK8KTr9n8eZ4K/GfaLQAfWt6HlGzyiD3ffJUn0f3+CqAndm6izZvZ+rvP0D+LKOUbujPlPOSYaoPqTb/kDr+u9pJHLuAM8x0xbgfm07SBPBCGyl9p+dNhqzG36morb/R+AcPLJrbIglvNTLUIPIfZa0ruh5fMPr1my/wNz4eePxAThgBTze0/WcLFWc5GMOICVjOY6cbz5Q3Caeuq8XGStwiZzizyF0BVUhb4s3wrm7amYwVTYW3x7BT1DgDzyJAFE0EQjP4+0LKGuuD+UJYe2EQAhBoNWUjCFFAhfmFC4hfHaqHPfze3BgHVYtOw14U9vPfzswlyr1otP2FDC2F4iA3RDnNovMFRpRvRV5Q+F3ZcRaLGECBS/6YtuMLWAz60Lb9zcPj1LE0sc5NsDq1Jqkryh/oXuNT9XCX2dPSlNyoQLGVIRy1t2xlzScd/rlzhhLN9uWLW1jihfwDcDSqR5sXgjnzSPiGxBtl4bejfEFJYjlv12kMa0a20LQ57k1hHhgYtForyrwKuTJ54gqhWTBPW+lSQSaMbiJ6ao9Z8j8Zk/I5nbdxktcWo5UWHKxNn+CTXkYXdBOdjmKv4r7iMp1b9u/+8Wg=,9BUxBxskt4zX31eFcUpfoKvMjOrdUAvN4y/Fb2KDJgJWm9qjULweg+hL4RgcJe+ObGtcZOay2feR12U1otf57w==
350,2026-10-05,07:28:00,50828,2026-10-05 05:28:00Z,100 53 25 4 77 3 48 8 87 36 70 24 78 100 70 96 25 75 22 64 71 82 100 78 17 56 61 78 15 18 55 61 63 28 17 44 77 35 27 5 31 50 13 35 89 63 23 77 58 59 20 29 100 72 48 77 36 86 42 87 18 51 19 9 35 44 100 79 48 24 54 26 78 31 2 43 65 53 90 88 17 11 70 56 72 30 100 5 68 65 96 61 62 75 71 5 24 64 43 72,rVrAwXjl6jJbrsXYu0JrVeTH95d4E9sdLJppPyg50gFDJU4rP6CUsWVM6eAZzRncYriY3bbMfGmUA3W3Tlp1VKIOMfBfbHPp8t7cLE3LA4SnRWF10zjQFQepxzxw60sBHEy5jY8dIs5AEdiuT/HH0k75CxPGdeGu8TR0EdXv5CjDzCDrEg4GdgogSVvoFDH7l+rsVMc58zD6e3o42yb+9PHCNX31/UXfPz6r/UQMNfjIPmKrmRHXKRxOKARGsW9XIVu2zX8hMvGoUCNBofC2jutZchyH1T/KvbswSYQ9UNxJXOAzfbbfddbGHA7XkrZiWFOZUQ71c+qUWMfrh8FGK9MZ988TJIFak5ORV9MkO56jwppW3lD/JXrBgTplz3eABZf0JploM+5a0KekvfAzbL7JLDuPngTxCs6TjUx1UCzJngzYqbYsFXEGQN9Tkrs6X2rqVIOmOozWgcUQvB/I/XlOOYpL0X8nrvgn5L5GTL4/2g67jZ9knhC6PhIlMpc4oVcT4FqQF3vVH4foHuJ6akgLk4jlj7qRHp8kzsSORwNC+IYJGta6JGkMWv2bCrWTc6atOfWNIhe080IEyes/Vo4umianrOQfyQqeu4/3iGx3S6SzkdHGUlxr2JjlWyL+wJU4HCLYT1xgXu/knLnNVcOXcmF3vU8PRRgnzFLt3eY=,9BUxBxskt4zX31eFcUpfoKvMjOrdUAvN4y/Fb2KDJgJWm9qjULweg+hL4RgcJe+ObGtcZOay2feR12U1otf57w==
351,2026-10-05,07:36:00,50831,2026-10-05 05:36:00Z,29 91 14 72 48 13 78 26 72 39 65 17 29 96 33 36 54 7 37 97 78 53 62 36 30 12 20 66 21 78 47 14 73 85 75 43 99 24 2 65 62 72 65 10 57 67 93 92 94 21 10 68 75 10 16 54 43 100 32 11 48 63 35 15 80 27 75 76 44 79 30 29 40 6 8 10 39 10 64 71 30 28 22 46 84 39 96 36 60 11 65 4 2 100 70 17 92 80 98 93,dGv5nHKn4C/8y2AKYwuc4iH+xFOSMifYY6LgbiZpM+MpP7R6/hC+nn2jUL5PAQm/P3Xf4N6jn6Hp4SqPZNfNYtExxBbX9lSsdIFoiQq1YJhcTtNS3ua4T9z9iQI9n2W+UvsXx4Zu+LShuWEOJmnSzUpUZ/8SwDCyf7GJpbnleFCFPvAfIljxexqk2IpIXg+ODjfIzUMNub9Qga+IFNbG7SdwXFXFNRm2IJs9n+IHjDQDGOrtgHw0AO9nwL9W7qoZf7vDFYBYAvLoNY7ANu8rhE8oF2hVzVrhozrWiZUv4vF4LkQkXcdsC8nm9fiZZ+CAWWtVRq7dR7Ecynjk3wqAa3xNW21jRy2Fp0pA9qWvLUzfUdeDmQRxGEY09yTG/hflCtKx7V+lr17kmciO0LygH+4xJjZ96A0zdll+KI07uovZ9mO+1zhkGJFXFcQuF9tN4FEzGL86ziZ2ntMhZoN/UK0UXY8wSW7t9AbRTQvOEKMfGFWehJiK8YcIsCMVvApvktgkEoga2m9LceNkICAcyIOJL1Vtpb9XEFg6Dwm8BhDokW1rmAIWvk0GYqObkg1p5yQ0BWyzFRugMDXjU+NuIs8APm5Rj1e4pCri0Wz2xQJpkI/yHR15MdYYCz/+gzWjumgFEzf8C2Ciq64QfJsLqv7mN7bb4maIru5/hJkwvI8=,9BUxBxskt4zX31eFcUpfoKvMjOrdUAvN4y/Fb2KDJgJWm9qjULweg+hL4RgcJe+ObGtcZOay2feR12U1otf57w==
352,2026-10-05,07:44:00,50833,2026-10-05 05:44:00Z,67 8 6 15 78 85 52 92 18 88 64 47 47 85 38 100 18 14 20 91 78 55 5 45 74 25 87 28 22 35 73 85 12 79 75 65 59 96 87 3 34 70 25 88 86 99 34 61 93 7 75 98 78 10 92 71 90 20 10 78 17 99 7 93 33 57 47 65 85 72 53 15 75 38 18 58 74 38 42 81 18 81 12 95 26 83 62 92 4 70 94 91 88 76 64 97 25 26 100 55,JSipTvlwqp7FsR8FJnQYUZE1d2tKL3VMCU9thLpZH6NzkQX9SZGOdQSZKdma9mO7R5fbzGNFdiKyGYdv2viz6NsUoKXUlSwfAx75hEcXLajQt9hegq6ZSBWuC7GYrkxgVswNTOAi+R5/GSqV9xNHZgKklRXtv2ees3X6Mg6WnPsbq4Xq3u/Qp49wYCgCwWG1husWsmPZBe0GJi3pkMgxiVx3RdF503fpv01HADays0OezjU5dwvwMcwAu5hxq39RW4N4vp2bDxr8nIEiMD0kVtlQF47JYpJ2MQdxeSff5pKmrwl3Ywa6wboLN7GWDK24/KxFK+veDdFF8mDoZDg2VbMY6KY9TYTj5B+N67WFNn5a1yto1a9Sy00PFMQUvGsfe+SPCuuAeegNv/wiPASl1FtyKvzbvJnfpUN6Cm11vxkfEYRFfSepw4b9++fFm2d2mvee0e3PE3rv17hChgn1bAhyDWlFTZssdGQBKk0YzauERfUHF4dj2ou88OcSlMIyXzqhSeWPoLaF+eeZtyiay3+ryYdYlhD5V7WK8Y7L6+/qS8xMyzocQkahQPC2Prv/bZSfiXbrE9rDnAdGiBe/O8gUBLj4Cdec0biaAsekMF9ejSXb6DoPunk9WHYUnfXe2wPNYzDNcvqgoXkIfAxL+3qnSlYXoH3T9QYcR4D5mDY=,9BUxBxskt4zX31eFcUpfoKvMjOrdUAvN4y/Fb2KDJgJWm9qjULweg+hL4RgcJe+ObGtcZOay2feR12U1otf57w==
353,2026-10-05,07:52:00,50836,2026-10-05 05:52:00Z,36 86 67 45 18 24 49 34 58 50 55 71 29 11 32 63 97 38 41 92 90 78 39 77 52 36 91 24 10 96 70 95 14 68 86 47 90 74 41 98 58 53 44 83 84 26 29 49 93 97 35 94 42 92 58 84 17 69 54 77 21 20 72 80 94 89 98 47 3 34 81 27 5 17 16 82 78 51 29 80 34 42 51 92 29 25 96 32 7 68 16 14 10 33 2 88 89 99 26 72,BCwH9BvAXMUS7s2GsIYiap7D4AoOwVmVr0pZrS7E8RNfE6cIu/ZXyAaUkv7YEFRgLiPBMr2fKaVkffyG97J6fF1abUZVYJ+a3F0WkOAuDr/LWJCzAlsodBxSaaFplcog1CF33d2Ik2N5gR3CUIMl0yOQCXGYQ8brBZppu/ie0+TZf71Zj8i3nET33of/eqUpS1n98VlkCZ04nfdXTVSQYiBBfElLrE/oxiJxr127mUSaD+WT0VpailqRF/SRoWvbtv7YP/xwxVQJeZawWqhs9KBsdNej/IkM4Con40FcJep1USKlk3vcdyf3Y7xwOOA3IYSlF89J60pcn4suN5u2uujw7METXYdS2O8Jb4NwDCMml7nmBBT4C3g2abc5VJgVn9dgv+jZzQF/4b6BOIOgol9AKrNs6UzpmoffY2qHK0IZsPBsodEc1mWv4LYdANStXy7ZbjrPyLSpNJrOjW8HdtMWCsHC/izfls+UpgDOzXecU/64HQPjGIDfUUFzgWD0dkRhUE1rjd6ipDdsdEpTbvJ5yuLjtokuXGbvCzhXLow6/FVrafLrB9MYpc5/J7GzGA66nvtepjP0OGXzeUuRzLXPeUMrGYeaQQebkq6JH9DPIxnBF3t4aW8wjZU54w2ZSucBv1xbpJM04k5OcvQSYqyVFGpRu7MhE5fqqOk8FKU=,9BUxBxskt4zX31eFcUpfoKvMjOrdUAvN4y/Fb2KDJgJWm9qjULweg+hL4RgcJe+ObGtcZOay2feR12U1otf57w==
354,2026-10-05,08:00:00,50839,2026-10-05 06:00:00Z,90 16 41 50 57 25 28 76 11 29 23 54 42 100 61 59 67 90 100 63 87 11 65 27 40 35 24 46 63 44 49 90 17 86 58 31 89 82 32 91 35 11 34 26 39 90 100 44 30 99 14 15 16 97 50 80 54 100 6 28 75 65 100 29 99 82 31 1 9 77 45 14 47 48 6 33 39 76 74 58 27 47 52 81 63 43 73 81 41 30 72 64 16 72 30 55 27 73 30 53,Sil9vJiOU6po4mJY5VVJHIlxpRw4g14j2qpEG6xCII9MMOpx2hrkVOMHbaZxru5xC6jOXXyspXtnUh/+kMkdrxKsGlAru0OPQdKyOXgZn0dTaba0aHoJFfHWErRwZmgc2nyFTfzRTryV9exSk4p4ndkPDOGwfoiC9E2eBVjeqmFEq/64qC381j7rdEsQiz8fVEhjRstUUfx5wgns7EbEwbQT7tY5+/9iRaTLIlwBVVQdJpYullR1hlR4MB9GDNmCB50ke5mQLrghdLhqdxRJitCTEvf8spiaYv7AK8Zo4Mfyg1QtmqgY1Ll1p9UB80kKSYJCiFnq/RVS08lxxznLvb7dJjGampxVjt7oap6kmluG3R6gv18TPmrx1dSj1h5lh44g1umAq1GdFPPGVg7DVIq/VeRxGLMCGmEgzcK66jXI0A5LDKzwkJOx1saSkpSW10Kims3riv1MwQIQbUGgMyUCGYiKa+nbVef8ZSzvVCBjcJclGn9Zzabo42km9+1X2GMogVLJPc+t9Uzf+cjkPBZwsUy55tf53Id61pIYtx0yci4GJcTeOLb+5496n1p8crGO4CR7/rQnA4e2zIhIHWl+9PfuXpBV1FSsulgCnysx/rgR4SJf31j03WXoC+GfBALw8oDKu1qmuaD2pP64DwOXNa8eQa07lIWt9YRKgyQ=,9BUxBxskt4zX31eFcUpfoKvMjOrdUAvN4y/Fb2KDJgJWm9qjULweg+hL4RgcJe+ObGtcZOay2feR12U1otf57w==
355,2026-10-05,08:08:00,50841,2026-10-05 06:08:00Z,13 59 61 82 80 23 68 45 23 1 10 73 88 5 77 59 24 52 35 67 67 52 55 95 95 85 22 37 62 55 53 80 91 46 70 5 43 78 8 69 48 96 53 88 15 45 90 30 4 5 38 84 29 11 8 73 52 37 62 96 16 3 53 83 49 94 10 6 83 19 87 29 10 16 28 78 37 41 97 87 62 40 75 54 32 11 97 61 83 62 25 55 19 96 3 68 33 55 88 27,zoCow/Va3UbG2r4GhBuiWLglGVWATzCdLBWO+46RengUmP5oz0EitA5aLPyl2pWCKNtwUJqA8U+rDjnozUl7ARsNv3P3UGW00CgmrDiFQQXedeuRA3ulRMz6jox3bQHaAFL+Szc2znI0XmocHw9LDpld3BwlonSea1RmwWRyAauH2Ciljq9XHwj/c0eTvp9j+19j4lJHaecJBmNLRIIkfJLjEjcMuCleR9LaHINhlzKJV4Exr0JBkIH1Kw7RkUdRc9Hwt2h9T3GwC7/n0lPx+BjnvCwAqJfG4325lZJjZ5PT/bBtLxZBtD0HuGGIY7UXNpukFLPR/XOduzLwmBW98k/J2fADK5mo0SG9e2YIrajc4OSw8okSNCUugXhSpelumiXuU/fXzyEDR0djXvvdGEmL4K40B98X4upcaERzjVEYV9YBaTkQwdljyqF3HWSg8K3K3XQfsP++LYKIgHhyXzo1p9P+xvVPlBTBnVBqoJYAKsCHRrfFAAOr+62z0lP10/jT/ighg0i90nP0nkqc3NmIWn3etYEDGVYkOvI8qT5odDbfDTaxdkCxZTIscfERzsEIfyeOixPq3FJMxe0iIiEt1qVf4s+UdclI25H0UwzRzomc7g2fUZeW/ExQikOpT7BKrzujlxY+/9cPECh4HmKXVk8f9Ldkn8m2eQTiw9o=,9BUxBxskt4zX31eFcUpfoKvMjOrdUAvN4y/Fb2KDJgJWm9qjULweg+hL4RgcJe+ObGtcZOay2feR12U1otf57w==
356,2026-10-05,08:16:00,50844,2026-10-05 06:16:00Z,1 41 4 81 70 47 81 7 92 65 32 25 29 3 37 97 46 46 39 31 58 51 22 87 8 13 12 6 91 72 30 27 13 75 35 52 82 94 96 66 8 52 28 36 25 53 72 51 38 83 50 6 37 97 58 71 16 34 66 94 39 24 57 92 66 7 27 89 70 33 5 57 22 35 80 20 87 49 1 71 3 85 58 26 21 14 15 12 95 35 31 29 57 10 3 77 46 18 8 85,vTlcGQpfYZkLrL08+VeaM769DUbvFdwot0s3ya685IQBlJR35Y0ZqHwrvinKaxS/zeyiZnCV2MoFi5v0kppmxgEJpHCjLu0X+XQa/Tc2m8wW2NBdDomHsm1GWi5yJV4egXXIEtNGSkl2ap574+wDaqQGA/kH9n7o92S2Jz8xDdmd4shnUGAuFMEAaTXcd3F1AYHXYNbyvrjHMp0/R5ke7ujAv/jCXrlfjLkAFdZVwVXLCWKPWu1qfHlteB9G1hm6OyDOe1bTjvZF76bDo9zrdcxhA9EVHCnh0W5CdZRVgfSzRKvTuOIixtYlXlkJziUqbeKt6YOtUep7XT5g8VNjrn8nKFkYTqv3if617G/vSuJDUfW8IGeuO616P+A6gUZlAsIXmGX2B6dEC1x9yGfZMmGr8+LflNlvQnfHeFNwvb/Wa787gsauFRO1luj7Ln88L+IAHBtjMSaNLq/LDXNchMrIlXZgX6uSw2uRhGxu0ohNCIS734FGpZycLEhd3H3V7xWqavTVQJAGZz7FUVD6KG8at8Ji2F4MB6eSzt8FK/SekMOn054TjgZ3/F5EMm2Nm0YB33+SoRHkDYlbDZ+s9x6Q/LWMxh2lr5ZXC0fc/cxPSrfkE3Tp8hbYkkPrOM29sGPHhe1jAQDbhZCOqwzc4cAIJVzhJtdLEwPI1F/8azc=,9BUxBxskt4zX31eFcUpfoKvMjOrdUAvN4y/Fb2KDJgJWm9qjULweg+hL4RgcJe+ObGtcZOay2feR12U1otf57w==
357,2026-10-05,08:24:00,50847,2026-10-05 06:24:00Z,68 35 60 75 96 35 78 16 50 60 16 6 14 38 13 82 27 28 84 14 55 14 61 10 85 74 10 70 7 80 88 64 6 94 64 34 50 98 22 88 41 93 39 34 50 51 11 20 64 46 59 90 93 91 54 87 95 18 44 98 51 17 4 100 52 65 95 6 30 85 29 100 85 84 70 38 78 26 97 37 31 25 67 87 54 28 8 2 7 25 65 56 31 6 21 57 70 41 48 7,JQ7zb8UJJQIJ7LPjOH5RI3LF7bl0O/UrvEWbZZ1gHOPGXQMMJU/VKPzb9tpc73jvomzcuY9KfR/yIW9qR7mlgnMGn9fQfmJb9Ss8PWZDnIOt39kGhQykX1LRAzmIiEwIAb0gu7V4Z8vzBMj1b0cbwyGWBcjtLUMxtFGqDgca3wn39K/Xtz0UVlCKXCnGjhESrhMWPw7hq1dfuShJcmGDwrapC3dSH3dGaKWZSh3yLNxRyBSMukcziQAl4C6ddXmc25he5GxCAdQzhef2IbGjJuUZ2HVitHdmClVU7tJrs9AzfCkSS4Dcg3abwPqYzx1UN67rhqrpoK41Syglnw9EblVzObFRFqNOd4ymaU2AZHGjjUfLYN1jUZ03iGe6IkgoLq1xPqIWR0EOlYk1uF21oG8wLfN9t999qKI7tXsHC5Yhch5E1BsExCaN7qukdyd5NQ5duDFmNOpBOxjoWDBIv9rJyLpq8OrMVH5k30HBrxFGidPZ0+i2fBf2GntUm/a5B6L2BQKMW6AMdsyjqKsdzjXBkwxMDLB0gn0o5JLhhX5SFvKdxbbguaoJZhXujiqZpepvF9e6w4lthHf0iO22wmi1hqS3L+TclWZt2wAMbUWnyQ63a6+o4aO9VqTIsLdib/ji1YZjnXTfPQlAYUYsBQ9GS4aWvI8iHU6BjHZyUv4=,9BUxBxskt4zX31eFcUpfoKvMjOrdUAvN4y/Fb2KDJgJWm9qjULweg+hL4RgcJe+ObGtcZOay2feR12U1otf57w==
358,2026-10-05,08:32:00,50850,2026-10-05 06:32:00Z,30 92 90 71 37 44 52 19 57 15 81 30 16 54 35 56 90 45 48 95 78 54 56 34 36 75 75 48 16 62 27 85 24 28 73 25 5 35 91 74 83 39 18 46 35 80 79 13 51 61 100 99 44 54 47 31 53 54 98 47 81 35 95 59 57 44 11 27 91 85 4 42 67 68 50 64 100 7 40 4 46 25 54 29 68 23 94 14 9 1 74 64 28 69 78 80 50 84 83 41,EO13PB0TDXwSyOKhuN0DEqnsT2UipEpne3TKvaeBo11sAD9KOxtQepJxFGLodzCXQs3p1/gdxxhA2MJmMo2DVIP0e2kIInoiFHBEE7d+EjvuEAC4B4lYPwF7JWork+YJbihjnKwA4Ucraz7sHY1l5H9e22dA5BaAzunNxExsPDGi18XvQlHfmsonapxl7wfq+M2gZLY7oa4ALRH17zK66VZRHgxm6CClBbEYiykgeoy/NpvW4h1z4fKip4BFgk51tSt/C72ZqjP2+6A1/uGFIzaHJwswqcnIGmshxGg2Sbo2ixz7ydxj8SvKuiKgtdRYShAbIJe9sLd2dPeKW1vkC2h5Z0soDX0jKJHZilZyYb4ZSHRwIuaJk4MnkOsgnkpjCCBba7DO+jcscQak1JRgTyb7X9I6JIdnviNej1WD7IJBPrPmxbU7M+Eebx/hRZLBAt9NwXdpzwYXeOh4N2LHpchxcULS43Ik58n+RTlyg90M/Yy6qNBCmuVj73DNfZuRWEy/iHC84Q3V8JJ8Yog+FIAKMDSChGE6ZQQvU403qMLgRiEwBr2MFb4UagWXnLcX/hli2cInWbVi+ZB/oJAvkGegZGau33TsO3jBFr4aKAdwYDDV7Q61eAcQMloiE4hhazVz3fcyA2o9113rwaH5guuoTWsboXu13bSKc7E+bGM=,9BUxBxskt4zX31eFcUpfoKvMjOrdUAvN4y/Fb2KDJgJWm9qjULweg+hL4RgcJe+ObGtcZOay2feR12U1otf57w==
359,2026-10-05,08:40:00,50852,2026-10-05 06:40:00Z,8 55 75 94 28 28 85 21 52 62 19 63 20 23 47 43 22 6 80 14 25 18 43 36 37 53 98 70 80 18 58 63 34 95 15 40 4 31 7 68 11 53 22 86 59 56 66 1 99 37 26 49 29 9 89 53 35 14 80 88 97 67 87 2 3 4 40 53 93 100 66 85 53 30 83 96 1 86 40 15 97 12 18 96 22 12 25 62 98 66 35 95 87 61 24 75 18 82 31 83,zwWUI8ts7uwjG3TVWAmN1VsU7XXr6RXAfu5PexGKYg1O3otRRuGnckJ7Gco/fso66cwe1y8WLuL+Z4qTo1uuQVPDPIQw/VMJKV/Rcf9lx9AQGTSx5pxmlXgmMkrWvZyPcCnHYdlrke17IAcXBYoqTXpXmtZaZfVn+IQcRX40YXenHZQcTP/3QpTys+zFMfpFPb4EJmP71TLsNzfDnrpYHHiaMGi+6X4hgrVbQm6+oxKpWiT/lKqAe9Zlw+xfpP3BIR+gZ+pNtJhgEE+SLG60KjaPEXIoCIBNh1AayeZhLcFbjIIFKV78XLZ6eYak8pSpu1BsDcxjNmiaRWDDdO6rMdVxovj+EFDHqkkRZ+M19rCFMVMdTHgTnjfbJpMfOIfwjE+pGiyVKSQQGl7DhnfpYyLGV4qEK75traF+E4Z2jNbZO712Ot1kHQH7w4rRRkRpiJOmTsUpcnQgSRtm3870hpKN+EXMlVJ3vNzEmkpbQqJMG7cveInUAzR4NWP0ij0LzoAU/2k9vDtLLo4DOBmaj3kQwV074IzVkIc6vPJ5flS2eAji5rFXT4tE6j1iNZ45+ubbmNWl+WjFkfaFFwgFs4kxcoA3yFDUnHI71zC+MGF2y8Z0lgnzZAvoIEgEvmS9VaNWeajFJXNMB1o2RPjMIKdGsriBGOvNtDEmwReqY8c=,9BUxBxskt4zX31eFcUpfoKvMjOrdUAvN4y/Fb2KDJgJWm9qjULweg+hL4RgcJe+ObGtcZOay2feR12U1otf57w==
360,2026-10-05,08:48:00,50855,2026-10-05 06:48:00Z,29 38 75 53 58 32 6 23 47 47 79 32 54 81 69 51 13 90 96 43 86 34 20 11 43 93 87 17 3 50 31 75 47 82 21 41 19 48 5 61 24 3 52 51 16 6 45 32 67 54 69 27 57 97 80 90 75 34 95 83 25 82 94 12 47 6 86 34 42 25 94 98 66 24 17 39 89 68 94 16 68 65 89 59 37 73 97 42 5 76 78 94 56 79 39 40 79 73 25 87,nr3GM0lH4JQ7keFbQ+OCMzL0i9LPyd0SvpKagiNsKpqvZg7ikOTOb25YUG0MRzPm2YehvjCQc7pwQzlBxfqO3PtDYuPUevjtj1O7S1SM+McCevn6L2QGRk6umXrrnDSi5/mLFvViFz37Lxex7TvbnSgIyj7bE/Q52uB8xTipB34qGb8zH7O/WW/VN7wrQbzUl/FzfutxPrECK1Jf504DN7xHh2PY+Ii+9QjrLwiAAzepmtG31sqpSEDGaKwoaEKGzKi68ROdwxMdxMRJxglyujwSG7fb2S7SwbYcbaSLi6lLdyw1A4+tjjqpLX9//lfxilE0znlFcGmvnPNtonfS63k5Y9OceN0zmYyx63g4BPwLNyhbHOHFbKxtYfhTONZ9jD8Aho05hRY1FhLzHtgxX5Lu/i/Z3YyUHhmVoyvV70A1RkLBn2sfMlj3/BHqXtVDwsfNC9LgEaj1VndtZZO2jCClMJdm9y0VXvyYU/ii0zktL8M80vmkGZB0YzAzdxgIkeW/w0GJao4kqHK0wMZ0DbAK3XyCEp0Q/5wG9FnAY/AkuugQFKWYR3EH8r90Nww4nX/8A1MQQucDEFdcSfN8TL/edVGTaVAJFmapJr/Tj4A2Dtpt3aor9dBOOooyK8mzB66emERUVs0Ks5ZpwUQqCACJPrSpAt80fyyKu3frK1Q=,9BUxBxskt4zX31eFcUpfoKvMjOrdUAvN4y/Fb2KDJgJWm9qjULweg+hL4RgcJe+ObGtcZOay2feR12U1otf57w==
361,2026-10-05,08:56:00,50858,2026-10-05 06:56:00Z,5 10 66 52 4 48 8 53 7 14 70 53 43 61 81 89 35 23 96 24 10 99 55 18 1 32 16 22 68 26 5 84 54 14 96 33 63 22 47 59 75 59 68 99 7 31 25 87 56 38 92 46 47 59 70 30 51 29 99 82 10 94 38 44 26 50 55 5 54 18 15 82 64 54 64 90 54 69 34 67 45 83 19 22 5 42 73 7 41 89 18 82 7 54 29 63 96 91 18 34,g98JA/Iir2quQNEU6ZSiUiKKfYeFbIx9sHmofB3U/nyNC3Kj0mw+HOzRx3wYQGE3/ncnOHCycpE00FkrSga8Pjr/dzPe3IYwvteb8/v1+TGsI6tlXgDg3oc/CK5ICsG4snFJuCbStGMYSEofnY8QvBVBEqrzNI86Evzp9HXqb2AOkD8uFMTxygxqY9m7ZnGL9fhQQ5KKKeT6CchRCrrqi3bSV4JFeui39uaDEMLz93lRykTkySGckdFly8R+q1fkwZ8NXLZ4+beVXAbjEabXJUiufidra0OjB506XgW7uGwgyaCUWXv0DWvO/yz+TlkfXWYS5yGo1i8TigLHvy6PjihpIamyAEadpVysvQFPDByWI/jqVOVIoGuORcBMMYbEjgFQdD9stMYT/lr+fLSWHiwTGg0n5fSMWtCeqezGttsJK1YKotIhTKs3GCZDqh8txgZadhROClaPGhEpO0lcA2hpPsKtXWDC1V78HiXwSb+OKns8xyfxTHIgKJ4lZx66uePWllkv0XTBYpq1ot42+LkZNd1qvIWjGwmsFH3UifjFRqryjHWJ5sKEAawfwmRcTJU1Jxf2WpaSHA4UVhnw55jxQN0Lwgc+9IYro3fmMWSsYwJtorn5FEPC8m2jmxmOrIcblxa+dbCg8ej6zW4u4PgC2dgvN5TxVhhMRkURUbY=,9BUxBxskt4zX31eFcUpfoKvMjOrdUAvN4y/Fb2KDJgJWm9qjULweg+hL4RgcJe+ObGtcZOay2feR12U1otf57w==
362,2026-10-05,09:04:00,50860,2026-10-05 07:04:00Z,77 3 22 3 99 62 5 53 47 44 70 28 48 78 74 16 68 16 78 78 70 16 5 38 82 35 90 33 47 8 87 39 96 24 97 74 54 48 23 64 80 50 67 17 15 15 76 86 30 76 93 23 1 60 63 52 66 88 92 12 67 67 33 69 15 42 94 13 5 3 86 51 82 36 52 27 77 54 26 63 51 38 61 59 77 58 95 81 73 8 51 46 83 25 43 40 6 28 55 39,MQBZifyjadAJlL3m89gup7ErkgF6nghr8S3AoOw8mDwGyoMk7572YIo6qfg/rEhWVHwRfF7nZgYpJruPsFV09MxLUPqDX/QYsCL4jA8vQ6vijLG4GtTifiyjBN3Jv+ueoHCTHCcSqC3Xx6nW18Tnr36lQP5F02RnwseIO3Kq3KIrthLpFhKq/9ITPLiaAsP2XnH80a2c8DoJISS5MwTmOb5mNOfItxbh0wk/iP5O51HPHFaFrUQ++1m/JFySp4+mzxLuJ+KMGZhdJ7idy+jl/FZnevbCcwzZsxDXTZBxAJUYxh+Znp2p5VJjMwUO6UhgI0Ln1ROxOTwSGd0xnKwQmDaUd5YVTcO5KteqPo/3Zh3//pjmRSMq8TC2Bisw92C+RZ249nV7Ep5VtRuEbSNlgRzoi+UoWn+YGvrrbsvJGmvKRgu7YIOt2/5JBWj4Uz50GV0xghUNEp9xHaOP+IpL2r6Xw4txGWD0N/GQr5+MCXDHFEiJxtoiih87x6WV5TMTE+QJMfNYDMXDCDNhL0ixLvBtziodOpFo4L3JRECR25MsvVOKAJSSTuU4c7LIdL63g4AkErJX/Qbn1sYxc7N0HyZTcew+KTHsmnSkC0KUZdby8g6QY9f//3cIJncZDgei8Nzg1BxN6j0MY9z4uaqcWWrx7XOtf0meLJVm8dc3TlM=,9BUxBxskt4zX31eFcUpfoKvMjOrdUAvN4y/Fb2KDJgJWm9qjULweg+hL4RgcJe+ObGtcZOay2feR12U1otf57w==
363,2026-10-05,09:12:00,50863,2026-10-05 07:12:00Z,12 8 79 94 89 1 87 31 61 87 89 2 34 2 13 76 8 22 61 74 92 75 81 18 48 15 25 39 95 61 22 4 90 25 59 42 81 80 10 30 90 12 8 40 86 85 88 98 48 20 13 70 78 91 98 83 21 63 98 43 90 87 9 65 21 37 61 30 47 69 75 46 36 74 47 29 54 6 53 3 39 2 78 21 94 79 27 68 99 27 70 78 31 34 38 66 87 59 73 62,6ZRO/bvK3qdVomotyyW7ia0hrIN8FchzLyUAXC1OnO/OIwI6hi6jIxh02wWyKKx+Yqo8p8Ae1xpxP0va+/z4Mg0p/+jjv5bNDlGp5YDotzCZU86oDA7JEG0XZSdxgxT+emNG0LLR9xA+S/ZuQwL2ew1LBYQOU/miHx/6k3efpLWfB9pjq/eVN3rVtvMCpnyO50TgzCfMW+FqJ64SbrLegKRl8G6fL5wIrWF5jbx2ZecRsgznNM/jo1nO5xNC1aAzvN9If1iCftwQ0g8IO2r3X8DQD/XVlc0yblmyNvajUyCGKUPArokxrs9eH0q3l4MHRUtqF6dcPKfggFwmMizVqaZKZpBN9Hkx6/7D6ABZ6ihPuuVPyxgxE+NYi8ot4Z6j0MQyqsAz8lnY2A+arUc4Tj8oI+hiz2/wvSSqPgqDJPp25f5D922/0UN9RxMLazMccnpvFUHbCMLDVfOE5ynzjJ+YMPhjY1KEbmw1ZXsONSkznLVLxZJfsm+E3sVa8LMHciwUgRMZI7GpQZ6IjOB+W757zcwnRSe8+H6VLMqXV4xvlSeyZZmgTLBLfFj6713XtzQxwuIKsMnt3ndTE0dghhcVtrvf1laeiSCp7f9276cfGC1EIeJG9xBzsELTQa4hCQRLI0eDKla9vIq+IfuLSSTMGQUxNhM/PRX/ejukEDk=,9BUxBxskt4zX31eFcUpfoKvMjOrdUAvN4y/Fb2KDJgJWm9qjULweg+hL4RgcJe+ObGtcZOay2feR12U1otf57w==
364,2026-10-05,09:20:00,50865,2026-10-05 07:20:00Z,16 98 33 29 100 9 10 59 19 100 75 25 99 21 67 8 92 4 9 47 53 69 33 58 11 45 93 82 82 26 56 74 47 24 46 82 71 29 45 9 27 74 39 83 80 29 62 15 5 51 26 32 2 3 12 44 80 7 8 15 74 30 94 21 90 67 94 85 50 94 15 26 3 48 98 46 77 49 54 15 8 51 98 44 26 77 60 42 10 10 24 23 71 67 99 24 57 72 7 82,51gYuiqBudAdGrlYyZLulFnptEoJecoConXTN2+do6WbrkuSCh6Z/xi0Ne1UuZso91cwh1hRUzEV1o0rEZ9q8Hso/6o89ZxUxRAsvBl+efku3aHp6nFmRUAk8nfABHesehfnV85pfZ/OwZIZo6RCZq2zgONo2WPRDZJbXL01KA+5i64iVENGUws9j+0VHM43rjq0UEEMsfpdAsR6ItkmsWFef4nPA758GhAWububLby26NTJhpc49GD7PDcqzC9uQwV5WHB4HWb3rnlCH8nQUB0bQhacCp9B+6PrfIgKauUoMjGSzhmTU5BS2rbzM5KoJ/TyebVperzEeRTM89uY+2ILlwSoiPcUwQzKW6aJB/+s6YFNcxqjZEFl3QwQP1TkhLRLxgANkjZp6DSiLXH41ZJ6OuJ6PZF7mOZrqVGiA6H2zwxWnkSf4d3TBsBu1niYgJSSoRVXjFIiiYq7B+uvJgHvLic4tPrsa1NxuRc+nm3QLkwY50VnnK7kC+9sgwsvJwE0T0abSFfJ5QaRujfXaCtAOkV/SpWL4y8WvWt3IdckR5PnqNhGOUMOG1CQwL7Q6+lSs6vw09rIeTCh9cGRiIEC/5tEw9j0wOdkdCb2pCgTSUldZdHrMYiKizk2jN3EYsIn5v9LBwyqnMqRRhAR4Myjn6s3a7W7gGaG3jEJCks=,9BUxBxskt4zX31eFcUpfoKvMjOrdUAvN4y/Fb2KDJgJWm9qjULweg+hL4RgcJe+ObGtcZOay2feR12U1otf57w==
365,2026-10-05,09:28:00,50868,2026-10-05 07:28:00Z,10 61 4 22 87 84 39 34 57 62 79 94 8 95 64 24 52 41 9 39 6 91 69 45 73 24 38 61 58 61 4 30 5 17 63 13 20 28 90 3 14 3 86 96 98 64 71 7 34 50 74 51 11 95 94 15 11 82 29 32 78 38 96 9 81 100 23 40 5 5 1 82 19 56 68 82 64 82 69 2 75 97 85 73 48 80 64 39 92 41 86 37 23 79 75 91 33 84 16 2,lV9Dk28iS+fG1zH64a8OXlYRw+PrRxyV+KSYgI4fVC51a5xXV94W6k58jdsJq8igNzc3yitBz0/4NTFAl7B2NCyepyeObFhSlu8bn7Y6u61HGPGsJRCCroDQQp1SmduZjOnwCD2OiAjE2wCisNi76v4jKaijLNSwAog42xoR6/TVSD26zqifh9SDxDTArJlQaad8KZkDf9hg0hZIDBMr/cbXh9Oa53Tt/bSaySJQpx1B0bIZqGY6SQLl+bEi7M0o1kHOvtotIOwFLqUZVDIFnoGEHy+jlfghSlX57i+BUChnMrdklTyaGaN5JViAMLSXOM7yimIDDTZLvZVX258EHC/tXkdHpw0xnfd2vDxAnJJDQHBaKG3UxkzzI9Vu9H2WL6j+iXWCcOcCxu2pIqZzo6kMfD/OWEKL5whF/eP8yytrHjiaQdborM+nSbSA4ZGYkp8Cqi89fnrREEUh5hjAlzl1vfqBbXqBgrTu+D8IrtL/gU2BL8eA4xE5hJrWffDbt2XMEcBQP19dyPm2Z+YuBlfosPb8E8B0ZGEzW/uvcNUVEv82oQDb9IJNs8BTNQ8aDyFJU3j/cTTrg3jg5oVVtx1zR0OfTfjh3Ht6wuZZbpg0PO4LjDk8SaRB7VRSkS2MfDB2Fzs0CIy6ZNjvrnBJDLH2GOWkxtWhqdYg3bvjD7k=,9BUxBxskt4zX31eFcUpfoKvMjOrdUAvN4y/Fb2KDJgJWm9qjULweg+hL4RgcJe+ObGtcZOay2feR12U1otf57w==
366,2026-10-05,09:36:00,50871,2026-10-05 07:36:00Z,13 92 57 61 74 8 84 92 4 3 52 21 63 46 27 54 58 99 96 44 65 92 84 53 23 4 36 94 59 61 70 30 26 5 21 69 17 29 80 59 16 4 88 91 67 36 82 34 53 59 64 28 83 88 30 62 65 91 27 67 59 94 23 88 57 68 82 11 25 48 59 9 63 42 94 10 40 87 99 59 90 78 93 97 19 55 31 87 1 83 3 27 85 56 60 26 45 89 83 50,djiFHg98KAxwRW2JZU7gr2Kf4kNd3iIKslrSGBrKwxJf4nRzIzTqx0C52s6Qj1khLOSBDk4GE8kxMZgZkkqp9JCvIXce641kT1f8UQqQdpPCXIuYC1gwDuEhWf4LSQcCutJ4C5qRgZuPHaUjHcio+284+wmP2HlwHshKoI5c19e692klxuPlpaor4u3eh3n+GlgWuGiCJuE3rEEN1uM5FNmy+ptTAmYC2ohLUNr3Pk0jNXCesIYSnSS8fFiODUlF/t9QwTARzD+tvNtb5H6un8J4tbzrxfaeYXl0/Q3Yuix9y86ZBND/dOeiq+VToXMAVeKXF8z98ryer8rZ5BgysNsaR9jN2x2oFYBxriMfq13L5hGbM3OBzDvNeQatUOZduHPxnK0eH2dW0rN6cwAp996YpodwrlG6Dy008mmwxPSrGC28+dqlwkScjUY5S4cxR9ZJCcoJH/I2D1koO81Ebt+Fmp2UXKa3/5qJrzVKSsarMzN+KaacL3+PtO5+3dnkw9A/V3ZsAagB5OIIil8kOJ0jDrsU//ZkEvi/j62G+zBpw/iaZ6wqMS0VagbNKK/Rn9T4jm8JndR+fI6D9VKhHBZIpH1XDmkwhrqk0q1ncQDbJdnlK3UXP64Q9bMOj69g4Zxhbi7/NS1XiRm4SA4di94+t8X/AOFc0aZ1JoJWzsM=,9BUxBxskt4zX31eFcUpfoKvMjOrdUAvN4y/Fb2KDJgJWm9qjULweg+hL4RgcJe+ObGtcZOay2feR12U1otf57w==
367,2026-10-05,09:44:00,50873,2026-10-05 07:44:00Z,12 11 6 10 33 28 94 87 8 10 82 21 43 62 97 61 4 6 30 48 87 27 100 41 63 21 78 64 58 53 98 89 57 38 47 88 61 86 45 77 92 14 52 47 12 81 70 46 26 88 9 100 72 57 38 94 18 11 58 60 34 52 38 65 4 34 96 83 75 73 88 56 62 52 51 91 86 72 36 82 69 19 42 5 81 6 13 25 90 47 10 68 87 11 28 65 66 12 35 43,rJPOP3ehA1NJn8Zro6+xw3XabfMMmFYoIpOtHOMrlMlUhi064XnS/dIkfVSg8Ilu9BcF5/dqRsoTFJOCEStXv3e08rQxCD1ENLK61RDdG0gUbv9+76ewBNav66A2pA5H4CJK7BeGTxkBcFGO3whkKqlmEgqOuHdr2KQB3C5AIix/9Dpnh7G/z91BKAi6g67LyBXXaXg0lCum6dWFw71YmxqvklDwXKRfJSQftTjGlQ2eDa2LesG57vN+4I8WEL+UzOdLmcOUYNo+L/8WIX9uTXWW095w4NHMz/3jZqh62eQkCEwwmunUS4OgeevOLTwmBq/3c60hENBSthv+8zSp/LZ9lvue6i0Z2uxxzQ15ID/2qnQ8K825VleRB9GsQem6He2enL9HWtHio/JbqXDCEuC/eSY7CfMZUlOaXc4LrXIiYO5Pp4BCLJMtD8wVRc+piwanrc+3IJmBGHNQpKUlZSi2n7+vYEcBGBaZ4RIzKesCKUJn4T9ASuVTTZbPp8XH2o0RE9u2GUKtcrfpedYiMU79xFgSxhKiKUJaCxmUzvge6VG9l5PTSeGnt/U2yaKBIP0jgzAaHBe7Es5cV5cQai9K/TPyrYJyrczjIGJ1LfCEf6fPOktcGi+8/hPyTtIgQm2FSPs8r8rfX1KE+o5ZMZdgqNLOX39bDES/5g8T6SQ=,9BUxBxskt4zX31eFcUpfoKvMjOrdUAvN4y/Fb2KDJgJWm9qjULweg+hL4RgcJe+ObGtcZOay2feR12U1otf57w==
368,2026-10-05,09:52:00,50876,2026-10-05 07:52:00Z,88 18 84 93 2 47 47 18 38 53 74 81 31 47 20 52 32 94 70 23 47 89 72 75 61 27 89 75 65 27 42 92 57 16 18 46 84 84 61 94 100 49 13 36 31 88 68 2 16 16 44 36 91 6 69 41 82 4 6 38 73 89 78 30 62 31 54 61 68 74 19 32 41 69 53 80 9 38 12 92 17 74 32 61 9 52 91 42 42 69 86 10 12 47 11 75 6 98 14 37,i6t+bZ/kIx3Nbc/VuPJOFyhTTRR6yvWQj58iQq+7oaZcNrn9PGEqcYqvS/6PUqfpIoya133S9xfTO7dyYce8PYvmknJ1Az1T+Lke+cBRhta9lXqTG0mdlPW4mJG6TeFE3re/BO/Mso9TMeRffct3cooozYXfVmTavVCYd/UK9Inj6IQl0+Dh+fMJdk92auZIuYyv57GTSKW+jzso+4aoGF+95narTTuV1SN5uTVqkobDT8kyRSfSaYrYSYlX+MxsLcmtn7OefeKIsDHqo1gMeOeOddLFYc8lNELLUgOBv2QSd2GfBhYz27Li5yAWhnpiJxS3ckfVB7crep8Hax+su4fwLe7qLS5DNWszxk8iTmmct1ttgYNt6Bl7gHtY53aUlkLyXC5HG/wqgU+ezE03kL9QMWhtXACoyvcvbJ7IRs2yWbE+W1OtY/Vb+HPL/CKb+4oOmTR7jWNS9v/rJCK85BvSkwqd2kJeaV8Cv8es0sSskzX6XKWA6MeJScBvdtBbfQ7Cqa6rGthciQz2L6LRGTWKqkV2/9tIZLOOIfa3qUr8eTWOpYS+BFw5PG4ovAisEwX+HBjWLMdru9ahG9ZVdsyo7e9lDExUx8ZkbPW68wQZPTn7ggUXG447gUgqIlN5D359VSpW4eCF6Wqw9tIoHMGjWgVLvYmsTHQsbZzBWXg=,9BUxBxskt4zX31eFcUpfoKvMjOrdUAvN4y/Fb2KDJgJWm9qjULweg+hL4RgcJe+ObGtcZOay2feR12U1otf57w==
369,2026-10-05,10:00:00,50878,2026-10-05 08:00:00Z,75 64 4 82 47 82 22 57 44 94 21 99 41 55 81 35 7 85 61 36 60 45 13 45 40 99 51 42 6 76 69 20 57 12 23 97 11 56 32 67 9 92 31 44 23 63 49 62 30 51 46 97 12 96 91 33 17 15 25 3 60 78 62 43 78 37 89 22 14 50 24 58 41 85 71 9 91 29 1 20 71 58 96 32 34 23 80 82 25 79 40 84 1 1 86 20 29 46 82 23,cy+hUwk3d9ZwYR0+P/Veu6xbedIBfodUNt2i0ctdjqsrHLU81QDgFTTLuYmcvyJsgI/yBAC0CNShOBliCr7lhC5BpocI1HRuu1p6bLbjrcfJHtV98dHCeBB5R3YuExlRghlmg6/ywlSfi5oxD3jDUdUVoVPBHTVr3sxlQDIngVNOV7iugkKT3jL1ERxBKrrkk4+DK03U0HSzL3kd/5ym6fi/XsHl8bXaSzujrVqt9XQ4VAvWmar0goFQLCxs3LfeWGmaG5frt+6F7q67HoswLVr6M60sTOzM3Rn/WzGz7FcFSqSnP0fo3GDdivQEqLhtj3gUlqPCtEJjR33fKCpHpcY/vYsD+j5G7036PqqEtgoBrXnWSVuhyRSSE3xOV0xuroxXXrf6KlUhcRb9wSTTeeTF11+zY1Gn6TRXBwlxrhuvVjIfb5Qclc+eMaqP++YmQhIZeSdE8ERMsdc3fU6crDZDr+zW3PZBBuALEWnF8h6XbmZOENUFnsj9gExN6Osng+jtVtuhLU5DlTHbBriVe6jh14hBbukLytUiS7DwJcfEVUR2lnd07YPOVbb7FZsApizp75q+Q+HAjciTJfyGdchA8a3L3aVasbDqsgJ4qBdQEd3sxZXo7FNcJf4Pmb4HtY6eNhvtTJui3w5xY4iGfCLl/EP8C7CO7+JPHrZqGpk=,9BUxBxskt4zX31eFcUpfoKvMjOrdUAvN4y/Fb2KDJgJWm9qjULweg+hL4RgcJe+ObGtcZOay2feR12U1otf57w==
370,2026-10-05,10:08:00,50881,2026-10-05 08:08:00Z,87 100 91 6 34 41 48 13 96 36 26 63 8 1 21 60 45 70 11 69 30 96 57 43 75 11 100 91 66 30 6 83 44 11 80 95 85 28 34 62 96 46 82 11 13 81 46 4 85 45 1 17 60 92 13 62 24 67 60 26 5 4 47 57 93 14 51 99 33 43 21 84 41 10 52 45 75 16 75 67 15 23 89 28 81 8 77 99 32 62 89 43 90 78 17 36 44 46 49 7,qrN/uFXzPbK5LDo5Z1DOfCAMpk9U6Boov6k2rKl4kjB/5eHJfcbqgLYK09p8MjyOcb43k3T96emvErRr0Ip3aikAbc2/aFdpzUAetVAVWrz/bnuyHWxeJow0wid+dX6zIh7eJq+0zPXSvRHMFMq6dRxzjfpDM8qd5Kru0Ta/W1Fy2HFkHUuOl58tx4vfG1+PzxnFc12Aqed7HHQY64oGOkaXuIPio4BylOLsGquvJkLuLgfcR234kPWpR60CI6v67QJsYQt3JWkmtJeC/yk2dOgDOwcFPOqwHa0+BIE3t/mDIgIA4QDaMPWQgV2wcbxcVBUas88V+jEkITb7actx4FjsqlPr3YROp+npojoP0CHfVLHSjRLcj/iQiPDYC0vdFfwE8m9a3CZEajj8ha60Uivs3ghL7WYJ9cLsdb9b3yw/d204axoSwV10HEvGRt6GJzKEpCgMhtSprCPAbHTXIfUkc5fIkyDYQCeX5/fceAyDL6S3PVOzJ2wtJJRQE/7i1xjQqC2tbl8GvlW1jO2Fhczzp7TkO7xZR0PvU1CnlKFTfzwKDG4OnXK8NgIrFgK/qFG8aASXQvli+sP2gxkSGS0f6zVzu0uRpfdnRapXB/LVwLLJibBnVMDyDyzCGVSFS7wF2D1FbUzK0FcCBYid2lbI73FibRTPqNXHhB2RaUo=,9BUxBxskt4zX31eFcUpfoKvMjOrdUAvN4y/Fb2KDJgJWm9qjULweg+hL4RgcJe+ObGtcZOay2feR12U1otf57w==
371,2026-10-05,10:16:00,50884,2026-10-05 08:16:00Z,100 46 50 42 62 79 63 88 31 90 95 74 88 51 84 54 98 28 39 30 82 12 65 61 76 31 10 2 56 17 55 31 92 63 20 71 82 74 79 94 7 52 93 69 96 70 68 39 56 7 18 56 16 54 20 10 73 26 85 53 33 77 12 81 35 13 45 33 66 23 73 72 50 26 33 49 6 92 57 24 38 82 8 18 26 10 1 35 60 71 3 25 75 99 15 5 99 11 24 61,4ENZ93eq9VPeF5h5sKnyDDR+GrWSfCVVr5K0XsErvcxa6+IqXTmsQ+tWSwG1Ldk+nFtjNYOtDHJIgyX/P4bL6seum+O+OUqIIdk8nxekaqPMuB97NUTx6voPBoBp9MvxeEeHj9c/R2FPrBIkfzFofV23UUKOwS1lAZ+mO4EN6xdj3p5Hmqalf2CKSg77qBaqa9r4uIi+vfA/O8+zxwRWhTj1XH3zshPdLPtUKNzgd9uJ7Ui/4vyX0q+Xvj0WWKNQjBUkvj24DNhFWUjDs22Ds9YZoipX+SKN+sY184QV4Ch20poxtoBoPpkY16HxCynpLCMC3fCfEpkthrJQtY+bb4YjDpDupB9YOPo3keHvihNYiwoyFweoD3EAuqghr9iNvMuLY8PCkzh793edRfXmFSdMWDT+vgGECzo1ubC8z8V+2VQlHiewykVoEyutPuh2qUq9RkFtJoitqcFcmV/KjlreT28axI7iHngSzg7fdQomMwOUKXG0qgCwnaQCjlJKjnjMGgVddzHwxp9Zl1Lu1YwAcK4eEfMbdUkVDlq4616bF8RD9ILpYij/O2UKC5HW/F6Sryw6IzvdwEm87XV2MAvCB4a8SaCK/ddNKZzMSnKF3lOel5xo+oAVCAXwJbMbcN/faZvGq5NCLVoNoZ+qGMwlWXCF+6awQfO9nYb2YnA=,9BUxBxskt4zX31eFcUpfoKvMjOrdUAvN4y/Fb2KDJgJWm9qjULweg+hL4RgcJe+ObGtcZOay2feR12U1otf57w==
372,2026-10-05,10:24:00,50886,2026-10-05 08:24:00Z,100 72 83 81 6 44 95 30 7 72 24 60 52 71 77 38 58 9 13 6 78 57 97 97 5 63 49 53 39 2 53 98 55 68 83 35 60 79 48 56 15 72 60 56 57 95 59 60 83 1 15 61 45 49 14 55 55 24 62 89 98 71 26 66 35 88 63 69 1 26 54 18 33 24 49 78 90 29 63 80 55 76 44 3 64 79 6 1 34 6 79 69 99 75 27 79 94 56 44 38,sGzm5shNynSdTAmzk6HFWr37eUhAN038BBeZ6D/CLaFinBbDHqS0QkY463HJfRaDywIMBHR8wr5uI4UGiTyEEQGoMnA57LGU9GtR15yK+w3mI0grM1KqJKHAfm+ss2NhAY6JjjuJNFJl74HemO6c9GqJSumHpekuSJO5ZSBdk8eWIYffyAdM6ksoi8+O/oOKjRTVCPUm8v3yUAOgSrEPLWcENg+c6Oo3fp7E5M31mbk516a4rKQMhjSidDQ+RtEoKAONM7WwJ5eI6xuvaUUmuFW/VdByxaEmiFJOiZ/rpGwf8jQ1d+Kx62YlGn+4zdhSvVxaRndSpE3xWG5GhffJqejGTgONrcuMEde4a3PiOE0Z1BMh2Rd88VEcUfPoDofQBCLr5Sz+CIUPmQVxcm2fdn2g/r3BvH38fClUAWTpO/n+Fx0iU8urrd/oHMpsLi/l2ZaHTpNLsZX3Ec03edZeIVWXrG37X0SxZoMfNaadpfdlbhEp+LJ2QsnyON4GOfrfEURpxkQ5rjwYlH6HUSwaRXliHNTBkpFa+mtG6aDNVGsFvntVTiNSIYu1BDhB+iBagnGWbR14tmuLlANCiu0X7s5eVCCW59LOPgbDpr1RE7RAFv1n+TrvB5yiLlfu5bj1MeHchb6odDPtcGBPfOzhNbiADqwmkoECP7Kv1HEv7hs=,9BUxBxskt4zX31eFcUpfoKvMjOrdUAvN4y/Fb2KDJgJWm9qjULweg+hL4RgcJe+ObGtcZOay2feR12U1otf57w==
373,2026-10-05,10:32:00,50889,2026-10-05 08:32:00Z,45 97 55 23 29 35 50 82 94 86 49 24 4 87 25 28 47 53 52 61 3 62 70 55 88 100 100 42 14 94 68 54 65 82 25 94 21 35 4 81 94 10 92 16 29 20 78 64 68 86 3 86 72 35 62 90 24 88 4 75 10 71 4 35 54 11 26 92 41 27 45 2 25 52 55 2 86 81 52 71 84 58 90 28 37 89 35 91 57 83 34 53 34 63 68 30 11 6 85 87,JSt2s/lb35xhnuqCKmVFbMltad8k/YsB/bOhPF8JRFZjiErhmn/M1aKy4Swop2T0hspD0T7VDylIVAjj0YMaUHbLs6Ob0SRZgVPj1eFQ8NZ9T6r/TanA+gP/k1Y6pyk+gESnX36TfoSnN7n0++utflFETIvmdRUrbNutduBLPLy0aK+zKY/LqQYd89Zj/z/0QD3uBC29CIfiEDhLalsIG+D630Cs+wrPfJmDmfH2pZr2Ly8nSvYcPH+ieKJ0BC7kfv05/FY89VnTox4Erd4pe6OGgtKYYWoSpVg3a+Kj2JdgHSLOqazkflpCofLTDO6HOLNZrfV+pj5/HqYAsvfeCaTFsvpF/1T24eQUlaL+PiFUj+OUmsoMqEYsTeDIKGTXkozUIVyTkdMDUGZorDrtembU7Vb9QGYJwAwqQD39EboaER+Aac5BpST/ihlHH+xV6tVqDkPL0ssCSHWQIifNJN9QCsCpMqT0y3KLM3qczjYla0xLj8QfnRLJbav7UpAaOOQOVFzwO6S7OWMNOvaxlco6QAU3XyMG9O7t0eqOo4heOkqrzmE4xaa2ZMdBJ3pwyt/ZR8wbhtNbfWdsymrl6V1ICh4qOBQhExQXWRtQZZRksR6x8MGlmSuagGPVbJwhZzdagyBnmrH6NbEdrBAzQM1ZsM5pa0CJcQeIkMIs6PM=,9BUxBxskt4zX31eFcUpfoKvMjOrdUAvN4y/Fb2KDJgJWm9qjULweg+hL4RgcJe+ObGtcZOay2feR12U1otf57w==
374,2026-10-05,10:40:00,50891,2026-10-05 08:40:00Z,54 10 4 52 35 10 8 37 10 53 60 74 81 32 56 10 9 50 14 13 57 19 13 28 46 91 27 3 27 97 80 88 88 33 17 99 10 16 50 85 46 8 58 67 58 93 70 68 73 45 5 50 30 52 25 41 44 30 11 94 1 28 99 1 52 88 75 8 78 50 78 6 71 50 93 91 61 70 54 56 85 74 16 36 40 82 31 15 82 26 5 87 93 31 49 56 1 8 43 72,0oc0S+hCpMYOWFioXbI5wJwQt/LKsgUYwiY53Y2Mrq+5PQmU/hGJk1zp/iSO8p3shlz+Y2nWtP63y2sKCXNFdwFVBosBNO4Pijc4PO6g9zC6Am6HjTB8OhzF51yYpO4lNadVBVlb21TBFgudcb+VTvEgobWsOwgbsuCMkk0WfX9nCrLqd7N2YfJpPkmsEHyCnvt9C11GCS0bub+U4RtDYw+pmXaUh0LlR0FemCDrg5EqfbRROZ9kYLyZogpbeMgP0jsZEuaVRQWt7iI+2LRvZ0hRTBsEizOZkchOQWYGsxBUCAHBbLjP2oBhPgp2T1qZ3l07qGCktCHZUgx2JfnpDbBYSOE8SG17s478pGmWM14y4Vamjt5HmGr8grfgt9e6AamZMqaojtYMbYyYwzQ1qhtiN7j9j1ciWRqaYOXnv6JRbI9RGW72Xx53IF30gNRY/CvqZnZ87nt8JV1NgKvm1IvUQbF70uxIIGAGlMfNPHR5Svg2+ors1VZmAeDSSxeXWaO1mATg5bTQaPjFX7L4oXYj8Bgvh80zeXXHt48x3JaV9N5UyOZR0EfVX90wJV8wzPNtTxsjPGUSiK9AQjvRsGrsFfnNJ6mR445gDpWpXytC8Epb+GGAkOQEr+1dF15ML0XIVqG9Y1QoYuBsu73dsZ8QaaHFjOZwugod2Nmewlk=,9BUxBxskt4zX31eFcUpfoKvMjOrdUAvN4y/Fb2KDJgJWm9qjULweg+hL4RgcJe+ObGtcZOay2feR12U1otf57w==
375,2026-10-05,10:48:00,50894,2026-10-05 08:48:00Z,95 20 34 54 12 67 26 83 100 9 78 41 33 3 94 80 59 66 87 62 5 3 51 17 3 29 97 28 40 9 21 84 96 11 47 74 72 48 89 31 37 21 75 95 32 11 46 34 92 25 1 80 45 17 49 65 90 75 41 6 57 5 97 11 68 85 15 61 48 54 22 86 37 79 69 14 71 73 93 61 82 59 14 58 13 100 69 17 53 35 63 51 21 28 37 62 59 40 51 8,TNYPCXWOuLLQ6KlYjpPos2edgbNVWZjIbTCNegWBkVVsYWbO+d4Eqwz5jc4w60/JlTRWsvrYlZjTV9zaXOa6zbb6eiffEzFftUwbAdvplMqFFOdSCUADdIe8xb8QvUCsQmeoQ1Vbi+VMjXhU9v8xRBkuGSbI62Cl2jOAyEbMqj3kpsvdk0w6/ijC8vCckEvDwlDPFMGUCCEHuqojBuw2UVamZFKepzq0Yldz4a4GizUwGhZ0FwNy8uVlRaH0WLVDbuJnWJSnrrMGz8ikvbn3LPs9exhkcPBtcwpAF115WDWyeT+TwNqKGv5mxud8ZycAuaF0z7ozpMZuamNMMSKQyU07xkL1vbNnQ8jsN0j0Ac3BG8PHLNJmOTK/SPAYcWQ9iE/OPh08f1IiWyres/EbLYcp4v0SqYYuKGCY+7Rubu4WjlZ2WGNKd2gKLv6j9YdYbY0GLbjyN6REft1GjS3ZSb9pmEV0SMK0bgxxkJ3JhCVHEUWLpIhsZvhSY2vYZC6CRlRKu8hAYf2BqBKpuWY4qNqp5e3kw06R8DogOndgkYmu8/XPgIEEVIa09rC2DZYo0NlkRk/ymvJqmD27YdaLymShtfXzkioLzlf+B9K04wtx+IXIKuHLMSBXxtoPtkF3aU+I4Ku3TgGsOmSE5GvgqsCStcf4Gj4PIQMPB51FMO8=,9BUxBxskt4zX31eFcUpfoKvMjOrdUAvN4y/Fb2KDJgJWm9qjULweg+hL4RgcJe+ObGtcZOay2feR12U1otf57w==
376,2026-10-05,10:56:00,50897,2026-10-05 08:56:00Z,81 4 34 99 77 41 26 79 81 97 37 43 50 41 24 47 44 27 49 88 54 99 32 86 87 20 20 44 40 91 14 89 68 17 33 76 65 55 31 26 37 49 25 43 22 81 56 85 58 24 28 22 28 68 93 15 31 96 86 65 44 75 36 88 58 31 7 15 60 92 14 5 21 5 63 99 18 18 36 66 88 69 44 78 72 23 45 13 38 35 7 23 40 95 25 7 86 100 48 78,g9PMyVU37VOlSRgsRTSFi0xglPzHB8fWoh2VZHbnIbKXSC3PriClCO/S148y0Wm3G4LjyjmGyleDjz99XvzVV6jDmJReVfEL/FBrkEOISAdTlpMmUiMXcyW/RmYB621cbhZYS7mKA8Ki/KvkZ47fo/JIC0V0w5S3vhmY+QtZDcaQBCM7olHv9bT67ZR/feLLQ9bkIlizxJ8moJRMC6wMxx+U7kWypSRFiGGi4znN0oqmLj/gEXdilF19wPNcFkKfwPmWifOmx9LVyKMm1cu7eOgSMJwTqc8gvv7O8G2q7IcKbwodC1vfTPm111L0OZwG+TnEP0eNXX3uBEH4+/Erglt0wsCZBCo7YO/Ynqkmn0lLvidagSTFYMnfW21vLz2+8wfYjbXk/eJX9+aT5jffRQQ61alk8ZnTB5EETy6L7FXJB0v/1earccLYqs3S1qCrQzmgR6Xc03urGTBTkVCCDOvESrD3MzAuRvLJ/wofkwb026S1ohC8yVokarP+ItIfnCoS7Teav6eT1dBjAdWAtFUsP/n+cFfxnHLnqvmNIvjCrcgUxziPHosy7a4bt6mft3RL6X4j/aXJRFW6pm1wpqMpjSdKaNebFpQz9t12DN/Fg1xSs35Rt6c8tivqVGxUM7vWKtyvfjTXZKkpUHK7wRARJ3mLPJpwPHaBE1Kybag=,9BUxBxskt4zX31eFcUpfoKvMjOrdUAvN4y/Fb2KDJgJWm9qjULweg+hL4RgcJe+ObGtcZOay2feR12U1otf57w==
377,2026-10-05,11:04:00,50899,2026-10-05 09:04:00Z,53 51 34 47 55 57 81 25 92 92 27 83 48 25 31 72 12 56 23 48 71 94 48 92 83 97 53 20 67 14 44 25 84 58 94 47 2 44 3 80 54 11 86 87 6 59 81 25 90 19 62 99 79 70 23 51 8 39 76 12 72 7 6 21 99 52 28 54 90 95 1 53 30 41 29 84 46 94 17 78 6 32 67 65 47 20 85 27 63 27 74 88 49 54 84 7 41 22 54 14,1oneSLK/dE/D7VTZu0pLlj5weHAz1gUNK+OarTVf99M1XL02nKHU/5e6Zs+swvW/6ZBNkvzd88IHswJdamynj9G6lLAiOJzCRu9rJInkLi//LmFKH7OvrrNGrQqI/CPkgLC8jY5w21jwbC0BppmYOKi4JygTv+iMTgUYVmEWlbnguF7rVX265MgcK+kCI99plq4pwPcgTKbThG31HiFV50StmQXHVD2fmNcQ+/XF7/DylMp4B5JbDXJbgiL54lBC2CddT1ZaiJJ1/BkuMa2JNe1T4c4/oEuSnxKWo8Bj6w1IyJUBwhufPGV0S7Y8to2ZcJrP1kUsxqn9gHigGktbDmjr7SMQRBnfKhxwevI18m4AG7v5qqY4PHNdYUYbIDkA4P0z8UTtE9ziDoJAgdpvuEQ8CcFexvAMkyJ5C7MwKzfiridxbnOLM96KM5CYc83A/vgSqxyt1ot9HPNHhc+oRlubuEyb6rjGnvUkMDZH6weRICiybsmyqa3SOGbYhqchUrbaYphhZ7XyfJ0ayoG/K/u0sBWK0+eaEQFcYONswWynXXOUtye++85ZY1+ByCVZ6iY1hyukvb8SLJh7FWlgCy6u/TdI/X1A0UAj7K2xbRS+SIg3fU5qGks0J7b0maHGUPyhC2Gd2VaKm7CfPnrxr7ZbJj6xvcNrZl4QrEmnKvE=,9BUxBxskt4zX31eFcUpfoKvMjOrdUAvN4y/Fb2KDJgJWm9qjULweg+hL4RgcJe+ObGtcZOay2feR12U1otf57w==
378,2026-10-05,11:12:00,50902,2026-10-05 09:12:00Z,16 80 96 91 4 97 41 37 9 71 64 87 99 18 16 84 61 28 53 66 14 52 73 9 86 1 75 91 65 32 29 67 50 92 24 52 69 81 41 54 100 30 7 65 78 76 81 7 89 42 21 82 89 76 36 11 19 64 40 22 24 31 1 1 44 12 68 9 27 35 28 43 95 16 77 61 16 76 32 90 32 6 27 31 39 67 16 32 28 36 75 31 42 95 26 50 24 89 78 18,PfOzyukI30XTX/dyZMf6omH8GcC0xMah1kGi2FHzEANnQd45GGtzQgaDDv4x4icSxylFkeFUgTMWimAbAp+8pyctuX5mGb2b92tzBvF81my6rZ0SrJv5pwG+0Jx5PsHM6TXLbJzIRNNmIXK1SGT1Zbsh2nXCl9JY1XEt1Xmb8POZO6VmQwNpZogy03CWt3mUukAf52glJD4CSe76ZdaKU9EKsLW0LzI/an8uwygsnvSDBLWvTuzQPHckI5yDcQmwdzvD4DEoJQj8ASlWGqgF+e/Q1IVmZ2H/j0UrHEhLrHBwE8VjV0EDTZLt3nKkYq7ZlooSaNrmdnaKUqBP4Jkac2DjucJ8ZyyptMMKe7UFXFNV39B/zASOi0EkWtWAnPiicylvHpOFZjX6ICEToj63sWcGwzuoleaeu79vrUhgZiJnpBwFPvxwZV5bHcIqCMeCgZc2M7n/Hnp9b3T3p+Bi2m1abRUjARQNEKlmFeAX1WiEny7aLLw6/RUc4BbcM0X22g/xVTBqYTh1QNg6SnMWfEPg6X/1+mD576xihdZ/6iHbkUfaFlHIJZ3epowuyidbMXBQnNvF2UzRG1uHv9eBRUohEAT57mTGatHLqTGtokQcMCqQ+EDXBMiqIhHiP9uS0qbQDUhsmUMIRdVH2N/u0SFdB1JNlh0ryxVvO2pI6b0=,9BUxBxskt4zX31eFcUpfoKvMjOrdUAvN4y/Fb2KDJgJWm9qjULweg+hL4RgcJe+ObGtcZOay2feR12U1otf57w==
379,2026-10-05,11:20:00,50904,2026-10-05 09:20:00Z,76 7 5 51 42 47 82 68 98 31 44 61 50 45 13 86 12 76 58 36 5 6 38 39 45 23 19 71 45 41 27 85 66 13 91 35 13 37 68 83 4 42 16 59 94 56 44 64 80 38 85 56 94 30 68 45 28 19 38 9 70 3 88 31 73 90 38 94 10 26 99 33 17 16 73 50 50 2 63 88 64 65 94 45 70 75 50 92 47 27 40 99 56 47 80 80 52 68 94 31,OaylPxAVRjj47r7Yovv2aNnBqR9RYLjQoUlD7t4E0jK85xZiYC22I1u1kB4hM2DyqQs/SEd5wBfvqerh4/7inVCg9n503fNg66czGWY1wqpzzYCstWcYDoGKVbcCpBEH8yvIpYA2Y4PBbd9ZVE4HahCKGjHg9SxRF/WoEnOxUvc+bKbsRZa748pyvubsVfrq7dinB5/lpThRFLMXuOW16QvqgQ34VtRLHN/FBZIPk5At1rLXwSN4thmjorsF0XXSVxckbVvUC86vir2fHqCXvUj/munAqeujmURMPgn/s5Z6spaLaup1gs6Q6REfio+Ro/ky+fq0bAngod6YIhX/MScHa6crN4lbt25h7c7gTQ9UNZgV7O4O5O0QMI+ISLYUY00IoS1s4bQ6bvUOx3nU7TWp/5DB7i86ukRUn08xKvJeAG3VYgetYrsy0FlP+xj+fVSKVvjVmpgAs+oWsVx3UtK0Q9cI7ZZWbZJMMZdHiG06YtCt7pZAxnkX6IMJTBddv9JopaNTNLKS0VKzwm9g37l6wRAV8XJOGiVn0YcYwVvqDoGxC0HngF3GQdffC6A5E1B5Er/p9BLriFLMZL621n2ScS1A9bMDT9npqETwb9bIrMZEGV3FJqMMUFeYT8lzUFS8MtWL2TB+2gvRc/Eomwx2UWgIYgo9XvP4SOq6+Jk=,9BUxBxskt4zX31eFcUpfoKvMjOrdUAvN4y/Fb2KDJgJWm9qjULweg+hL4RgcJe+ObGtcZOay2feR12U1otf57w==
380,2026-10-05,11:28:00,50907,2026-10-05 09:28:00Z,55 6 8 23 29 48 83 62 66 93 4 33 76 11 69 29 23 54 98 19 92 65 33 39 90 71 81 56 39 7 61 62 40 17 31 47 73 64 19 45 35 66 92 80 75 8 55 68 75 41 44 76 52 77 2 70 32 72 83 46 62 80 11 62 40 66 80 66 90 46 78 66 100 13 69 76 61 11 69 10 68 98 6 1 61 73 69 89 15 17 58 96 25 12 66 58 83 58 51 12,zwtRr8isrS/cWYcKQRTBdhbE3RBWAIuYsviUrW9YSCR9raPoGJzzvmD2vlxJ2zRxX7DxLLsO/YuYe1TYNk4b3bOq9nHkEjgxqU3WPBVR35lVmgt+uqeX5gMBbfrFsp5w0ifG3INlqIVp4wOe86x9fZ9dK0mXyfCqsY7fnyJpycIRFyxgKGOavT9TZoEezV+1SptOdEnghPQ7F5FGVbm3Qol0EPFOu+cDmkfCfMsrrWbKIn2WH8gE6foqyscWbH+x1kKU1XjzLUFr8VS1uDnykgub6rCdqrZ4OsYleN5PtfknR/Xwz9+8H6uktxQDIxTlkPdkNhglCocQf8FCr2W8OxkRqXkND1CgdLOPPjN1CD2d51AD0C3B42a2mEc1vklCAsAgIWYxg9+MBWuchyvqtfFUJYSHakRgbYUylBtCClavqaUwMSVGFkjDmsakquBI34vyqSJfFxNQSIbViBMqP1voQhiyD3R60na0K2fMH3z+HEG2dN+YT4jjDBWWs8gadwKI2pwwadDSX+PcQRl35riZJ9FBXPPT1ioL7I4l8Uap8q5i81QTNG90LWW6gYURuvsmqYvqx6ySWIuHu1QMCEUqQkYd4hYYQbvcO19Dh+WZvQLh1ccjzrWGHrAMsSCCAFITz+LXiexyrpQVfgKwt+3BqsX8Nxg4dSM+lUutoUI=,9BUxBxskt4zX31eFcUpfoKvMjOrdUAvN4y/Fb2KDJgJWm9qjULweg+hL4RgcJe+ObGtcZOay2feR12U1otf57w==
381,2026-10-05,11:36:00,50910,2026-10-05 09:36:00Z,55 54 21 81 19 18 74 85 87 59 24 4 22 61 20 15 29 71 55 14 73 22 30 22 93 48 1 16 25 58 38 8 9 70 57 16 74 25 67 12 97 92 41 98 99 54 90 77 80 40 28 75 94 43 41 22 59 98 49 85 41 40 11 60 18 62 55 75 26 81 26 99 38 25 31 42 31 72 75 47 76 9 56 4 60 62 91 13 85 55 50 85 56 90 43 39 77 4 58 52,czdnurksI1fgY+mwiOpZe2ginzzof+9YTSI72btREgqA8ZURF7rTNopCw+sxdRut1NL1alUnaSM+AhW+TR+zrWOrtX3urqZgHFcil6mQmyyQHl0XUoUxFeG5Ize0hh2EQRxnxGgThBRZfI9gHtlFo3EoWIVxzvfKrKkdDM9f9VPzfVFwj2Wti63Gw1OakcHb3MZNtbgvDH2JVMW8Ou6Pi0uYD+9YQpGYo/yVbGw0sNW6hCXKN887463qogS8q54e5Lrdac20oEjpfGfLU+rU3O/tYhjHFQXsIuUSky1rkv1Mvw8l82LKviOKxuoITfnEEODpxIdAbYpjVljNqVfJkPP0e77KqAnSpPdRN0HiZOeA+3Z0UBVfbeL1Vww7gE5Y9twzcjKb+k0/OullFN64SRfLrZJ5+kdvY+FWuRm8gSS/wMFLs4cGzDNHy0qmNsVKMqRWv3HzALEWGfgv7mixOwSi+YiAG0BkX9fnbOregxJkmq8YcOLyokm6t5dUPRNMjwRAPXvd7BBMXR1djcSp7a9uS6anJqH2c54+XlssTRmHxBVRbrdzFBVwZmJRBw/0G4UIW6wnlddzdzaaAJW94JDj+FtjNN1IQbcstQ0mbx80VbFWUUPGoiYJ2RE26vVsMFX8w03xHm5gD3pwFGVylfZJtDi55/7TgIzpw11XmEs=,9BUxBxskt4zX31eFcUpfoKvMjOrdUAvN4y/Fb2KDJgJWm9qjULweg+hL4RgcJe+ObGtcZOay2feR12U1otf57w==
382,2026-10-05,11:44:00,50912,2026-10-05 09:44:00Z,75 50 83 69 19 62 9 79 53 81 15 24 5 94 91 88 10 3 77 31 26 100 59 30 47 100 77 42 45 1 56 50 23 26 11 57 40 6 21 35 98 57 55 3 30 67 98 39 4 77 46 66 92 99 45 50 65 31 70 37 47 28 12 100 25 87 100 35 30 93 21 83 22 91 33 97 45 25 3 32 16 64 17 96 73 45 56 69 47 37 3 5 23 62 34 30 41 81 76 37,1hE01V/Uok8GsBmf6Gz2Dg8Jng6BrPPsg9aca8giRqL+Iu0E8Jqi8HCSRkP92zT+ylEXTonTe0VNdgUifDJ0bh54qEGFyiTKgdbFN6FN5uCGkHhGFUAn2dfuvh33g53Ti0mklX1kg2GJfPtbMWwSIcXKyVmcodi7MicpEL/BrzUZHMc3qX2kFDIDkXvRaPnSeGDZzt7knRqQFkfinDcu1LL4Pi6Ux0Rv6VMl7f2EnVVT5ixndnW9+O138Hqt/KgXkTW7TkA6Rnasybr+Dndk5XHRZCr0N59UJgJyvD+wsS11WJovNBH98y6+r85X6LvXIO6oV9NgcCP6MJ3cfOEBh0wLgz84L5YciIdoFI214Udl9iVdYBSFmmZQlQ5nmJAolKz4Dp/Bd1Pyf5aetgQcsDPufONwXWDD5gRHvj6RYCF+MqlRaWueHcTJj0x8Fw7Wx74bR8mes0dX5U6yu/OExO95k72ldBOB7TK7gAhCteJuv8VqrJOZn0g/FtKTqkJzuJvIDgD1+7CVsh3R/z7ZsPzDCvTrP3ctDwgwVQ98EKcPHOlnH7UN5/n+QHS8sJuauQZtW/hQPg3U/dVd0UKLbrPZSkvCfNfIa60BinvBefbbaButnm99J4vUVusVD3D9/wX+Xn3Bigyc01avHdkx4XcroaCSjV4YwmezcmTPxNk=,9BUxBxskt4zX31eFcUpfoKvMjOrdUAvN4y/Fb2KDJgJWm9qjULweg+hL4RgcJe+ObGtcZOay2feR12U1otf57w==
383,2026-10-05,11:52:00,50915,2026-10-05 09:52:00Z,21 85 29 37 27 36 47 19 33 72 37 4 1 38 96 66 63 60 33 2 76 45 8 20 26 97 36 41 71 94 30 17 54 71 54 79 20 30 42 16 77 93 28 39 33 69 29 91 95 13 34 36 60 31 99 6 40 97 33 75 21 81 18 55 3 80 94 56 58 60 27 44 35 38 49 89 7 78 74 16 93 31 88 60 69 96 46 68 80 33 26 66 93 10 37 65 45 70 85 58,AlJAeRS/xvyqUISP5Y3PW8kCAWQKB26bdP/ENl/kXV6UQXdzfE4ImTrJTtiQDQMPZFcdCM55NYkabh9BUJAXbwl3frMycGmiXS0Say0Wt+OXkTuXPBHIEBwBtJXcPgm6XAEvFkuCc4vgHEshotKXGYZKiI3cWZ6qlXq5cfDLZRARlulGW/ndW7sUEuT5palp7Us3+rc0nAqi3UEhXtkQG4H5lbJalGUmSRRDsAPEyl51rzj80UyW6wF5vVijirFc7HRZWggBZNvaFLt+vRqZ3qqR13uULlR6z2k6Mdl/VgqJGsbg3vpLlfzz6KInzRSbFxajjxfO+D/D/a15bcrvoeR8nWemXmZUz/rVO3x02tbx/VQegbJXCV1ro0JvPaqeg7BQUKi6PPyKZZ6sifUJOt5idftOj2UWybE7iTnuWaX5CEaRJz17sdQFUKa05oa6y8r4qbSOlBlD1JVXESmJ9tCBZvFdH3mtkD/ndelcqjgUPH8yx80n9U3VhQ6CX6rJuRTfgy3SxEPqquEJEx0oksCl8c44++juOW29nfTJ0Nvc1939X7TNDFfn9t6CvUBJnBiZYnnF566IF9jIA02G8kk7cv4QlxNI7JRyVwEyPT1GI7tg5J0BsKabRuRO6nOUdaGoLI/SM3xFjNIlmwwPjteMU/zBafuhZRwDSAbvI2s=,9BUxBxskt4zX31eFcUpfoKvMjOrdUAvN4y/Fb2KDJgJWm9qjULweg+hL4RgcJe+ObGtcZOay2feR12U1otf57w==
384,2026-10-05,12:00:00,50917,2026-10-05 10:00:00Z,50 46 26 52 43 86 73 62 62 95 98 97 36 76 11 87 100 25 83 17 39 23 14 86 60 25 83 80 22 14 89 80 12 28 47 4 51 91 39 14 80 44 55 19 7 56 91 83 86 51 34 83 59 11 71 54 76 82 94 69 92 4 45 86 19 62 7 15 95 95 9 39 18 75 85 36 10 60 71 56 50 52 1 72 14 69 48 50 83 96 31 66 56 2 84 79 78 75 54 98,4ckIsI2YxOAfcpm2Aqce3A+1ubR71ZCYvoA4WxZNjn2NmEFNkDHGsHx77kPqLheo/3FDpcCOTI++Jmb47HW4FWF5D28Jd5ML8hjEAWdKCp0sIl1tPUpn2x1dJRvN7ca2ULX3/N79umFCSVmv+sksQkgfswTHEAssYk7niBJqxigh0/93SNdEgq6lcZkyqSkudoGTSijryQs5uwpwYYTI8/nELLZUvmT0Zb97nDkQwu/gq9mybxehZRWXsKKMPw5CdRQKIAEApGkjWI7mWZAJWAJeVgYV8HV+/EJ9BMxFDKoqR8f0f/VzAGzZ5Yt79Sw7a/crlg3lAswGCa2uPlRUgbn5dcON+VHGfVL8aJ182MS3gwqLKofcAyWncoshokQXxei70R6CwCdK2M/SkCIkU1S2JVawslc3y1wTONguPDC0QUnIkyIa0xN7TUyaiCLaOeYW8346qZApuJmf/fhlW4zqGE+6E4LRc1NGfnHNx9jqgpvTfXU78S+X0kBfZ7hqoWwCtSUWLrKPf41cft08YNx/ce0MUq0RFpqXJ6PHLpghF3OJriZ/ROGoWVhXEZ0m5vfLf59zBtQFSr0TvbSYrZ8HksH1deY2k6JIgnOXlhLsJ7eWE6S3LUo9dCW1Hr82R/0xoarUI0lxxN0lRUSgugsqlhqA2rjyz+degCSmr/o=,9BUxBxskt4zX31eFcUpfoKvMjOrdUAvN4y/Fb2KDJgJWm9qjULweg+hL4RgcJe+ObGtcZOay2feR12U1otf57w==
385,2026-10-05,12:08:00,50920,2026-10-05 10:08:00Z,38 2 10 20 54 74 62 65 87 46 91 2 10 32 84 73 26 16 30 77 82 73 28 65 51 95 43 20 85 61 70 55 93 46 84 27 77 67 75 44 13 60 81 76 32 9 44 12 28 86 18 53 98 51 7 4 92 28 99 57 48 6 45 86 30 9 69 80 38 11 98 14 47 13 82 42 5 91 46 23 33 27 38 56 65 39 80 91 96 92 2 62 62 44 79 86 22 12 11 58,mOY+3ZG8hJeBKsU7FEvZllvve5J7fnibo+iH29sOGbBuj3079i3pMh4k8pykskEnOCcoqRD47oByFjSn3m8ag+q4hf7oUT8DuY5pvHSxiPfnE/z/ZpjtLOpZUfSz/pOAyXp/mUlSyp63Ifu6lvnSjIBUlU844UiTMQLq6Y9QtAsZEeFVh1W+nN4ffeb2XFbxcCC2wSMn3FcfGR6DQj8RnEIFrUSRg0cd4qp6l8gnefyhcfB9MWoauMsRuUihkhA0so5zUKMP+lzisEQVXWPVw8lJNnhRmpEBXNbGlX1DZvirQm/iSbve3mvPIV5OEhWSA3jQBcuV4RR/gQzkvrBLot7nJZJuRw8kMkhfutexShS4kSGdVcpsxE4nHhEiTpDyB8kiriRUwnYULYlDxhDQbQPMFn/U35qh0iKiZMK09tMX+t4+VlDRpF0rQMW27oChbXR43e5keXRAsUQq58Z4nwmmBx/oCeJsQur3VytdfMoBDrQluReLOcJwO4OxcXmbMVL6WCeV3uwTq0rNhL4uGNf01bZrovBjLkHrCSTdGMh9eX6sNf3H6s42tHbsRosmcl0AzhC60mWVxqIimZ2az5zcdRV/lP2XDjpD1PaQXf3CoztgVKFMQ62K2DOYgBkcsM5EyeUgO279f6K95jTVQo/N6xuDDvphNDwugJSTGfY=,9BUxBxskt4zX31eFcUpfoKvMjOrdUAvN4y/Fb2KDJgJWm9qjULweg+hL4RgcJe+ObGtcZOay2feR12U1otf57w==
386,2026-10-05,12:16:00,50923,2026-10-05 10:16:00Z,64 10 71 29 34 89 99 6 38 3 21 100 22 2 91 80 68 50 10 19 9 23 2 83 92 98 4 7 39 26 81 97 63 80 42 90 64 48 1 41 28 27 100 61 88 13 78 59 52 13 61 87 66 35 47 60 50 55 89 59 24 79 99 2 18 52 11 93 81 96 61 100 95 83 48 8 72 9 9 91 81 97 44 81 9 86 57 90 34 74 89 19 8 1 21 82 44 18 92 41,roI45X03IgsM2vBwL2rSLupf2dT4iDofXppjMD4aAAyUH1QINDTLB8WUF1sDvjm6Q0wDM1xcsKft8xgbOk2TMFPYAKk7yWnv84OpuFDgIic/JngKHXpaLR6R2QN9vYfNzmS06vZ/ZmndzY8FbKnbKJ4LmykHr94Gp1FrmL/pzFxa3IPnsB6DO1dJf/wrzpdxzGGhzjAbmuR5/XW08jTwbK5eXYHOETMtZjnLbvM4T/sYZEc2VXZInPrWoikK0hFQcmOSQTCk3J1ApGyBoVGUG5f1XuituwKYkPpcAxO5mVHrE2CE6tcsJ7zbykG3sjlZDNGOkaYNkqRu57jtnf/rh6TYf1ffaAItcZVSO70laxRHPzD+FMlD9ONcs7ae3JRLGKyWbUkoeyN8ejWvtzLdgi2OONyvns/zCcPGpLCPylKP7t4N9h1aRPbQ5aH2OvNUEjydZLoIzd9fLtK0GC5Bi/abJlNv6WnoSu4gmdv9G9I1OotkTIhOqus9rSAYclTBaxEfsxH/9aOotlSXDnnHUuktgZ/h/qLs7uArcgaaY2J+ysdSfJlyfU9WJMKCkT6wbTAS+2w+Fl/jmumChy0JGNYeYbYPyMXmyB21V4HSCXREz+3EcI87yQZ1uMB9mi3Z048GlyKL0MWMMEZvCGRMTQ4LECrRz/XXhvuvKMEIPdA=,9BUxBxskt4zX31eFcUpfoKvMjOrdUAvN4y/Fb2KDJgJWm9qjULweg+hL4RgcJe+ObGtcZOay2feR12U1otf57w==
387,2026-10-05,12:24:00,50925,2026-10-05 10:24:00Z,1 87 92 48 28 87 69 58 92 39 100 72 82 60 3 17 99 5 11 69 41 14 44 11 8 98 88 69 77 24 53 43 70 35 92 28 22 55 61 64 98 58 40 100 55 85 67 81 91 57 89 75 95 49 71 24 14 5 39 26 97 80 14 25 14 48 8 63 9 55 3 53 21 36 18 86 29 53 30 16 97 13 86 5 99 12 15 89 86 57 4 71 37 53 61 10 52 63 96 35,O9MEJn3/LEcRopuL7tSKG3J6oxoJ/hYVjAPGgkAUXN8QdC+t8R1WNE5r/MIumF8mLoJLi6WqbGRCxuW5AgI/BaEQ3PMgGjk41Z8SqzLZdtn1Y3KhsSo35BYUVXYUjy3topKTts39J+n5O8Eu9xfnHGsDmrnIrUAn+kVlQQ65MAd57rN2IbJ02ik01B0C5lCDhM/t3g32fpMHPLD247/5B51nITNREc8gOi2Z9UhRxTgCoBrkM9CrKx4Bc1kCcCYgONBY0sRyUMK8WD3sFHAO7wuIMD2cWRf/T0vvsMlX2ZlWjf9B9JEKJ6GF+95yPL13NFw91PueAm7tt+kdVzsYQvg1hCc55Iag/DGT06+TZOEVO1DPu4WHs/tyN8X16LCrtA86wrKvoOpH+SwU6m0pnMBrfPxdiohvyw5yMK9I60XK20ZRjzprz4WxE9TRdp9TTCRJ1C13lTL+COyH5JWI7lb8Yv7cE69YcAB6cA1xaj7ZEI0XKQWmjb9uqhYjwEwA3kwkJ9RMPTJmLe4ia51zvCrBLaVCU9YMl/wprdPs8dp3kVEkoF3T0aMpu8dCEWnMibHClcUMcCHCNcOrO2X5/kHhcIoe5UmMYsnWTZ9SQ86bx+JrO//zT7I0MG3cCGPbh6wsqoz3zHmMvk8z5/bj6pb6sM3UvrjGKQSJr/UXFzI=,9BUxBxskt4zX31eFcUpfoKvMjOrdUAvN4y/Fb2KDJgJWm9qjULweg+hL4RgcJe+ObGtcZOay2feR12U1otf57w==
388,2026-10-05,12:32:00,50928,2026-10-05 10:32:00Z,58 69 81 92 76 8 74 67 36 58 12 4 14 18 78 61 22 90 7 8 38 57 82 3 65 63 24 5 91 70 77 86 76 27 87 91 55 78 47 4 32 39 16 24 80 29 25 4 54 63 98 27 38 72 44 74 100 62 10 74 63 19 97 49 80 82 33 10 87 7 21 31 1 65 42 73 26 34 29 68 90 23 59 11 90 42 33 82 59 52 65 98 41 39 79 55 80 58 7 35,gskDUQiNJEvQH51EpM99I1DqfiCjIR99NcYWkLQN4YX9YX3TyJpe+5j/obgwRSHwFyRZ+Yor5wR+Zy8Go3hU68Mb1L3hH/nTTVCTLMfUmespMv+XbGShsevo5KyTKBOXggENIXazRLE9Qiss10AniMaCcSSRZVQI4HxU+zyl/DDFYV8nqi+T+TC/OGEPo8dbliFix0poSPB8ohWU8xt+OTiiPtE2tu2jm9CGBTfyfHGyJZ3S2iHxASpVF3RNesRqnJEhOlA+zdiJ52/t+++1NkKlIwOjwGL0M6qhgB/0qM1jvBCWh1j4gWwNUE6W0KlZkk/Rb8xzJ4lxJg5nT4XUkbIWLIR49Sudphsv8eUNPHrYMbT4FbuXEsW/QIg0npLPgqX/tO6pBBxmyYvCZhGQ7a7NkKFijik/VZwyCYuxuZGCreflkRUBeSUv3EoI04ygNgn3oVPkKsdTQL0w2YG0IkbU9kRNVRZxUhvBhyTfpJCP7XOgwLZg4VCO4kp033tpHtXAwxXTYRkeQFHq5E72OUx4oTwKp2k+USCTqXjbUkC2KmaDu6SOXlCgkVSYLI2tMUFXA3aIkDxafRD2Ht/tmCtewu6aKBTX8Bj5Qn9IncMJegXOWBOWl66G+5CxgUf/fXEYnW3bD3EpbHxiRI/R5eengyc79cRePFt5FoG3A9k=,9BUxBxskt4zX31eFcUpfoKvMjOrdUAvN4y/Fb2KDJgJWm9qjULweg+hL4RgcJe+ObGtcZOay2feR12U1otf57w==
389,2026-10-05,12:40:00,50930,2026-10-05 10:40:00Z,89 54 13 93 45 51 84 74 97 57 20 38 12 15 71 32 59 34 50 49 29 22 7 70 71 8 100 6 34 14 79 59 67 28 51 53 14 34 21 48 67 35 64 31 49 42 27 29 80 49 61 52 5 84 68 87 26 41 73 18 22 100 49 33 30 80 43 94 57 6 4 64 43 8 61 96 60 60 57 9 5 22 15 67 63 20 93 80 10 71 44 30 47 35 27 24 2 83 32 19,YPtxdH/WjUtPjqYytx5P5Np1HtXyBtECza23M1kOxmnBA+YKybCqZSpMeacZ5ueZ8e3ByktPU+yvh3pm96zHtY7+Ylz04/o5fYd40lNrnGdtXLh9N9tlo56Cuo6Gxyx3HPxuJ6mDnmtYg2oLZ2OwbagRO+KRHSh3beNqRFW1a158E8O0fQ8ymvxa+aTRnwAEogbifyBAt05ClfrTUHwr0zdOy3Vlp5LB+wTKAyfxs7sEH6Uvo130isAs+Mzzl5Sj0i8UBtn0/94qAcy4v96pyDqz3I5nnwS70oIjms3ycm2tmIO6rm7tBlyakHB8hOGPFYmnWEuAs8VXIIT0/xfuJF7u7jdB7NzkMv9E0mQ8ieRKusIzSVRWOaWdDqomCzlKYW0E0Zi+V/1Vbm3zh9AwxAZdQgUht1nKQ0Nmy5XoXIbtgLUrd8qtCcqX0MvQaemIiklmgHE+KydtLiP+iwSfudSX/jrX10xH/XSj23vgKcIzKVnSlvl9KbgTLn3jw0l8eTIxJMtLzlFjXldsb8rsxVub7IolkRxMgOH3nICKdq/aa/UvaXz/CihE519637FOn+4jGP1WrGUmbwRko8yYpnZ/JlUzQEB6Ll0z5bwVV/24NBtPtglnGSpS9KDTM9TsYmFmdZRmZMaujlSAwKdRO+/c3E04VaARqgLXvamw8h4=,9BUxBxskt4zX31eFcUpfoKvMjOrdUAvN4y/Fb2KDJgJWm9qjULweg+hL4RgcJe+ObGtcZOay2feR12U1otf57w==
390,2026-10-05,12:48:00,50933,2026-10-05 10:48:00Z,43 18 86 56 52 15 21 13 19 49 17 30 96 5 7 56 10 45 5 94 7 22 36 8 37 13 54 54 86 62 91 4 9 66 23 89 43 5 92 19 94 4 82 15 41 47 94 98 13 14 91 95 26 41 58 1 69 20 57 53 85 43 71 93 80 29 89 100 43 88 23 59 21 5 4 20 8 57 80 91 50 58 90 88 33 31 61 3 55 61 56 54 39 48 58 56 93 99 14 23,1GcgQXpOK+yX7LqZXJt/uVqWGf1QbNBIxy3rgVhpFDp4//JljHuQStZQLGDig9CW1cPcj+RV4kBe0jJI7gzrZkVu1+KqNSf08JwSaXzy+KonuIe/O8z070nuVz3O/A/kryZ1zULiIpf9kVU8RotQ7M4KcSj+1sP+X0NBnYwX8WXkdOOTTWD8KLVpG8GrlBlqe6jLwWQIihfZgXV5HU2NpG/eu9wVi69IgNeEuMv5DF3IGap0eCF4EH69MGlKJCth9kSilP1oCcpTTi2j2z6rFzvR3g8mdzjk2ajCrJPqDMD6gsZF6mbtg8Iz11+vFC8WcVPdtnqcDchlAdzvHsx6w4wUSyfMi1CbcOuI8KLGKEKeaD54tc37YPRx2rf+UFRIy3yD3vi8GD62tOFHPWY2BPeJbwNWoSZxo5aqe4hf6JT3sDKO6l8/wJUik4smEt6CnI7aQUNVPK7a6CBDq2WoX1qEQREmMNwU1XujpWAhW63ZYNNg7EXc/anp5rUeQHWzR8F/HD5/QDHEguLRgs7Zinp0l+fkBPvRkUvYA3+0A6jtIJP1hfy6/eCyrPtSiHqhF3IlvU07Kkw1ZnWvs+JLtZsLZ+Hn9nAb4lK1TOLqyQ2RCgoSa7IqRbOq4CTma/0s9hMWWFhu9TtmCfSHgldsp4DP7AqP3WMKSuNKzUd4JyY=,9BUxBxskt4zX31eFcUpfoKvMjOrdUAvN4y/Fb2KDJgJWm9qjULweg+hL4RgcJe+ObGtcZOay2feR12U1otf57w==
391,2026-10-05,12:56:00,50936,2026-10-05 10:56:00Z,16 2 70 1 31 94 31 95 72 29 84 62 24 22 43 20 46 77 24 58 73 41 72 7 31 85 59 95 62 76 95 62 12 18 86 75 6 54 17 16 80 41 59 91 54 95 46 39 12 25 38 28 32 98 28 16 44 84 88 13 80 10 29 26 29 25 47 70 34 28 67 84 83 52 77 10 74 28 40 37 9 46 38 36 51 72 71 43 84 79 81 67 53 10 73 76 53 100 6 94,OweiQ6S+xfkanUyyRO0bAQ/QR94Gq99ix2r8rjnni27dXrKznhjh7TXXpymnPpiNxJysBJ0xbl8feAQ+tuTjlPG8eWzFI0bGGvotIXuTebp42L8wbRd6Fss0TeY2hEZHMZGltdOuzHiTrsXGFkDtsOYvxGPhXfgD2pAbomYA64ogKNoegY6F7e4I4u6OCaBP3mQDBenbpJiSI02rihXBuYgY3VGsWMWdf6ylM/p+bgWXWFh1tN9deh6QCvSBdcLyxYrZZ9vHAjTWhN3afVfwiILV+3Es7DottV2fLtPU7URXpJq/T52B43AcA+nX7DCcbU4dexC0dxhTKSSCJrRQ4UNuTssl5HFvIJ0btBzJLkfValerZ7S2/HYvcbTh+b1jAJi9421bEDpzmnO37c1sDMQ8tN2ii6648W+Snt/hsRTqVXMODgK6lA0We6u8w+AzDYljCPEai9+ZlXeIf+C4x33q7pw7rU1daXBEu1Aq25sJWENIgSre+B29JlEecqmJzkJqRgTFMxBiXdeRNRQEikNcSzj9GRUewXWeUkXFUp7dOCWRVgun+MA09n7N1MFfKnaDVV7YjV5Gar5ADcmK5N3/D28QZ+1Q0WDt5WIbm3Z9lbwe/d2//g76OIWHAFk67M/uGDm67LU7F+29b5KPMh+QZgwlr2dqi2gOCu3Vaec=,9BUxBxskt4zX31eFcUpfoKvMjOrdUAvN4y/Fb2KDJgJWm9qjULweg+hL4RgcJe+ObGtcZOay2feR12U1otf57w==
392,2026-10-05,13:04:00,50938,2026-10-05 11:04:00Z,13 11 63 74 48 50 57 36 5 46 59 25 93 56 100 93 69 30 40 28 22 24 6 80 38 72 17 85 19 67 91 70 44 31 44 3 3 21 49 49 7 29 88 40 55 19 49 43 48 95 48 37 38 5 15 55 1 93 65 66 24 59 30 84 57 80 87 71 44 35 59 80 60 4 54 86 76 98 10 66 59 16 77 73 25 39 51 26 42 25 45 42 14 37 84 44 57 21 77 70,E2MvfCRCqnB9mfoj3+pRidhFGYr2FLWNJR2ayMydnGm2n7NfMah4fKZvmiji17EH8Cn+gDhsYkzm8/ebXhiXdwX5+eCigO8+dMNnFz2LH+miHeTDMEWLy2JGck/Y//MoWdBc52/DgqNeixlYD72ntwHVVfwr/cNHsUFcL2j2PmgZPoI21e+JR/ZcDDSSVHm9OgQwh9knfKYNqWDYfLLYgKRLZIdhelkfo53WABK1LclyOaXI9oPw27S0XQ1BiBFflC/LWUDrWn07Z3HG6WTfBnhlL7ZdoLAJDjeRlpHmDtqnjUBsk64vIw42oI/Jn9FibU3qWXrnIGuluVmqb/j/dslZ1NiLtcwZY2Gcy7KRs8HzcsVrlrOvoY52zmJOOEztZCvxhGqXhclTakmhIsDealGloIdkyUgXVTYUF8Ktt/hPLLEIvhl1gHONpp45iFCVaYqn6hsQXD06CoWcUxwBb4MywEUATy26Uy/KDreLcgRLjfO0HEPO8E/E+dKvQ4Udx6OcbkOB0DZn6LZBEoiATaLDQcDtTh20U0XApEbJniB4NJTFIQyodx1cCoMsRagdZrNZXiqCoW2usdv6LH+ECMpMCjpN5XUe4wffJj1gW9nwki7obCXOOi2uj3v5URCy1UThOLhPXnO5/WOZK5OC6YDBwhpFmgvJnUngvxyDllc=,9BUxBxskt4zX31eFcUpfoKvMjOrdUAvN4y/Fb2KDJgJWm9qjULweg+hL4RgcJe+ObGtcZOay2feR12U1otf57w==
393,2026-10-05,13:12:00,50941,2026-10-05 11:12:00Z,36 80 47 76 44 48 62 20 74 57 62 53 43 19 30 80 74 68 100 16 100 22 53 12 66 29 70 88 73 72 97 37 43 82 51 63 86 99 72 80 80 88 32 94 97 17 16 46 51 31 2 68 27 92 48 45 70 66 93 60 68 91 90 20 68 84 74 79 86 73 16 77 61 78 9 17 26 72 88 89 81 34 44 93 22 8 77 98 63 81 68 86 15 63 79 61 88 99 31 29,qlOHWM2VIxvVKJabIBDGcyG/nQ5reCSyEJ8dWgFgpHJhDHjuFTv522OXnaO/+J6XC0cDCQ7jH8QghSU85eErLbzUDuo6yBQGMm4XAPmeETRV83GCXQdSVd50DtPYPDMV6pH9YuGocVwAe/mblE+xKfcGi9b2s++lnJ6q7eaodFt5zMg1zqpeW7O7JclY8JIWX12WbnheTYAMbdXyWyJT1ddO+U8ebsCyardhhGaPWRhAoPStPmbJngvi5qggR/C/YeKYfwJkcy6ugTlFoWlK1/j1V1CbWirnElDKRq/iEGrwA3s5ZL63qkqgsa40fGE9rhOG26NFvaOAc4Dh3gEQm4WA6B79Ae0J+1z8pRKJOr1pI/LkbT7YS3PY6VTIF1AH4it43zAtOxILp6YkRzVyx9Dif8RA1FP2cmuMVAkJP1pwcRBrSyAi0418NuhZbq+BhGpMi9HEXgga4Fyvo9G69HU62NaZuCse+KC6Patb/zk3OyXWzO2nze8pRzX35Kp2ie3yH71nK6p0EWJ6cDU17UOn+9JURxHzHI55EhuHjX23U2zkl2WWmyQP0E1mbeYea9ogAvagx7tQrJRamk8ltadU6G9m4GBKbhhRzVYZ8psvtY9S6e3JICFP8O3EIJOnSuEBLPnosyXuuzX1/iEc++3Uicf+i8K+mQPbNE6FPYo=,9BUxBxskt4zX31eFcUpfoKvMjOrdUAvN4y/Fb2KDJgJWm9qjULweg+hL4RgcJe+ObGtcZOay2feR12U1otf57w==
394,2026-10-05,13:20:00,50943,2026-10-05 11:20:00Z,30 39 94 35 10 76 78 77 13 59 23 36 75 62 7 67 100 3 31 35 62 40 61 30 31 64 100 9 29 65 32 3 90 2 88 75 4 4 49 41 26 45 13 25 47 27 94 20 89 45 37 60 94 11 92 88 22 38 16 71 50 21 43 90 67 19 41 46 99 6 19 56 35 43 62 29 88 92 87 4 94 68 30 86 58 89 9 91 8 86 93 24 61 47 93 18 1 100 84 94,LypO/8lGs381shn7SCSUNlGnxfL1HLfIv/caozfcbUkDT+O3dAgYf15Qjfgu9hAtzUQymO7xMnFVZIAwSp+MACulWCsnQqtl94+nkAaMk9mF5qZEvVqc8B6MhudBx7YybR+qPMTqtryKbSi0opnHKiucVaJpW4wgyETyuhbj6QZrLyIlcne7A0WSDWQrXaJhPxlDwOHVFmehddT83sW+v0EfTc0rwkc42g9hoObCytiz5iEVCEbzSlBsbZpsmoiGMvKkl7F87DWR3X1SSvvRunHS2ivZ/kO3DrlYA2LeqG5sfNAn6QrA6IAzOWduDAhQrFZXNNPCu9OiNSDV+No+zl7A6VIx1oDMXebxhrfHifBjuD70cz70LG/ZjPZL088Xp1onQTjQctcQ2Yutm8fn9FqcUWbWyhiYmcj/9YzR/T3vZYSW2p250MIPUNlbnro+tA20xqjRPUaZ1OFQmArTt6UmcPW1XUA1gSFQGZySvOk4hwcAuEoSoCZQP9R0HAWiPkkqpr1w3MEgxFKuOKpylYNUZ3X5NDbPEk2Qob6y6l17wxA3GwM9D5C4d9IU01MJHOLMfuCbY7/KBpQJXcekWV/zvOu+bmlli9nRAX7wLBbauKPYyekoo0wccFjouJsEdXFyftUGAn5H2bB/tv7+5ln81vqbbVyviiUgXaIZiuw=,9BUxBxskt4zX31eFcUpfoKvMjOrdUAvN4y/Fb2KDJgJWm9qjULweg+hL4RgcJe+ObGtcZOay2feR12U1otf57w==
395,2026-10-05,13:28:00,50946,2026-10-05 11:28:00Z,54 2 61 96 84 85 43 63 4 66 29 54 59 29 57 30 6 72 88 3 63 94 9 23 96 93 59 71 49 23 53 42 31 13 3 46 69 25 53 72 19 23 72 79 91 100 9 18 52 74 98 13 33 20 92 53 40 77 48 30 93 39 25 54 92 9 77 79 18 30 2 89 51 66 37 40 38 91 85 40 90 46 14 92 96 61 49 85 52 31 59 26 39 99 61 61 65 65 53 45,o2j/JGamKg1pITMwU6s1Xa30iilwEoxoH9ebVLysuOcGTB1T/wgfatwWsIpbe4RVSNRnKoC6YR7LNfSvF9qTxs0vnAleNyGSp8SbCK0jWdkuMQI5+AUiCYWp2axlYyZwVS0dUKxkI+/KNIiRHNWBz1d5vUhvXHPH1gluqCqoCJic9Srg6F+wC/JEq4SDpmfnyKicKGmaNFCwgA6Y8rWsT5yHJ1ar/xZ4Ex+Mjr6x0Jo8A5mkdgb2bGtjHtTuG9dQZo7lQa7V12IqZvFQmVxOfH9p9ID1CykjFvC3pWBjFhyPVE62qDXhx5aFbQNum+KWTMocMWfsHyjUXTRHkL1MtkGoaJ0F3IL5F60inVUx5PGrejb4YoNO1bgB5jbzw4sd/3b60tSp/66Pz8qa5Ftu+wwS2Qj8xfleTNDJO4PRzkakOcKy6S6s72zv63h5os+Lg0Fg9uZeCvKVM9cp+I7Rv5dO/NT9xIDMmvq+Z0itWmv5fC+Cauz2uZFNBGMmks/hlcMkGKV3qz87sQIDQdy5rUKgBXGO5IDZkpjFG8YW7MnmJ4d4s5mz0KyNmOlUgHqJujdBS3QLz8irm5uacA80WyFTCqVrjp8NTX7qKh11WYXj3PAjQeAD8PeDbrNDUpaO5vBbzFcK/Q225ULing2vRcKd7dU15snPr9bY4zlr2lE=,9BUxBxskt4zX31eFcUpfoKvMjOrdUAvN4y/Fb2KDJgJWm9qjULweg+hL4RgcJe+ObGtcZOay2feR12U1otf57w==
396,2026-10-05,13:36:00,50949,2026-10-05 11:36:00Z,63 44 64 3 93 48 34 62 6 72 90 96 34 36 97 55 56 66 7 51 52 87 93 46 83 64 39 71 2 15 36 36 80 66 98 82 58 58 65 5 16 99 91 53 24 12 1 44 77 57 22 89 96 95 27 85 27 5 46 2 81 7 81 71 80 12 55 70 92 86 20 32 21 61 25 90 12 25 20 35 17 76 92 32 58 25 71 83 87 52 89 16 52 48 38 76 46 83 26 46,o6AYDggrnL4s4rriEejpDfzbqe53IfzCqE3cZzobU7DNjvhDl2VhOe9Z5trVb3x4iXMsk7J/6D1vVqQaMqHZTVAWGcjL2UlDdTjTBtg5CkNEkx+W8clwthVwzU9/FzOI++6tKeqFm8mrERyoPZIh8cIoARu1ZwWapGfYgLoYsD0PBtPk0S/6CqW/vXxm1YnWLIemQxP68NB8+d2NS398IIwGHWLyoxx2BOQq57F8POMWlhqoBs6DZws65PJtz8McPwvydHeJVPEuYnognSU7fK6f9yTlIy9wgFg5JmN8w5768UEz0tMbSBMoy51sDdrrNxsHJnyp+cjdZoD/wHvKjCqfB3L/7f0b/Dvk3NbvLD7AjnKeP39WLaP8QntpYksDvELElUps939tFq1KX/eYo6TJJb9cHU6geKF9/fLWxiBw+3qOLgK+kmAoA5Qy7WLWSqqtnymO+l6/HeMnJBicLMal+tR2M0ESiOh7JIcEzMSKYWaJXolIQ4Mnn90Kqzqink/puZezE5BLU0OtJ13DlV0zlG25VNjBTnAiK1AT6HBuis9DfwIY5Uh8tzCbmqmGlgpnY2sPa6yrFkpzIphlWI1aokME3SPwhVBDi7qkb5MpbHVCTcQ4TgfxuYdj/MPsuMfa4ZgXzw7v3oQU3t17zj7xMZ3Kduj6bPLQMI2SmDA=,9BUxBxskt4zX31eFcUpfoKvMjOrdUAvN4y/Fb2KDJgJWm9qjULweg+hL4RgcJe+ObGtcZOay2feR12U1otf57w==
397,2026-10-05,13:44:00,50951,2026-10-05 11:44:00Z,6 93 50 18 56 49 16 50 83 89 50 97 85 69 85 34 23 89 79 73 63 14 24 48 87 34 99 67 92 63 40 34 76 11 61 33 65 43 75 72 50 21 36 91 84 11 98 67 23 31 54 22 66 86 83 86 70 79 62 1 28 26 58 35 19 49 10 1 79 50 51 34 96 2 64 55 98 45 41 63 49 70 89 5 40 3 46 49 54 24 8 23 53 52 68 23 16 7 73 30,bwYisgAMBdKKq8UNwhjXflduuVGKjbAbh3dM2cGrmrIJGHqGHDuqGP/7JVgr9gZkMggq+sJBxiOCQoX4SQCzScC4VD2RiZcLnu9t2zNPLXNpN1dnS4lNwJG9iUPonpWATMA+jj9RDr1NvOMb2A63mtva7luRdRnxXhc8c9DNHgDa4JKjdUY3zP8N07xuksbwHyxYSGtrlHrx0HlvlbCmG5Ak+dyf1d8y7ITpr3apnmusni0TyExjujxik7HfD2g4zSBrlwHFq2HndnPDksxihaxS8yqjEBD7TCXnrYzDTbU0/k60/UmqOujbRaux6kGDWh4rSzdxCFIUT6rt8GCVku674EokdxEaM+NSghM2G0fpXtJvbmsZRD2OT+e9xTPVYfpy8Yh6n2kQBPaQ87yr4vGqs7iZN3DG0mQk+gBB2I1dNJrJiOwFh6cR4QZ0EF7IfvxYnjwjMzOsUpFb+bF4PXgUb7KHwetFamkaUw+z+xPrd/qfet7yveXhq6uOXUB4eFlXh8UqOiRY58NYR0HCOS+AJ9vIjhEqDsu8uR7mAwbAM2deFMS2vYSIq/siyUj5PKz/wVsvdrpqz/Y/wO8XSrZAUL8G3xNQ1RLoIpHVYERB4fO2fn6rPC4nclzj5atNbXVb3voD2RaJDEwMJWUJ5cnLE/2eBy1fs2kW6zvuNfE=,9BUxBxskt4zX31eFcUpfoKvMjOrdUAvN4y/Fb2KDJgJWm9qjULweg+hL4RgcJe+ObGtcZOay2feR12U1otf57w==
398,2026-10-05,13:52:00,50954,2026-10-05 11:52:00Z,69 34 1 91 70 23 54 38 43 55 39 52 52 52 71 43 53 24 76 94 20 30 65 10 91 11 46 49 33 2 48 92 40 74 28 55 12 44 25 18 60 88 86 83 49 93 54 95 17 65 92 50 50 27 40 40 83 37 17 60 85 57 62 37 29 96 70 92 21 58 93 59 45 51 75 48 81 55 94 88 12 7 28 20 31 2 44 16 38 41 6 61 22 31 99 7 96 47 29 40,OftmLOYHMlHHyODigpDVVE585nyhFJT/V9e2MX170hyu5Ji9nPjpAwnF/VFKdeIlImk71xJCndRziHDWOgW/gz4oqvpMXfil9mK7EQl+ht4ZpzCOhxHMKqAm70rQoyI7QLVETZVJqBvwHL8jSykNMBSrUrFnQNRUmy6Z3mJUO59kP63xUNwYsvf/HXk1YnJReUivRqNFHHz40bd9wrYNcOPTsJzG0GlASilXnP7pRpdyW9ZsMJpB6BJD8ILrB+S/ssmLOLSF0nNtkiniuW+Zy6IxaYHdBCQCqAsvJBvC2WyLpqfB64jqAcyh9W5a1z3k5OE1OFycZWWrXF9OFnlyAvX0tYPyYFbmt5eoaI342tFFO8XBdBLuVs7ZtK6z78Kuc1ZzZ1JlFc14R6qdcWeFyeFoiX5ACuBMRs/osJNbzXad6qkKHth8X4fq42OdW1yfWz4W3E/TijUsT1wuyNYz3Jq7nxS5lwhQFZ798btfdnVrZiJI1j2eIA2KeBTcAd+MMR3boX+ltu4wWF7MxVsS82rAZKLKe6T/uS93lly1mWax+YJD+f9MUxsEAWrD8bXi4PWZmIjvqQAcU9xHmFAuFJkXQ50CaOgrYbyB9pRmnf73TdAGl5nFFoZgAzCFoJblS6v/zOIc+gVED0gUmfBFBb4HzUuL08e++icu4qGUGrU=,9BUxBxskt4zX31eFcUpfoKvMjOrdUAvN4y/Fb2KDJgJWm9qjULweg+hL4RgcJe+ObGtcZOay2feR12U1otf57w==
399,2026-10-05,14:00:00,50956,2026-10-05 12:00:00Z,15 76 36 63 92 5 19 18 32 33 33 31 37 19 97 45 40 48 61 74 94 10 46 16 35 51 95 34 68 97 56 32 14 50 64 79 2 75 68 4 78 1 96 34 13 15 68 3 11 94 9 54 73 42 53 46 43 11 20 11 35 83 99 67 75 93 31 35 79 99 26 72 39 72 99 22 50 3 49 74 14 36 58 44 45 69 82 90 47 17 73 57 49 45 14 71 31 21 7 67,b+N6lInfUxnlo4c7/QB0azidFDYZl3AMbfFfzRqubmxPH9Yt28zcjnVUA/p8j5kuIQM/PFu+R5O90m9PoyShn5uHxy1I/HAJWPYebXR7ZKzCCTsh6RygOlht+1MWLTfm/x6pm0wCltqTZPIMa+sUJvEsWUkinoZ93mu4R2zM9QEtm3DgVLn0ID3OD4WkqujX/Ya1EudXxM5DG2b5KjNO5CoUxhP5b14jH5XESfqjLowPwo/Vno5rPuBUpdC/SIqcKB/jcR8bZ10FITxu0MSRuOm3bifulUjavqJmkxxLBtWhToxFaBmq1x3TXiSibnawG6DQe47OTNJwIp//kvCmibTjVU4XCZHFErTh8G01HU9WPK1tAfVMTM8fIqzxktw4VTyK6/pGGezAycH0qyyoZUOp7yVHevv9MNybEgYu2/tQzf7r4nEFnoy58OTc0o8Xs/5f2XyjZgki26tQw0mYTyIv9RKbCRgjYWBqi+i1KvAcBvx/VTfitq3UH0+lqODQn9qDc/d16/IjMnQm0HBApWRFpXO7g6DRLcePVDU1dC6yRGbe6lJHUPI5Pu9egP0gXdvIBuIAhGZXpCWVz/kTw0nPHoahCAArItwULdUnEpTgm84/pU+S4MMsmkI8Lk+ZfDcSxHvP4UTHYGcXIizZ7troOxYK13r+L8BnWwy03yE=,9BUxBxskt4zX31eFcUpfoKvMjOrdUAvN4y/Fb2KDJgJWm9qjULweg+hL4RgcJe+ObGtcZOay2feR12U1otf57w==
400,2026-10-05,14:08:00,50959,2026-10-05 12:08:00Z,62 62 24 9 64 87 65 23 46 15 67 71 10 22 33 42 27 90 97 34 48 9 97 37 89 39 20 83 49 96 55 66 59 63 3 43 93 100 38 24 62 3 64 14 29 1 18 60 96 100 21 33 8 13 84 79 93 59 92 87 15 3 65 18 20 98 4 62 36 20 40 38 43 27 94 87 52 32 28 58 16 86 64 51 44 97 97 85 19 69 50 4 4 96 65 30 68 14 92 77,wjHDXrxRBWpArp4kvybY53STvg3I1vx7hqI9KcsFFbtPqPb6kKe/MRjoIiWDOnCD0D9KgcnDdR0Z/qbaU2eHw2sWRd2cCiA5Cg9Q7NXBljoK5bTVu0b9ocop/L6g8D0Qx4j5HeCYR00UchJkmyPGIY1CdSdHl8PYRHwxEVXtfPfKF3JmaTnlF7ZX5bvl+xrIcxtmiibye02ZGf2c5Jr2fJi/NljbCU5QAjzpZ31ywVLDrrd0WTGrae5sZQoZzP8qUhr1hlblDt/eJMTDlzCSmYyjTGe21jQd3ntFfWHTmFwd71eftYpPBOEVscX2PZEIBvrlP0E90GSiPJ1Cg8BEzxBCiTbqWV5JJ9ohqQsXKugA3/PFS8XstfT32p94UCDoeO4pmpMDQrl9gSwiyetgzfOQzSCcnHdIXKyyO2U0iOzl0nlZ0bfak96ywartjqS4S6HHyZVJWGTKisVsilc07J7eLl8tPumUKQgl5SEWDjamGOoc/JVt60+axXzZ+hRnDoM3TeWXltJVlL03BZT9VCgHR6jJBRCIqKK/bSaDIb5iA+1gnwldasgJeuKivQKoPLptX/behiWvgyWOYQFvEoTDBttWsfOZejbCH0e/T7NCrzS/8Oxk+JxT7cFksZY7TyVJwYhNkLVl7Wiqk9PcMhfPANnooF8fVjMy0rsIQuk=,9BUxBxskt4zX31eFcUpfoKvMjOrdUAvN4y/Fb2KDJgJWm9qjULweg+hL4RgcJe+ObGtcZOay2feR12U1otf57w==
401,2026-10-05,14:16:00,50962,2026-10-05 12:16:00Z,36 61 61 75 91 46 86 86 2 94 21 55 9 67 55 83 59 6 96 67 21 5 88 9 60 22 30 83 16 25 35 49 71 6 84 41 54 83 39 97 64 14 82 21 10 28 39 68 49 38 98 9 32 32 43 68 55 63 38 24 64 11 87 47 58 64 10 65 5 4 18 65 41 35 1 27 20 91 77 1 43 39 97 91 42 55 20 29 93 35 47 76 76 98 4 37 11 26 27 65,WtZmWIge3usPUBR3UQuAlNqzG3ggAD0W5MoYiE5KfwNFjWwWtMR9D1JlckVd+l54dfgRsC1Q0DfN+e3Ft+pSSw/JtMhidytLzsCAhe4vkMXNhNycKbQwEWIsM/d00Hv5G63h5P/Rxkgxy3J0WUcJSi/6JBkbR49DZR+GxTepwZnlF16LzrW12r+MLtsyK7WN4VgId7gdiRzOsfGCsPODn0y+OYik3Gdq1wKXDqaSKDYO/eOhtO3/XAGQWtdEcPAGUn4nJ03UW0rtQePLXI8I+iEIvpLQPqX8A5CdZMHiAdCXTN3AiE0NIpN7oPMRiJUWLvhNENmDfFFafVwa0ggx/puBJyidZD5TANwD/4ayGYqxX8R+KD+/2mRdTOAkEZ30u9aZ2/3wLySF6m8xKF3CJuBSe2usHd1dNDdJYtJl8ZJJMDBAYh7+td/u2VyUGZUV9JZfHR969IKysNsr9G9PKPORRTaC/xQufmSWV73RVqQAuEUThmEnwjD6s5MAudhqED1ofWxJot7j9BJ3a08nWN1tWvY9lE+TAtPNFsFktxKseGrO2Bp0XzzVOEEgu9ZxqEzb9Wx4GNCoJxP37Pge+8tJOzG75BMi9J9FjdzhiM91i83QsE+nRjXqtuVkJWaqN1ULPPIkfn63Ds7GUq7mbukSWx1WFxghHKxJ2msRjoM=,9BUxBxskt4zX31eFcUpfoKvMjOrdUAvN4y/Fb2KDJgJWm9qjULweg+hL4RgcJe+ObGtcZOay2feR12U1otf57w==
402,2026-10-05,14:24:00,50964,2026-10-05 12:24:00Z,99 40 53 88 45 28 88 10 8 64 66 98 47 37 54 3 60 68 30 71 86 72 32 64 27 42 87 1 1 91 11 14 91 84 8 35 77 21 86 63 33 34 39 19 50 4 25 19 83 93 48 45 76 97 14 100 1 21 44 35 74 64 4 30 90 34 98 69 13 45 63 89 57 55 63 14 19 57 22 15 60 61 56 8 32 50 55 75 10 10 69 84 54 90 48 82 18 50 10 71,fAZcMSmlmovp02pjUP+PyLQabvnDCVhTAq+9TS/j98UB4wScjVvCcFHG14q2oJ/9BfSwhTpshAp+1CJbIKOyxJPjnfHEPkcmlO+IXgooFEgxdpTK5rQRqoP8kIDYU9pFRRzd45aWDl7vPtG/sFsoN2OAQbNSEqv6zdTlSSMsVo1AXVktfoo7DvbqllYeLrJLwKi9cHXRCsq/4ebl+8BpSmI5nLs/hhvIs/erg8r1Fbu419GMYJ4z5v2TnN5IToYH/dlSvh1WeqU71g7eeoCHNV6S6+Sc0Mm0EwDHHoSgNNYdyQxbYoQ4NLhblN8epKsZlx5PSTrdxnk64IMsVObw5083/vP8FrehNDkVgmC2t85oGky48nqyglJ6Fp0qoMZGxrZ0Z50YdJhqfZWLwYVcBTJt81YJKYIWi+3bBppil9kDEG84NLXb2eR9/tW2a0nCTJ/X/BARJaR68H7wO9HY0qUQ1VEIRnH7gQWyPZhf+U/pkKEpe6aZmTxV0mfzktjvhiV26RMQylbCB5u/r8udF8RNWUVfYdLy0uxF5CBdLlwA4zE7FBHbNpE+u0iIV+st1Zo/+so/DARtuZQ8qqF9S8cGcXc8xoIfxefOBSflUang+T0PtAAK1bAgTj+Ouhe1dSEatKW+RSBzci5LEtyOqFIkrTVSCqPsDJ4aQCZpn64=,9BUxBxskt4zX31eFcUpfoKvMjOrdUAvN4y/Fb2KDJgJWm9qjULweg+hL4RgcJe+ObGtcZOay2feR12U1otf57w==
403,2026-10-05,14:32:00,50967,2026-10-05 12:32:00Z,6 72 92 28 25 22 84 78 76 84 17 12 46 99 14 70 66 67 8 63 1 71 47 30 54 2 2 28 43 26 43 97 36 82 22 59 36 79 10 69 73 53 52 21 81 76 32 78 34 47 71 98 58 24 91 80 100 52 24 71 18 7 20 42 48 88 85 28 11 97 87 73 67 99 54 13 44 6 14 33 4 96 3 87 93 29 25 15 71 71 52 4 56 56 73 40 7 18 47 60,k1qaqBMLY205lsgVhH2Ba6lLj+7n3oiadRm+GnfuT4+6HYXlbZXm8uyjRcLD+kci5/kFnKC3d+y4XxgjPQ65KrUEKGQpoDIKyuJzhYXNaQLaNsdM38yVaeSjrluyPDB5oUwi7VuZTjRIl8vMHmdDAIzE6rw/0PMy66pxzmF/4/y97KO5pyK73T/tbpTu5i0uanEiELsVOM4K7P5Z++meQHgWtHt7f8r59nMAdPz15Kt13z0lqUu765FEyRgfi11K1QwLcoKJzdl3bWpuBsOzn2LYtTVOlw2kYTAxzeWEFqyTPYecAoh9pzgOYEn/pC9Ew2+K85KUmUiQAL6zQVsgJoydgrALGXFLbiqouSOcNAnH8bhwjVzRxcpX7E1SMzW50QI40g3bOVqC5ilcm2ltE4ZY0OqnNbMC6ThiTwkCvGTPEF7VwB0ImaRcENmS5PT4+h/WGwCD2uBrfzYr7meUIR7Z1HsUvoSqUfvj1lRzaBJa+hhzYjpms9ZS4bKOR3QrXYOaLJykcHxL3Ccg/Xzsr0+HayAuYh+Hp3s8I124dsBUKtYSIgwUCNgVvqRxrYj0nl6L0nlZo1xgcQYBj5E/6Lw2KPMJXWv+/UsCs/f05fNVmontVebisVFTRwvbCU/JSPqLXVn7PgHcD3rzbCfhJSFxoDRz+yKlrW7o+oPKhd0=,9BUxBxskt4zX31eFcUpfoKvMjOrdUAvN4y/Fb2KDJgJWm9qjULweg+hL4RgcJe+ObGtcZOay2feR12U1otf57w==
404,2026-10-05,14:40:00,50969,2026-10-05 12:40:00Z,17 4 57 79 83 16 18 39 3 74 46 31 46 23 13 94 23 88 32 56 33 99 45 20 84 62 55 61 61 75 52 68 47 57 61 78 92 96 26 4 12 79 74 38 94 44 67 65 6 74 91 6 7 47 87 42 14 50 67 36 10 52 20 63 72 75 56 48 63 18 54 58 8 35 47 39 45 50 2 12 58 80 4 12 11 78 96 14 53 94 69 60 18 83 46 90 35 58 10 72,QekyncqFvWweubh/7rz1CrHIFLjgmX/xPuR7/Bxwi6f4NjE7aeGqfOZCjrtkggoMOIzst0T6CPpAo0tLCyyKcQ50B6n8OUBTru+oG1k5t9KY3PMzN3N23R7Nr1s55UcOZ4vSZyngtJRaJ+iUd3wsBeKo60REsZIUNcLkqrWEXCUsRTXnK3jFwIOtBixYKySjcY+evq8KXuqxnGGxA6B9oErkUAHoy3QJuTwqDKOxehOxvcTMjPda8DmMveP+UVH0Qfu6U5cAxg9YVOym0EOsRc8a67wGyvxxlcXOcCMApmuTYcRYvldnHFLr/A02pGokCsyHbEMwTphnS7GRA9wanGuQaTsZvsbA2bqkCEk1Oj6iZyj0eIXqj3sL8+VAxZhTkXjbfwnae1nx1Vlfpc2nVpTR40de70pq5qhVKoKXAXOnCvrEA9iCzYRCIf4ET+Ejt2JRmYhuEg/tCCo/kEt9H+UnpoMOOQqyXCY85mJwu99OgORR57Xb6Oum1kaagrlFeq3v7cs4xEdOnszfY6YX1M6w0OyAqK0FRd91r293pL/8JDbYr/GdRcj1EYniioIGID7b3jdgV79xxZ7A9pJ02U07mrf106OYE/BwE/4so6COkGkqd4+FMAjFaOGAnTxgkrAui0zcBBmxUs5zaPmx/GMygPVr6kgBmPZz6pZGOTc=,9BUxBxskt4zX31eFcUpfoKvMjOrdUAvN4y/Fb2KDJgJWm9qjULweg+hL4RgcJe+ObGtcZOay2feR12U1otf57w==
405,2026-10-05,14:48:00,50972,2026-10-05 12:48:00Z,10 70 26 29 46 25 91 52 97 18 11 56 82 36 35 33 31 21 11 70 33 88 31 66 57 24 22 40 3 18 52 96 67 85 93 51 29 74 89 70 28 45 54 57 37 5 3 71 45 70 18 89 39 46 44 17 10 17 31 91 21 41 53 46 22 15 16 78 96 86 31 33 40 33 51 11 40 63 100 84 87 12 30 80 11 65 98 41 52 43 58 59 10 33 72 6 65 26 11 6,AYQ/flSVX5Zxy7qoBjSQ2kOsCJdKfaDr75zg7BrhzmW6tqPF1+LEbrg2DlxZTgFRS20rJ/cVED1+fM/7Ek80TxZRBDNhJhW6NqNkfajysJPKbMxZff8uviSDL4r03W8Rj797GcDZqRXT5FY5CBv5D9ypd6y8xO+/PIYHf1QOarvHbM7viZQctdphwVzcNwg17wCy0SWhpvaXr6Mip1w4dtOCPfP4mo93XLrT8ICeXbsh7ePrHifnSPlQFMpZvZuM0P8lsr3/LXqvzs1wxVqs8BwVayU/zIH+GNdJ7V2HcBfMN5PmHI8rTEhWGmyapDkmQeXkmM9bfnJwVS1KFzLW5p3o+nz8xJvMJG1Mjntr7kUyF4J11W+r0B4M5hMdt5KWScIhfdApdgJiXQvN+o6sd/J5lwscN7uLHIJ2k35DB4tlK3cCIOH8qUB9gl3ixjKWBkC747K7jBNb4az4tZ7WzQCb6NnVeK4Pdkg31iRV+ILHK1gWvNWQ9UbN3cZfnDIbhTjRZyfJXFvtxJjGElh9laiv5HJ8Wg/gAL6F5fQv4ssR41fhwZlGWWH8ZCFEYwfRfyuwLgFC7vQ2kvqbTAl0jqsROAY7Yd9lzQ59pobRGCZ7Wb3YTqsBOUyaxhFkzz+Ife64XePmcnjTDxMVXIkSens0VWy1j9iY4MphVLk5WZ8=,9BUxBxskt4zX31eFcUpfoKvMjOrdUAvN4y/Fb2KDJgJWm9qjULweg+hL4RgcJe+ObGtcZOay2feR12U1otf57w==
406,2026-10-05,14:56:00,50975,2026-10-05 12:56:00Z,84 93 52 3 14 95 14 10 30 64 98 76 54 84 50 54 87 7 64 57 80 55 51 66 82 80 13 43 37 71 96 50 54 13 39 88 93 89 68 25 87 20 4 27 25 15 28 24 28 99 88 74 51 19 1 29 31 58 72 18 11 21 65 81 15 97 99 11 34 77 64 43 71 17 24 9 10 86 80 59 20 16 80 46 11 49 65 85 6 9 63 55 22 79 72 76 97 27 35 46,P/pDwcVi5Hh+IVA3BlBvVnATilMfrDvkzkRXOAKMzyYiFddaK+h2CY8okQz/69hexK52bnYsKm/du394m8cXvKN8LhXPt6WhhAez2we/mg/qw4qO61KGA2C61qw0zaEl5nNyeDsjFo8xOo0/j9qI/Bk5PamyUCfZJ6H7cuWF9kjhQ1ao3hHUZ76uME851bImsma+B3C4x5YNmnOobRxEsIfQJ4j/hEmFgJyuaLDvCkvuh47z5OfioUGVEAjcCXJonO5KSggYncYQDxq5BR8AKNy2kZXTM6UJuuVYtlArjSlacCd4/XmkW7hBPGDkcgDNN7agk4DorY84ZD24zebN2oFum9Qy0P5orEp2XvTazVbzvOHgG8NVpcMaznXeKkdNmRsU7MWDVELrU4LQ+NNquY98iVb/vZHn3CDpDHncpkgtWuHPT4D68K17F6iB/5oQMycC2jR8bPc8tvC+ATCv2DwuxkVn0DPfg69z2f2HWUHRz8cKkG8J0EfoABMRcDfcVYnNhw+yR30crTCsbqxFU+XtOJF/mWzXCBfNKAWEb2Sm3ctIeZYTRG1lN/PcoKzI5xSQBLA2StxXm/4lGu3KPvULVdrpQhW9nECarjODitnbQOH/8fsVVITFRUGQ3GsiEkhV2fYq2gFH/PUuyrTTkaHe4I5LIWYepqJmtq3qQ0c=,9BUxBxskt4zX31eFcUpfoKvMjOrdUAvN4y/Fb2KDJgJWm9qjULweg+hL4RgcJe+ObGtcZOay2feR12U1otf57w==
407,2026-10-05,15:04:00,50977,2026-10-05 13:04:00Z,9 14 13 78 18 2 43 78 79 48 69 8 47 31 49 59 84 80 79 77 42 71 83 11 12 1 41 22 66 91 31 87 27 52 77 77 13 33 25 73 41 69 12 67 19 30 81 25 92 67 89 84 91 6 12 29 32 30 57 1 29 16 74 79 51 13 33 23 83 32 51 31 62 86 63 61 87 31 55 32 50 50 67 23 74 49 48 49 35 36 11 13 78 57 64 95 54 9 81 50,hD7TJgS2gkjrwmv7tvinsQWR27O3TcuwmokoO1KGfhNC7uLp1M55TU/Hte2val5R8b/ksA2ZIfRoTrD/QvjtBdUSR/SD5G9Qucdh34g1BD0N8XvxUr88eQktc8eJeOI7+WnMfigvtohJ8Dlg5A/Dd9iY7JEmmjXTPFWXx3OZtYLq8wEdAbR309T68LzOaBfp5fe3SuGEGsHE7tGQeHFliX2kdMUOTeK/7SpyxoK2f9AhHPqFzgTaTYzCtf4fqh8oZqnEQgJpbPbKUGF9BncFrZ///NCBvq+5Vkcui5p7dtXBTUfuMCmIDqK2pzM4+4upa9Woi0gFDY4B8PqbsQZqWUFasFxbHlrN35Jsym9TNp6vCMJrjbbIEiSDCZfaSK9lmimJrzbpKIOVXavToRT5LpacWO+TwPq4ezbJHbCM4kG3rf6WJ48j8pWxMTdJKuL+dKKTe71ju18uPkZvnadN9CZnnDSxZyzxwaHWwyvnTYVj/dXNz+ahel96c2iBES+QLWXqBPCtdL30g9VdXdpSAfQ7NfPBynERCCbJG2//cMhqmJGClO3d2/eUpgjQflNUr0Q04mlXxWJW5lDXBa2TgCaUSAkKfo9S9Hvz0FWAYxxJy92OyoiQCUBLo7AsBHULE6iDSBt8m7at5Cv92SVn4URhoZCqyFlEuUoIaTHlJxc=,9BUxBxskt4zX31eFcUpfoKvMjOrdUAvN4y/Fb2KDJgJWm9qjULweg+hL4RgcJe+ObGtcZOay2feR12U1otf57w==
408,2026-10-05,15:12:00,50980,2026-10-05 13:12:00Z,80 16 29 12 7 59 72 3 56 43 47 93 99 85 83 32 93 75 84 78 90 28 80 59 97 85 36 51 37 64 67 87 100 91 76 6 9 100 16 11 36 24 63 45 72 1 48 62 40 47 91 8 26 71 33 71 71 28 33 45 12 85 49 50 66 3 77 97 66 34 40 34 70 93 11 95 77 85 25 28 67 80 92 78 81 36 29 25 56 68 91 92 81 58 73 39 43 39 10 11,Fg9cTmoqqJb9TJiFof+cqBjoE5BTiRVKTyJibXKmahfmbcz5AXFM+4CQPy058CZuheV/8w0G7yJzj+/PKYrPb4D6qDTkqPes1/G+0d0GDmeRxpmrN39TK+p3i5oziFoX5tP0ZH3ryWvHswq7NTBWt/jtKFkChdFkCdzVSbXvrs6emKSBuHtnUV+9ITIy89kKGeoEy9BjxzozuqNKpv4Pb+X+Rv9IKB75IrLdUR5o5/QoeTBNO570dOR9pU1aIYD5lT8NQn6E9OmvVvRcesle/A/oLjycoNexy3uoJSOKPvozxfb52IYmO4UrVbw4Pxz6WnEIsRJMK4IIbhNr2UGqM2/Ec+H3zVth51JMHgXAoOqC6FBZujRhhDBO/zgIiA3cjv+IxqrsjJxLTgPDlLxVBDgedL7iCEQyrodNUfB41ODx/NalqIvbW+U1IwE+VbYFc55+WxHyYGJdYiL+ri7wLYKM9Y/5FIRX8JIhuF5UH5mobs0S//3nQQolU/PMCu9GTSYySkwCq8BJ+Dg5cNEEhDhEjZAE9r91nlaRzP8ivD9MzlmTCekJoZd5N+b4EAPFIykm42FYy6CPDdDX6FXFljNdLWMHrYoD4zqKCv2m0Pe0BmscJLLyOtwHJA7qLzutsuV8FCi/1q6Xh+m0yZUoipYNxIJlKWi0jH4FRW6AO6Q=,9BUxBxskt4zX31eFcUpfoKvMjOrdUAvN4y/Fb2KDJgJWm9qjULweg+hL4RgcJe+ObGtcZOay2feR12U1otf57w==
409,2026-10-05,15:20:00,50982,2026-10-05 13:20:00Z,69 87 33 10 87 56 23 85 97 78 95 26 31 82 29 12 90 16 47 77 22 79 92 40 72 51 85 60 99 40 46 24 17 96 81 66 65 54 91 77 43 36 17 76 46 4 19 72 28 30 15 50 47 60 46 3 39 84 42 48 83 3 58 8 16 82 90 95 6 88 9 12 36 61 28 59 40 29 45 37 92 22 39 73 28 82 100 92 5 16 95 98 81 20 70 85 14 26 61 56,gz0YpG5mbzxcIWwviuTjY6PdFvNNVY9CyqRgWnQFHRHfJ4GrIgX51I7qN5K5OhYatPmA3j1vo1SS+akaDAvqGx0oZpo4dFA7dSVxVMgDLJQGFQvfKf+55ALDor2SQtgOsz5xBv8ZBSm2RX4ApZbfle58IoaQnAJA229rB5mB2bMj+679aPfayp5IyHr1svAMe2mBjJd1Hxd7ivRKp/LImZY8BAKTWKS9U2lqZYMULHu8ps8cg1ND2LBElu7nxmNWvAPHmd5vzD/XkVRF2r/b/hu/cOdj9fiNdyNiSdix6NEO1A8FOj2+mgZwDlevsYBHJ7S7/VKJdNiYoFzdtBHfaIheubMm1A9+NKPROvRzT9ekP9JXahklZobhDPrlJMk2hGBWKCtD53KwlBxEAS/WMvDBi6eea9LGafdG8V8meLLyIOTH7eYNuLan3SQe7XdIH4FRqrfrCWRZhMMZU1CFQz0yelH8WPKCbaZux1edeQze5apQFgRjFaefvyb+pQkACiSk7GT24oUtMLgoRc+vGfT5yxDgzpOqZTHdSgrG8VNve87vKAssc7/5Je+7Roju+t6RhXVaPpaKrhe9wdsd3/UJRdDipzeum9+Fb8tuCSTboW7+UafnbO9Kiv8cvwo42Px5pb4j9NmG7PIr4N78dxcw5vnnL7QgFzXzA0XV5pM=,9BUxBxskt4zX31eFcUpfoKvMjOrdUAvN4y/Fb2KDJgJWm9qjULweg+hL4RgcJe+ObGtcZOay2feR12U1otf57w==
410,2026-10-05,15:28:00,50985,2026-10-05 13:28:00Z,78 53 98 78 31 28 100 81 2 51 48 90 35 14 13 99 98 86 69 23 5 55 86 35 53 14 29 17 30 67 83 23 67 74 78 70 28 67 57 40 58 43 45 4 1 64 4 70 18 70 91 60 35 76 29 11 45 71 71 76 52 44 13 10 40 22 62 73 21 40 11 30 21 98 98 66 74 38 23 35 17 54 27 90 3 83 46 74 24 32 73 73 87 93 25 11 67 43 3 28,bYy/4B8PUf8GkV/iNFNzXN88NDRLaZL9ngaSVG4OG0+lKpaIpXZTSeLoL8bgqljg2ua7Xx5SeHL4dLHwDNkTPe4GAJp4E7aaUny9EmQ0AcGF+QtbPzyhNmx0jI99i+1qw5xWgSGyMj4bdtSE8fMUfHkMMhREj5YOSkBtXteco5Q+NdrW5xGOKfD3Lo2jE2vA86WGWrkaciGlcGbEFp5z/l1yTE1DnnzRiNaJH4z+3KD3x+BFJCP9Rb9328ddQ4qjwSo5ZCjLSjfCBOrx80YQ2z3elEGWSVvO11jwy6WF821J0COjisFscHw59K1an54qDC5rR7OD2bQFN23YplWfJmfBXoHm2XKinqcicgNHU/yFuy47IIph/jzTU3FCLVVk5QjPVYsNQnDQWvQoqTvRcRH8PkDhk9x40Cpr8Zc/U2sivpDdx1mm1ALtM1KsZunDT4FZb9tZIGwfgzrpBF2lkDnQiV/ntyEGGCwjky7CF4bvfdzYKB4nhPAdF7xR3E794wm8wYsIr7Il6JnBIFMQXz1agmU83ZqMrRM/d12pQb9j4splB7Hhl2f+ADafJ9QVPvTr9Hp8xU/P/Z4rIqBGpr0Pgf81WTgHBy54DOJ5ZV3H0IeDIVPPNW8eD9aLBPGeEM37+SU3sAxhpdc91OicGmffriKPJeVf1hh/Wu+3MFM=,9BUxBxskt4zX31eFcUpfoKvMjOrdUAvN4y/Fb2KDJgJWm9qjULweg+hL4RgcJe+ObGtcZOay2feR12U1otf57w==
411,2026-10-05,15:36:00,50988,2026-10-05 13:36:00Z,25 66 100 79 46 46 65 66 39 89 71 84 15 28 83 95 64 71 65 37 70 64 95 62 75 45 5 49 55 54 20 4 86 87 58 86 40 48 26 37 41 91 81 67 57 9 48 88 11 23 33 60 44 29 65 14 19 83 91 38 81 51 65 37 35 51 45 58 51 34 69 33 86 82 33 73 60 91 31 39 47 97 52 1 86 18 97 54 59 44 49 18 51 20 36 53 65 12 15 2,WrF8nm05iiQF2x5zmruLYCMOZM5Qh1Dy4t2Rqt0d9s9A6/eHt8Q0wnT3fMXOg7Xls6ILx66KXvv2oYuUfjry44aSsfJbFiwl36X0ZyaPURXE1skXNo5YnWOakyYvB542qdQ2XxnFvzClpjPCa1GrgAyjf/0svt2FpLsOpcJd/brARKHdgfl4Bwajo5+FLzvVeM8sYrgCsY+h6S4wcMxWaWla5hHNl0dpUOzLk5NqxebJW2dg2ziEXoAJUNbaI65GeiWHGRevnbeIbCCjoKgsiLR95+S8/wHvJHh13OK3xvAvhUhZVLi9grkg9ReU6rATw+Psfehvy+VjcddJzL6IvgVvY57expFfuKZnmonAB8ukSFIynjga0B/y1lJlzTnnoU742v5LI0wU33CsNzi0udTB+GPO4XTNKgsB8sbP8abV31r4RizyWdsFFbXlyYu7V/amMyg/NMIpNMRRazVRC3Xs0ckCRCvfGkg4hgFKgGA6OPbw1thkbf78fmQ39uP7C+zBJWb49iYMlFk6uE8X3gGtqSHA6NWk/HpG3i8RWg9k7kFyAOg0n8nuu1M6kfUOqXygPHA1ShwDoT0bXbjQb/Jgc/LzIf3oYyzwAWuFMFcokLhRPa37B4JEJ48vxSJ0Tw8K0EpRsMvJkYE4CNXD03JwcEvObYO+P/WeXTO6e+s=,9BUxBxskt4zX31eFcUpfoKvMjOrdUAvN4y/Fb2KDJgJWm9qjULweg+hL4RgcJe+ObGtcZOay2feR12U1otf57w==
412,2026-10-05,15:44:00,50990,2026-10-05 13:44:00Z,66 58 42 23 46 63 19 21 62 77 7 63 82 34 86 59 72 31 39 78 9 39 12 2 61 71 17 89 64 83 73 69 98 57 36 28 57 90 34 13 43 63 10 35 10 97 99 59 33 15 25 58 71 58 21 84 28 48 92 3 90 9 29 72 20 96 6 13 69 79 80 46 56 23 75 10 24 2 72 42 3 21 9 9 66 45 39 95 97 9 76 60 33 40 38 30 72 90 20 90,Nwt1wYovrLB5FashJQFzRduwxt2K/7p/RdyL7E8AO3zxWn/Hi6OpRmKwqP/MPTMXEaTjnID6v4UVZaghZEY/tOHcmEWyaHP7bwnxYY1+aMQQhh1hhieBKZEVZNUfLMRhNKEnChI4UsLb2144oANsoji8Y4bHoopoOLZ5NfneHNBMB7Tx2AvwfaMq7UuUVKUzy+PKtYMVEFp7gyJu26J9ANYPTwLsqz+cjlNjbdeVx5TTwEpewKfOe92xCKkCaWrdLhJDgYEp/zGU6dzvt9kOxp+Lz7oYpJuGO43WeTy8HdYf2evOUKW05V9qpZfx+aJCdr4aArQmMgmuS7yL9KIsa5oYMTmCW2eUoGN0wrckAgn11KySJkrK0N/EGt7kc+fJxyfztpGDEPg9cBHETDyfwu9z3prLd8RbvPjXBXPmqemScVbpoVvaexIywcvdVDA/FS9OmztcYWxqjy/ymqC6owOq49jHMigl7DE5BvzaaRkpxnsVC9v1RD0PTRO3rWnmYc2d8WB9e+JvawNQL9JTCVuZDxy3pmSLieCzcjzADcUpEbHou78Vd3XJj8BgbZtR07GsrYPnszTEVkpkBrpj0naDKUJoDJHS6kFy3kPO47OnQikQMTfKtGCu+uDwecKwSyyN/kaYbpZsj8yPhP/pOjyvXvCwcdDBZj5DkwsxFzc=,9BUxBxskt4zX31eFcUpfoKvMjOrdUAvN4y/Fb2KDJgJWm9qjULweg+hL4RgcJe+ObGtcZOay2feR12U1otf57w==
413,2026-10-05,15:52:00,50993,2026-10-05 13:52:00Z,68 89 1 76 79 79 100 7 76 100 57 26 32 69 28 48 54 50 31 50 57 6 40 4 17 95 14 16 10 16 26 37 34 19 80 100 73 18 86 94 77 21 46 39 15 40 47 33 100 66 37 79 60 41 10 13 92 36 74 55 86 70 28 33 99 78 59 10 33 6 13 4 45 38 56 67 28 5 51 63 39 15 47 96 80 60 85 16 90 61 64 11 95 98 85 64 66 88 85 21,GY9rcaCpWRE9pFxHJ+oemWfUdcOGSTLFBUmEuKZiSVJy1escm25r3/L1ns46JCO6yfKpIrvBn1MVlGTVdHZVH0Bd8od69VEki/x9SY0UC+ZUvqEg5fdMKO2z7UuWbwHbmrfrx69hKhy4F+aCalhKZcGzDxmbMs+K8BdGzcsyGMAM1GBRVknx4iQSJ+e3GwHfI2tuz1ha5MwYQr0ywDVAzujRcV8SsqS2+kFc85IGIJfZJ8WU5XufINg2bVN5ZapO3Rbh5BwQPgth+hCvM+cnjWAumHVYuHmvvFlcxyUavPqXJ/dKYHo8naJiG6T+hUN/rYYH9142q/FGvPslTX6kUjvofEiAAqDXOac4yW2MUNyG4lO3xP4PIwErkRYlJi6Kr0Q76LMXHSJ36J5zkUWV+4tN5pJnuITeYLiYhV+Y7+TnXytnmww4/28iOM6PsXXDemwrFws0dWlrrtGZ3auWvVljDaK00noRMELzEclUGZDqqqP3kNciG2z9lXve3Jpq95sEa/UCaGCp3cqKHDiyt50bFy3oNsc0LKqdbmiRHfVQ+TLng3UuXVGYvWfm3HYe7Wh2vQexvB4UeCXkXpJsMvPpPrdnEU8sQ2nj2WJYFB0tAOLoU8SaxDH7FzaJmaWGMYZz6y6RE/ZqqHnupCsx1vz3rjNLtocmkTM9K+/HGNE=,9BUxBxskt4zX31eFcUpfoKvMjOrdUAvN4y/Fb2KDJgJWm9qjULweg+hL4RgcJe+ObGtcZOay2feR12U1otf57w==
414,2026-10-05,16:00:00,50995,2026-10-05 14:00:00Z,57 20 8 86 93 32 54 49 45 12 78 75 36 98 82 43 11 19 89 34 99 13 22 18 89 5 55 77 92 54 80 50 45 66 22 3 56 34 53 85 48 88 56 50 89 100 87 8 80 30 78 100 37 76 47 15 96 60 41 42 96 74 58 54 97 48 89 40 86 95 46 20 61 59 95 57 37 32 20 73 93 99 10 17 37 5 2 9 16 44 94 28 59 98 47 71 61 56 75 68,k4ANQDNFpw/xJFGG7RMH9xT6U32ClhG7JtnpbJ8PDON/IFYswIfb/1HUZV9fUCkxML7Y9y9hmbHAVkJORh+rTdWzYgrMWLUGkYV5PR045RBE6XnEFE5WZOVVxjkiB+kTyNhQWT68KBxnYEre5PHWX5cArNqpcudXVIf2QHVrUvJbhZqBSDC880UsQYuWRDsi6JO1ZeA2cOFihKfajNY2LfxvS1KgAsLCjXbkogGL0K8jXLovJDc19UIo0N9pFtMHw0g/3Qj+1Bi7tjFP2rjjD6hZVXi+H2V1aDzdqcfeB+xczKhDGya5UAdNsQyEHrQZPCFdh6HnseZpROjOxsa6EnR1UZI/Tdv3eH361XK/4M2ixf/75RZJqIIcIG1qw6XkTVdYYULcDA59yx2wZe7C2xLaSst2dhjYZg+RL5Mz07W1HNKsfpLt1oLR1msFeqp+FyE8ZBm9sDJji0DfZo8vbyBhCmrE13GEyYgnw+WQnGDFysehsWrIOaEobnJszFj5b5IZKvj/hOzQXojULs3F2JC0LEJAS/qKW1gOWCrcgwPJAYaPOAPUjdgrrsAYC++lSIrXa9lMA9/8FCG3P77TmpymDhLjGQcS2J5Snrch2S0hXuOQIU9rp2c/pdVne2gjz0qL4kH3d8hRu6Qwb9VBUV0Y2n0PgAKfAbL0m2qoZ50=,9BUxBxskt4zX31eFcUpfoKvMjOrdUAvN4y/Fb2KDJgJWm9qjULweg+hL4RgcJe+ObGtcZOay2feR12U1otf57w==
415,2026-10-05,16:08:00,50998,2026-10-05 14:08:00Z,35 7 58 85 68 43 43 87 63 79 3 94 90 75 15 9 4 63 89 72 61 22 65 38 71 26 3 13 1 31 49 22 100 73 85 28 89 36 3 30 14 83 88 11 21 66 34 89 15 75 12 17 64 98 40 13 9 29 39 79 8 47 57 97 87 35 71 62 40 64 79 78 73 60 77 99 94 26 35 20 53 86 51 86 69 95 38 83 62 83 99 15 59 21 79 5 65 67 98 3,JL1H1h24Fc8570g7i21btC8rGlgIMJu1S1PVgvYfoCeBAeHhP0kJQxtb9oBYtF/asgJ+0gM1H1uUeWKeG5A1E+pmdJBAxSE3Rn8Y7CJjX/lk3qhYHb8LqKIGeikNREhTo8lpZKOeJOC0ihRsJfTvFF2qvE4Sa+uvVVJt5cjLHCNnr/G01s+88WIMsGWl02U+AmT7rh2XcLsxavphTJXN0jsX9PjU0InyML1TpQhYzO160LmtSjVFMNoRhtA7YjZY4zXXfSfn60jPUMKlHpyBX4pghQzQAGTjdNt1EiTz4qAtoyFaWQaHjBZNLv+haHWxuCrgs0puu7lOD9hpI3+LvDSAXipVGGllGNc+1ZUBAy5GIg/rqxmKpwMF9MErNv95/5pI4QWNkh4S0gh4xXDemNXKcdMaQxH4O0HRWtQT5rU1Scodivrtm0PGw5aNav/MC4Hq2RJuigRLwux/aem3k8JmspjR3J2B6NLY462+wiqTLtl+yp4zmCOp4UIlCY5P2hs5eibhp2U5kSmkXxT37b4+RB8h0B6/NF30TaigoiQSISTKI/1m4gpCGL1DnCQSi9dx8HNr9dloeu1b9JH0U8C1kvSU0TFxprLkITkNOXLp8TOFoZhu/yXsHq1xQzZhJkwfa5SMcdbwFFtaRCJfFrGN15O1QVx8ayz+1Z8Dup4=,9BUxBxskt4zX31eFcUpfoKvMjOrdUAvN4y/Fb2KDJgJWm9qjULweg+hL4RgcJe+ObGtcZOay2feR12U1otf57w==
416,2026-10-05,16:16:00,51001,2026-10-05 14:16:00Z,67 28 55 47 32 33 88 48 97 96 34 31 56 75 100 61 72 51 40 100 36 85 79 89 69 2 70 35 47 77 37 32 54 100 33 42 80 1 14 81 79 62 39 20 55 30 91 75 35 44 91 99 81 54 21 83 86 18 20 63 35 14 73 43 74 39 10 10 5 45 90 42 92 34 24 69 94 49 60 94 77 58 86 87 18 62 72 55 26 13 21 49 18 80 10 80 60 83 99 40,EJcJDQlAVSKwRyK1ZWO00BnJXAZF/onW59SQImvxYDm5AXXAiarrIRHl38R9QEfm5YaTeqGDyiLqCi2/vViSqVXQ7ITbqFmtLPxbwMt6SiJxZ1WVSMb3bFXoyf9z5ZibR7+VkDXwKNP5PRgJXYwG13kWDDCZEWT1sACyuz/Gk6UNhS6TN+gXBQpiruWbWBpyWB4vPme6MiGNfFW+MEAntdHaWOfuXXEGvNEWs5ctK6jbytzdYmiaqNp9Qx08v9VSLuPgY/wB5Twq4IIFHDju1fHEgAunEJTs+hprgsaDGC7ZfcLSXVNQHWuiO/DYQMNu+e1HH1IG7J0UhrrY22zXANEtY0RtlXJx5EwFatBSO6qdfdXDv2Zt6ryEiAKWjrubz8oGtxZxuAKqYXaNhBsZzOKyEx1hIzahueRs5TddkbGQ5Mujfi6znih4ZDxsG7fkcxH25NFIINkb9FaVaPq5daszrPTfoksyH//JoAciEqKMkh9n5QBCei8Tye5WlUJ6/ziNSjCk9aKqdRtg1/LB9/iN1ll/u/sKAFYRo0jDB1kx+ipZkHV8HQ+JP0OBKGxdx4S5456u9qeLe5jiA0Cv6u1aHuryUIkWzEp4kdcIN/cXrYoGZzfyJIRVRehhv61KBZaVX+UPCBefxTsnGfAdc9xG1uTNJpBvsaUQZUl1A/g=,9BUxBxskt4zX31eFcUpfoKvMjOrdUAvN4y/Fb2KDJgJWm9qjULweg+hL4RgcJe+ObGtcZOay2feR12U1otf57w==
417,2026-10-05,16:25:00,1,2026-10-05 14:25:00Z,79 13 99 95 45 38 1 71 71 77 86 72 27 3 47 76 35 31 37 26 46 94 54 1 1 33 47 75 24 92 50 4 49 41 9 48 77 4 78 74 79 67 30 1 25 35 1 24 53 12 58 84 54 92 72 22 76 19 18 46 12 19 45 5 32 88 72 81 35 71 18 22 86 49 51 39 19 34 71 81 75 96 52 7 85 98 78 23 71 64 90 73 18 14 57 6 13 62 98 43 3 100 89 20 45 72 29 74 97 82 37 1 84 94 12 56 9 7 53 10 20 8 9 31 1 75 7 11 30 50 57 94 37 11 24 76 63 8 82 55 43 25 10 50 90 38 25 91 96 3 66 35 21 27 63 63 25 18 86 100 66 90 12 63 100 43 12 77 67 87 86 2 85 30 31 58 58 84 60 79 48 77 54 23 46 47 66 44 88 31 77 18 25 92 66 82 15 69 81 76 31 75 67 98 11 23 33 94 68 74 96 39 13 28 100 60 45 28 6 85 8 12 3 22 3 57 68 59 25 42 78 40 12 39 38 83 10 46 56 39 57 32 11 22 15 74 19 7 21 59 54 92 91 31 74 33 98 41 84 80 57 67 85 12 80 67 99 72 57 71 29 17 37 10 62 81 22 38 61 91 70 24 88 47 19 92 87 1 74 3 94 40 91 52 69 94 19 46 40 77 5 48 58 86 86 35 43 12 9 66 84 33 100 15 13 21 48 4 83 25 40 85 54 92 29 38 83 49 9 8 45 80 31 37 20 86 48 53 41 99 97 37 25 42 70 55 6 12 58 56 1 71 68 57 78 12 97 36 38 83 55 34 60 97 19 14 23 84 3 74 2 20 35 81 70 94 3 74 35 37 12 96 82 7 24 88 58 68 100 70 37 93 59 92 22 48 90 23 70 49 68 18 25 96 22 97 95 86 36 86 70 53 7 10 2 90 38 94 100 33 85 79 19 31 84 69 95 26 62 63 90 66 9 82 87 41 18 59 67 51 100 10 70 96 97 37 35 35 23 21 52 60 71 81 58 72 51 94 79 3 28 24 29 75 6 100 45 80 63 17 53 69 68 90 6 99 24 10 12 10 36 44 36 3 48 85 8 33 71 34 50 9 16 29 94 82 10 32 47 29 58 65 85 14 29 5 41 97 42 56 11 12 43 15 21 96 47 76 36 66 87 15 20 31 71 6 40 50 93 9 98 92 28 83 89 79 92 25 34 97 72 12 24 29 98 39 41 36 46 73 24 19 44 44 77 32 32 51 94 20 32 26 87 81 100 45 20 72 1 25 96 91 100 41 57 70 5 39 37 97 90 91 67 15 30 4 37 73 1 24 65 73 52 22 13 98 82 48 72 88 34 72 60 81 16 85 85 72 72 35 68 72 16 94 42 83 98 41 100 30 42 82 38 78 60 10 49 53 65 74 1 4 78 17 80 34 74 81 20 43 100 38 97 73 35 6 67 68 43 31 64 73 72 18 78 69 41 98 37 69 57 21 42 9 30 46 11 7 11 94 37 8 79 4 6 10 63 26 27 29 71 21 66 7 35 68 28 64 37 88 24 56 68 52 18 12 62 79 100 82 72 64 23 78 77 10 81 3 60 100 37 86 75 65 65 48 56 70 34 30 27 6 80 18 22 73 75 19 76 31 50 55 8 7 34 74 15 3 36 68 78 19 3 13 40 87 44 9 41 4 29 45 7 34 8 69 74 11 48 35 51 13 78 6 59 67 61 72 72 19 29 78 28 1 47 5 18 83 68 45 8 93 48 11 99 68 77 28 14 53 70 80 71 6 84 20 70 57 88 66 1 36 18 72 62 47 57 35 91 47 80 3 90 91 98 37 53 52 92 81 67 100 24 78 46 57 27 25 74 32 90 46 94 9 28 49 66 85 66 26 39 83 77 52 16 12 91 23 25 15 13 79 31 68 93 90 53 44 56 30 7 71 7 37 17 68 10 49 86 34 23 36 25 32 20 43 42 42 35 28 46 67 80 100 86 92 40 7 71 31 38 22 57 40 11 85 91 30 94 59 96 53 58 30 95 66 91 97 68 96 28 79 65 26 46 35 97 8 100 5 81 30 63 49 49 100 26 78 38 13 96 76 78 5 25 49 66 88 100 52 72 88 70 55 13 52 23 85 99 83 10 83 24 30 61 27 89 96 69 5 33 16 42 88 11 95 81 13 12 70 25 35 55 20 100 75 63 11 60 29 74 83 6 56 47 88 6 86 36 13 75 58 2 97 1 19 53 38 62 77,tj3HsSgyDIj+4EmdfpMsnkfBlvsOvMInxg0EPDH+4HAS5MeVh960hZJPU5kIeBMiYGFDYs8RxmWwuYDM2n4z4Krt0QqyLFogsNqOWDZw5NhDXwK5sYuM/1vvNyQJEeB38SlHr6BOd2Y6uQtM5LVVLPYzWG8cKyW2YfZrzQ3/k3dBsDraiyXkH6JfXDl2fBeVPVr5vgTTssyPeYudxgiWQrKdT/pMKBUDy0nbJPJM3BmWpR+rt/hcH3oy1h92w/32180b2YPPN0PN2/oDTpe+JBPBUF3G9YmETINs8/bW4SvBJKPdYgdb9NGYqCVsfED02bfV5Pc6YeRSqMMD3bgrCayc8VJma4hP1cBhgyhHso7LDjTi0vD6oyCAk//XpceoP61G/3ipHChUui3QjkHOqD+KXiytmWnaNbS1OefdnGK+2fvs5iormr3OzYJN7mNB24sJ8pCqqLmCtIHEa7LKdJr2zb1HQ3qXs2vBjyMeEBSTqvuGvGqMXRS7VipKfOAp7pC139wNFIfmOIskzfF/VLflGspRQcSR6fAJtDnEDH631if0n/VOpuOPop6r6XMoS9Pg0cUbFQl77kTR30+N8yIhiOFKnEUudtSel5A1lBobavnVMe5hb8xmd/RtqxX8qbZ7uP2/dLuP3he8jm3hDQzYKIJhEM2HOMiL0QKu7p4=,ChvLDArmGCiBGkGholbp/1Z493To4eMsEKgWbg2HXRxjugpYeT96/AncLgoy0dpZGIuV7Y69bBvYeM7HvWLU5Q==
418,2026-10-05,16:30:00,2,2026-10-05 14:30:00Z,1 25 87 4 19 52 29 24 63 58 93 19 87 6 27 44 63 27 81 39 30 3 55 37 11 48 16 57 25 36 48 10 77 88 81 12 99 27 87 91 90 8 39 42 93 46 62 3 96 61 62 82 85 38 74 69 94 72 58 38 29 90 41 37 34 71 96 3 88 25 18 95 48 76 78 51 35 22 3 99 77 51 31 16 79 53 2 16 97 15 45 40 45 98 86 4 84 15 5 44 28 67 29 44 19 23 78 9 54 22 23 71 19 96 22 14 43 45 45 24 92 47 90 26 60 82 9 74 37 86 93 73 53 64 30 78 6 12 55 77 36 74 71 35 36 91 48 73 58 79 61 16 76 94 94 16 48 86 49 45 32 5 46 92 79 41 92 99 32 21 55 39 82 57 65 11 16 54 86 21 86 84 90 28 41 36 76 58 98 46 21 2 71 84 50 5 91 3 73 13 71 86 6 4 14 95 54 54 19 61 63 4 7 25 32 80 5 7 100 38 29 68 26 36 30 78 46 15 17 44 30 16 89 9 40 59 4 81 15 99 65 8 40 37 89 69 54 96 96 58 91 77 12 81 27 1 20 99 67 100 33 1 19 10 30 81 64 91 28 24 61 15 53 37 76 5 25 3 46 35 94 25 26 60 12 58 53 71 70 80 77 25 62 81 78 1 79 70 15 71 14 37 67 60 89 31 48 64 41 3 20 59 3 94 94 90 1 90 62 28 42 74 94 72 61 30 11 52 40 82 24 62 39 12 37 48 51 8 32 41 98 51 21 38 19 26 99 81 45 77 47 61 24 33 93 51 54 96 70 93 67 28 52 28 26 65 23 2 83 5 4 10 89 16 64 52 16 71 39 14 4 85 86 79 2 30 64 75 16 10 11 33 17 73 73 82 4 33 35 39 93 68 66 40 18 12 73 54 2 35 86 90 83 41 11 69 16 94 49 1 41 57 4 77 59 93 79 43 78 57 14 77 5 93 57 23 8 45 88 3 47 7 90 37 57 80 77 42 26 35 18 45 44 83 77 31 65 57 50 1 15 13 80 77 53 32 71 20 29 26 86 90 10 85 76 49 64 38 68 68 33 41 68 82 21 27 41 13 93 11 11 5 81 60 47 67 2 9 18 37 8 43 58 93 13 63 28 46 11 45 69 49 68 91 26 6 36 89 14 57 14 28 14 56 74 35 86 57 7 35 1 18 20 64 25 19 62 46 40 18 64 59 1 20 43 95 5 74 21 38 24 36 80 16 37 19 64 10 2 39 94 57 45 35 70 60 88 90 77 17 18 35 66 30 12 65 27 46 85 21 50 77 82 26 98 49 37 84 26 23 94 55 73 59 99 45 82 100 86 16 30 82 16 50 9 8 95 55 87 12 87 35 94 35 70 71 30 28 50 25 64 91 58 75 49 80 17 99 44 100 99 94 88 97 71 30 40 91 32 1 82 74 88 35 33 14 82 49 5 8 22 95 2 77 58 53 82 2 60 71 52 11 72 43 15 29 47 83 33 64 2 18 43 32 78 54 90 53 40 54 59 75 54 70 54 44 46 21 47 38 1 17 23 36 18 47 71 85 28 48 48 5 10 90 30 8 91 26 10 18 91 89 90 25 99 43 42 40 77 36 44 25 67 13 76 93 96 78 14 52 41 28 61 1 53 90 74 92 46 8 40 27 14 26 40 93 75 97 24 73 3 10 72 16 80 28 84 82 78 96 99 32 56 61 73 52 68 91 49 73 95 96 53 17 80 46 26 38 33 27 69 21 85 72 42 49 12 96 88 43 44 43 75 54 61 50 25 46 35 7 68 81 30 61 34 43 89 41 9 66 66 37 58 94 79 73 42 20 84 9 50 89 55 16 85 49 77 58 95 73 63 76 14 87 8 67 83 20 57 66 54 54 75 85 72 83 94 91 62 13 65 98 96 92 32 43 1 83 71 6 84 32 66 67 59 88 21 87 18 53 59 65 95 97 42 61 42 33 2 31 98 43 13 84 54 100 85 84 8 53 26 14 36 7 21 78 55 70 43 19 43 55 99 25 53 21 60 39 26 52 1 61 100 86 70 9 53 50 37 92 22 69 18 82 6 83 18 22 53 5 47 52 81 57 51 38 21 75 67 57 62 26 41 72 86 96 70 9 4 10 4 4 71 98 37 50 10 75 47 100 67 86 70 73 43 57 16 79 40 17 35 59 75 9 29 78 88 37 78 97 74 59 67 54 51 100 76 53 25 4 84 10 4 9 12 15 91 55 95 71,dNErS261PNsw0V7SqcRIyfsTvu4X8VQtnMO/1YLIIktMymInDmaM/SpTizWIIN086/DuMP9ruTgAxy40yEdj3/89ErHQmoM+DdqZeWBpn0jS3VVn+1arayZh0qKazTpmPYxcsqeTcNuqhhXjs1plkSAWlrQOG1gjQ/xC+VY96DLiae4NV8rNmf/sW1McZ/lixKxyDuprbRBuf0Xl1DNDH8ipEtB+gQQWOtf0G8P3ADsKV9g88SEw0TG5LooxeQzlychnevSgsH54CcWZJAK+8SRET9DYlzzf59iisUXmVtU86aww15mfZKs+Ni3YI2Kd5auDkcH0Hhlm9J5ZTYNzPD/CtyV51yBg29bH+VmP9IOg461pLVtUQhnBXv30BHZF8ltatz9IuaHBEayiB1wljnEJ6LcrkUhwQ6xq6OFRrro1RJhIUl71Vi49bNkUh949iVh7wVtMeNCEnL/jRqCPCmxc1G+Bf6l7PjpZwpToaAXLTTrTY3Q/Xu9iyBej0sghFdrlns4HS1bH5JkRPLYpV0yy7Il+d6n04NHAspdf2JogB22CYbKoNaEc13jBuDTDhQhh8A3pHBmXlG1S74WuxmD0cvHIpeOLYJEjGdwNQZGpI2U3F2hWvFcu8l0K9Jyw9WgQYs6FDBgWlG2uYEZjKxy4sHBhESnDHqXf6gPQTeQ=,ChvLDArmGCiBGkGholbp/1Z493To4eMsEKgWbg2HXRxjugpYeT96/AncLgoy0dpZGIuV7Y69bBvYeM7HvWLU5Q==
419,2026-10-05,16:35:00,3,2026-10-05 14:35:00Z,68 53 60 15 56 50 69 75 35 43 97 60 49 95 28 59 49 17 16 42 84 13 73 7 100 12 46 67 26 73 50 22 13 99 13 53 9 52 29 69 53 58 74 100 36 49 61 47 3 45 63 79 30 54 85 74 60 33 93 45 44 97 60 71 42 58 84 43 99 47 32 24 28 84 3 39 39 4 50 11 8 71 75 1 23 33 51 55 92 46 83 18 24 26 45 82 6 44 21 82 93 55 31 45 94 28 26 16 82 9 16 83 33 15 51 87 76 45 93 23 83 79 37 79 51 99 99 7 51 68 27 46 60 17 29 51 44 40 74 35 62 35 55 1 91 51 28 75 59 19 83 34 24 72 91 62 56 86 15 45 20 100 63 38 4 74 15 63 5 4 56 63 50 69 50 97 38 85 36 50 24 8 67 47 55 17 32 94 96 68 73 93 62 44 53 69 31 85 73 59 97 36 33 13 98 56 93 30 2 62 77 67 22 40 29 69 3 27 83 48 36 67 48 97 79 32 78 87 50 96 22 60 28 85 96 84 77 81 49 76 87 47 8 40 19 12 51 63 21 15 98 15 3 95 90 28 60 98 70 9 87 67 95 73 49 84 23 8 63 98 81 61 75 64 20 33 32 80 76 36 26 76 76 5 30 27 11 16 74 33 98 93 87 3 62 40 37 42 56 22 100 82 26 73 14 79 52 12 47 80 17 90 12 100 94 73 81 96 8 67 90 54 100 38 18 33 25 14 73 43 89 2 82 8 94 69 87 18 97 84 53 6 32 5 92 74 81 49 54 95 57 64 76 8 22 57 32 68 88 73 26 62 8 29 70 7 49 34 98 84 30 84 54 8 89 83 92 72 17 74 10 35 31 98 17 46 13 3 54 41 10 77 68 81 99 72 58 11 96 5 17 98 44 95 79 3 73 62 32 57 20 14 39 22 55 8 11 98 33 63 29 7 1 84 2 18 63 90 4 98 15 92 100 38 65 34 69 43 20 4 89 50 34 24 74 84 80 13 6 61 7 24 30 7 74 63 72 26 41 65 14 42 83 53 34 65 49 69 54 85 84 17 95 74 39 77 51 86 25 97 43 51 5 23 34 22 72 81 20 88 63 12 26 23 89 30 61 88 48 52 3 68 33 83 54 81 22 57 99 10 56 10 100 13 27 61 47 91 49 81 9 34 8 42 92 69 67 28 72 12 42 38 90 83 86 70 96 95 20 99 12 5 64 25 3 72 71 83 91 76 39 87 26 26 50 55 83 97 58 57 35 15 90 97 89 89 66 9 8 98 82 63 17 19 9 51 23 37 51 44 97 79 13 64 11 68 70 70 26 97 83 4 10 71 86 42 23 75 21 61 72 96 7 13 78 3 36 95 91 11 73 60 90 88 45 10 44 15 80 3 32 26 20 75 50 18 62 80 66 14 62 40 5 13 21 49 67 75 56 95 69 70 33 14 71 65 36 75 28 38 69 12 80 62 72 18 45 10 22 25 33 22 34 28 17 54 22 76 76 45 30 53 89 16 3 37 74 59 71 11 55 74 51 63 90 72 88 50 6 68 24 80 30 23 97 34 51 57 19 85 76 48 19 15 66 36 52 83 74 22 88 83 63 59 47 6 67 9 73 53 11 65 7 63 76 55 13 94 39 72 22 20 12 10 97 100 29 14 9 65 43 19 4 55 15 18 1 49 98 32 84 46 7 25 35 25 76 99 39 43 96 77 14 67 76 75 79 23 93 22 35 68 52 44 5 57 26 26 39 78 32 82 65 48 26 47 42 80 43 76 54 99 55 55 27 64 3 63 31 70 34 15 69 65 94 59 66 71 59 37 81 48 5 10 8 44 67 16 49 88 38 24 1 10 29 61 8 34 12 13 67 76 58 23 57 21 55 98 8 85 45 56 16 86 65 55 75 16 29 23 57 45 1 18 75 1 98 62 24 93 51 14 49 20 81 34 7 94 70 53 10 3 56 6 44 76 81 24 19 6 68 86 20 97 86 37 96 60 47 4 80 76 37 66 43 53 7 23 65 54 58 34 67 49 48 38 76 75 99 18 50 97 89 33 60 43 60 68 64 61 34 96 66 40 53 79 26 84 51 60 63 89 63 38 28 68 52 31 21 54 54 62 100 30 55 3 19 11 1 6 26 46 40 66 30 42 75 80 35 95 26 31 10 18 93 52 2 74 86 56 28 84 13 59 30 41 85 61 68 88 53 99 25 69 62 86 15 27 99 47 66 5 85 56 18 42 1 28 95 70,mjoeAkkQVe5tX8B7QsLtIobLgnn2RpsMm33DXVBczam68uXgeNAIUH9UZVQy8IsCxuLe7hEMIt6dYEGU/DkT0PdfYfTAxxj8kZ4TGgxd4IGi/AO1Q89uBGFxK3A0jqM/oA64sgpBqyySqhvv4uT//KvhZvHiizZ55Y8t4AGx0L8HiFH9EsxbXkN9JMNk3+zKfbcM/z3eN/aPIvQW7WKOdZuPFeRlmJJ6Gw/RZ5NtIKgAW02H3Rv3bs/TW5XBSON8+rs+oIFLcZ3voPtFB4K7ML97OH+vKPsT4Kr74Hor38LLuFmqVdvDeNSW2nuWp5MR8QYik1oVFk6+Bxnx77TBJPTxEwMVQXa4E4A7lEjiwa6MXQs6Hga3NCgfWrQqnrfLKTyKkefjsrjpQ1srjOjecBxFHIm045sjb2XVBHzwE/NeniFLrh7Bk9cHb5m3/NFGygcCvmfgkc1XOGVaRqaaBvPLi8yJDJgo7tcAml68lNvg9Iu/YGU3It1iNOy7w2y0Jks/s81Huj4I9V3mUvyBY8ENbdNxeEY+0c8kxgETBHm+p5Tc5oI7BCme3PZjGlJdOGYJ5T+2bGYa6yH9axgfg2jvANlLAcN1sxd/AWWkF6IskZiWmTKwm8Ib/WshBj8AD9hKiYtcHKVLejlC6qbu74Z1PIyPEnMqTArPF4r7xzY=,ChvLDArmGCiBGkGholbp/1Z493To4eMsEKgWbg2HXRxjugpYeT96/AncLgoy0dpZGIuV7Y69bBvYeM7HvWLU5Q==
420,2026-10-05,16:40:00,4,2026-10-05 14:40:00Z,45 24 66 1 48 45 68 17 38 1 16 99 64 23 12 6 16 86 77 32 97 9 76 51 77 53 45 29 44 83 80 86 6 13 4 8 39 77 21 61 29 65 11 91 74 84 95 69 9 3 65 100 27 43 54 53 99 14 16 19 41 86 43 58 38 97 7 81 13 40 33 88 26 73 83 90 77 15 29 66 81 54 46 83 40 28 51 84 82 20 95 16 42 43 93 67 70 91 22 83 34 38 78 56 3 25 35 72 64 70 8 88 61 97 15 30 72 89 79 100 41 41 81 52 81 48 75 7 83 83 17 18 47 76 76 61 34 72 52 48 47 23 40 55 63 43 30 17 58 63 70 63 44 95 71 4 24 37 15 98 36 78 7 57 7 33 51 62 47 58 85 59 3 46 100 64 1 65 92 53 47 90 16 91 2 81 68 5 42 4 36 17 90 52 95 19 16 11 23 23 15 16 58 34 83 81 7 5 63 56 78 92 23 75 81 52 78 57 42 100 6 82 48 80 75 77 4 24 27 10 44 93 84 97 71 3 37 90 40 61 63 39 96 75 70 73 4 31 44 82 21 7 22 43 19 23 2 5 84 73 94 79 88 85 86 36 5 16 51 50 99 21 82 57 56 80 97 81 19 72 9 93 55 45 43 35 99 64 96 58 84 6 36 17 44 52 36 27 33 7 15 31 74 91 38 9 61 49 45 1 42 20 38 52 91 100 15 10 74 87 13 80 54 99 39 14 62 10 7 86 47 24 57 3 50 89 2 98 19 83 96 43 4 97 45 20 4 34 53 12 23 33 36 93 7 75 56 14 92 16 67 85 47 65 4 43 7 15 17 61 94 47 88 13 23 59 88 21 98 67 8 95 98 20 90 22 67 59 34 19 59 57 73 58 59 67 99 56 68 13 97 14 10 30 100 72 72 88 86 44 18 96 28 60 95 16 84 31 53 26 83 29 80 37 66 15 86 41 7 89 64 35 26 39 10 80 61 84 84 59 80 34 30 52 90 61 68 75 88 19 4 87 84 61 20 37 78 18 74 49 44 69 49 7 81 44 84 26 29 92 75 22 61 63 38 47 3 32 81 77 76 84 83 26 38 1 86 69 42 31 79 66 49 3 1 54 43 28 67 61 40 22 25 18 5 55 79 81 42 44 25 96 92 26 19 4 77 87 20 49 31 23 48 18 55 78 5 74 14 41 55 58 49 25 52 45 100 88 48 39 53 53 86 20 23 4 62 2 80 67 46 14 68 43 2 7 49 81 8 38 26 5 87 26 84 91 50 56 9 82 89 20 14 56 16 80 93 18 93 23 6 26 8 68 72 38 86 72 76 27 73 54 8 97 80 82 86 6 25 71 21 63 70 50 54 19 41 47 47 95 87 73 19 44 37 85 70 87 29 30 12 73 32 84 75 24 11 29 48 74 57 47 2 10 49 94 81 49 93 55 62 66 13 26 28 51 88 20 52 82 90 62 75 51 46 66 49 86 69 93 96 88 98 86 61 55 48 65 74 5 56 82 63 84 52 82 80 100 28 65 70 75 76 32 86 73 27 37 85 43 70 64 39 5 8 59 63 19 7 78 66 28 45 67 91 79 80 72 39 51 10 63 100 41 42 23 17 79 22 29 38 32 19 73 93 68 12 62 23 67 95 90 8 49 23 79 78 39 4 21 18 13 1 82 80 36 16 16 11 75 37 22 71 89 85 15 46 47 62 77 13 66 97 20 93 72 36 4 23 85 66 5 69 39 43 20 19 38 83 25 14 30 49 46 48 60 92 57 73 60 85 42 15 8 90 18 36 23 80 27 87 96 32 56 24 38 41 80 31 59 36 46 26 17 67 5 68 39 22 16 67 55 9 48 22 83 90 71 21 4 95 59 34 77 69 46 63 92 46 79 16 64 68 81 63 32 11 99 44 73 53 13 10 74 86 5 90 88 38 26 77 12 5 32 69 20 44 100 10 25 46 46 41 19 49 39 48 40 98 92 4 29 95 44 2 66 99 66 84 13 55 12 80 26 10 80 61 26 42 41 15 64 9 57 88 83 32 79 93 69 81 75 85 88 16 62 99 43 46 3 24 18 21 79 49 94 72 92 13 23 65 50 14 52 27 73 1 36 86 63 5 70 67 59 17 22 76 80 42 78 96 19 80 31 10 30 58 28 57 98 83 38 29 10 14 41 28 96 5 5 82 23 20 86 87 18 12 45 17 65 47 88 51 49 20 13 18 34 97 83 97 56 67 6 76 31 43 79 28 14,dbCo2YtGzfpTnqEb4x0Z70FEIYkzsNg7EcnxTMACnI/5McR2QaQmhUh4nv62SCSzMotuHc1XppqACWTLm82TwjABN1VmiPB1lrvIIwLQsQED3FdJd9DL+4x1Ek/2wixkUzGlr0n/1z90mqJV4h3Egv4iuq7iz2UkPifKuwoLjYHqVI1c00UFUPfuPiQjR+c3b1qNSyNseBNrEUVtfXv0CRk4L/RsuLrZi502l2osq4IdD6RA+FJLKagpf7mJD8wHkgWQwyRM7Ih6Z/sC8PYEJfUbNRtaAQfh8Dil2mNtBNLZ2ySI4xV+GczAIovI0U4VyBe3HzXbR8rNTcwuQBWW2Z64OQCHvUA92j/qOHwmZaiOap2g6pzEI61pxh71PokWJcJmuvE/kAu56M1vECbkPZo8uBIkk4TWhit3h5eDyEZrk2WmmqLUfPRaEta4sSresAa3Ws0sgr5mLrwxgdrthVnZ8OXsLEwMSsLPRMHqoLR4ytr+x8DOD6QbSiwcVXFEtPlQY3T+9fG2qgatm4oMzYLn5AC98CIb89nN6//D1X5KMi7i8RR/n+E1uCuOjftfwMmAOjeG1kbNxiNQCfupkL+11W5CzVyy3kPloitLexuX5hbMP67l7zx+KPe5q+lmTdXnFh0y7TFDtLX2I2Wwx0lY5i36lHmUPTzOaHWZWe4=,ChvLDArmGCiBGkGholbp/1Z493To4eMsEKgWbg2HXRxjugpYeT96/AncLgoy0dpZGIuV7Y69bBvYeM7HvWLU5Q==
421,2026-10-05,16:45:00,5,2026-10-05 14:45:00Z,58 73 92 27 78 47 87 93 49 99 100 14 8 44 79 39 97 57 33 16 8 67 14 56 55 36 87 99 59 76 9 4 55 43 68 32 13 23 73 96 49 80 84 66 78 91 6 63 43 43 38 82 35 66 77 62 29 20 25 58 92 90 29 95 37 14 83 4 17 64 41 7 9 89 57 4 7 16 85 86 34 71 36 80 43 52 54 95 4 67 53 1 6 63 3 67 14 21 20 49 69 27 46 63 57 73 79 76 73 14 25 3 9 64 70 76 34 73 99 64 16 67 71 4 42 46 58 29 4 56 64 3 36 14 40 24 19 74 9 56 96 32 82 84 78 48 17 33 61 34 62 5 79 20 56 91 20 27 74 47 4 64 29 60 59 79 52 99 31 77 86 32 84 65 29 93 89 42 71 50 27 39 80 99 41 98 57 84 67 97 90 58 33 66 80 59 7 87 99 99 68 92 5 19 15 25 77 45 13 73 91 5 43 21 81 48 24 29 21 24 19 88 77 69 4 27 9 6 10 6 32 91 16 36 10 64 15 3 47 20 11 37 61 22 95 80 36 41 38 65 81 10 49 71 42 29 65 38 52 38 1 48 16 25 63 48 89 5 52 95 9 2 49 38 1 81 80 96 75 89 38 60 35 11 27 18 63 87 67 67 65 99 17 80 35 47 36 37 67 33 15 53 67 53 22 62 14 73 44 24 17 29 4 80 51 49 81 22 3 4 5 55 16 27 52 70 88 5 46 68 6 43 51 62 70 85 44 12 6 22 17 88 84 98 23 36 11 33 41 73 40 95 23 48 33 2 70 88 2 47 36 50 49 17 87 90 89 76 87 40 89 49 52 41 98 88 85 18 94 17 76 72 43 77 56 85 2 85 58 18 98 58 55 38 93 50 19 87 78 71 10 50 39 27 87 68 76 39 38 68 76 13 93 88 23 61 2 100 19 64 78 3 57 8 66 12 26 51 97 39 86 45 5 49 63 7 26 33 5 8 85 16 6 63 34 64 20 38 64 68 75 60 2 23 21 23 27 43 47 37 40 99 100 24 97 39 95 32 31 10 98 68 46 24 65 59 84 63 68 49 42 83 91 2 48 16 58 13 89 80 21 15 72 19 69 33 49 40 76 77 75 81 98 52 2 81 82 89 42 21 84 87 21 66 58 68 22 63 97 80 81 67 37 56 38 48 42 99 41 1 74 86 77 98 100 87 63 30 100 89 64 5 36 4 71 66 83 8 47 99 74 6 59 36 80 62 82 6 71 10 6 8 29 63 61 69 56 30 46 83 54 38 73 74 77 13 48 54 1 10 20 88 44 6 85 12 66 58 26 81 95 100 89 69 45 31 29 88 4 45 81 64 7 72 100 5 8 3 50 1 76 10 99 52 57 27 51 13 69 17 18 88 40 89 32 25 92 20 45 91 30 84 86 29 26 42 50 74 19 51 87 57 81 56 49 15 29 36 65 34 51 89 74 14 41 59 44 11 98 65 52 33 21 82 80 94 36 26 5 12 91 27 44 45 35 65 76 20 44 41 20 66 70 19 98 89 35 85 60 76 26 67 4 88 32 31 91 73 15 37 38 56 86 62 59 66 54 87 35 26 21 70 48 87 74 1 14 12 33 89 55 28 36 92 28 4 14 62 72 43 100 39 69 12 19 76 30 68 87 2 25 20 20 11 88 92 36 99 43 64 6 60 10 52 34 65 39 43 42 51 83 90 92 3 19 38 30 100 35 61 51 8 15 15 40 19 13 69 86 18 6 75 2 18 100 68 67 71 60 58 65 88 64 39 48 98 44 99 36 16 45 50 68 41 22 10 41 60 93 52 15 91 91 87 16 26 14 67 52 59 87 80 58 63 42 57 71 96 21 43 52 84 33 9 71 6 7 81 59 26 33 12 26 47 63 10 84 12 56 72 36 33 5 74 91 75 79 48 52 33 25 25 88 90 32 100 24 18 60 42 80 13 52 75 72 10 78 47 8 60 32 69 60 20 51 84 58 41 42 65 73 31 98 89 39 62 94 14 44 65 21 12 64 9 55 89 74 79 64 41 33 13 93 42 79 87 36 8 22 70 95 81 10 51 36 41 92 79 77 1 82 43 69 88 24 93 43 70 95 31 45 8 19 80 72 59 9 81 88 15 40 38 58 25 8 62 26 85 82 85 12 59 74 79 60 50 21 41 19 34 77 50 29 9 9 35 85 97 60 82 42 95 9 58 7 21 32 54 84 78 58 60 44 36 67 34 17 25 70 70,LcriMEVU5ccKKEyZEoY8JdrpE9WWeg8kVwrNBfN8IMNypUpYcQObQBZ7GSA5qHbAaH121ZeIiyxOC3rallKbz7++Otgsx+U17Yyugc9+LmYm0b+fn0SMa3wa7m2E2gEfEHZWnBMaiHI10AxzmvhVYgDzuM0TNyXoj1u92prXDFSJuX731mBryQnegV4oSIbn8nYodcGwkRyVEKlAFrY9NS8Cryg6H9Qv0csOCeci9mw75Deax88H2c8tx0ZPE65VvR3+EcF6PrZ+80iqFSCFQ89P4ypjkLfD0bqiqpAEOH21mrxUMMfHIkwpE3CvduKe+7sCuc0RQV7rQ8lBVU9JsZvgmSJAYDindWFyEbu85Mcthuq57/7ITql/g0t2iY1ZwZUCd93mknYCVE0Z3Ca8LoYABUcJnq0Tp1JbtnBp14NHSzI77j9wYNqQtYzqpEwUECYFrcFM75Zn8I2Qk6T1x4g4PC5D3Loh8Ei4Uk6E2vmBN9A9C2+7Ov5DxKK0UPB0HXOR1gsxs3XlUzacJswOjv+S2oG2EJJoj9lEm9NgPDPaqpec7LBmHSOQMwibohMAJaPKQ5NRHshpFjbmXyRjdbJIKwJM6ydT9JVtgCelf6EXH5vUIecumPUjBxQUw4clFSnpRHUBHWjkR5pUOj9so8byxEBw0OrxZ3btLRPVvIg=,ChvLDArmGCiBGkGholbp/1Z493To4eMsEKgWbg2HXRxjugpYeT96/AncLgoy0dpZGIuV7Y69bBvYeM7HvWLU5Q==
422,2026-10-05,16:50:00,6,2026-10-05 14:50:00Z,45 61 79 35 37 25 23 95 6 82 74 12 93 70 39 53 26 93 10 31 95 38 100 95 53 65 26 4 100 31 69 45 60 6 41 32 12 66 57 59 69 85 34 96 86 99 43 19 1 10 8 19 74 85 14 97 72 91 61 33 5 21 21 1 67 70 17 77 39 2 63 90 46 55 53 10 32 46 87 70 27 69 22 6 96 3 67 5 64 73 3 66 14 7 47 63 73 76 72 65 99 39 52 68 54 97 64 23 55 17 58 39 16 13 10 32 36 32 61 10 59 13 25 22 54 70 2 45 47 69 57 88 91 14 13 60 85 78 70 87 70 69 55 32 71 73 34 45 23 85 5 55 62 26 17 93 88 78 65 9 88 54 6 37 34 7 35 50 24 3 17 16 7 36 21 81 25 17 82 95 10 13 84 77 59 96 29 80 28 85 70 17 46 78 29 88 10 26 43 48 36 82 19 30 93 16 19 5 97 76 4 66 13 69 46 97 83 68 1 4 49 79 79 26 87 91 63 93 62 3 79 64 67 5 14 73 23 33 94 70 16 24 47 51 52 56 45 10 21 55 35 78 58 84 7 6 89 48 80 32 62 99 86 33 35 68 33 99 69 65 81 31 85 8 79 76 83 90 29 42 71 65 1 36 2 51 8 79 65 35 60 39 37 14 65 90 90 100 19 84 85 19 40 99 97 39 3 3 3 33 71 23 61 80 79 30 46 5 69 8 56 53 87 90 12 28 61 44 43 94 30 10 19 57 70 65 22 97 30 14 59 59 59 68 33 95 19 15 25 58 28 1 55 17 44 75 4 2 38 69 77 100 57 51 44 86 36 6 93 32 53 16 81 75 75 91 100 71 88 33 28 26 68 8 57 12 66 93 16 7 38 13 28 69 6 96 98 93 80 33 6 32 46 87 36 40 6 65 70 36 54 21 100 3 94 75 48 51 96 64 15 18 94 8 66 7 42 53 35 94 6 50 9 92 69 81 67 57 60 56 80 35 81 77 39 27 9 32 98 59 23 75 45 57 89 45 45 7 17 3 31 93 88 45 8 14 89 19 85 11 32 41 60 75 68 68 92 31 70 72 31 23 57 89 50 61 17 51 75 6 19 86 28 34 10 99 3 66 80 8 27 1 42 76 57 81 52 50 7 84 79 54 37 84 93 14 23 72 74 86 81 7 74 93 38 73 63 38 6 53 58 86 50 26 69 11 12 20 69 64 36 69 14 27 31 41 22 7 90 46 14 48 32 53 53 91 58 12 86 21 61 31 75 80 79 7 91 1 33 58 96 60 99 19 76 74 57 61 13 27 71 76 19 36 42 57 3 52 4 39 48 11 89 64 14 87 13 62 41 26 9 72 58 70 43 60 88 60 90 47 66 21 86 98 4 12 47 1 24 53 85 99 85 32 46 19 43 24 8 21 19 76 18 92 33 20 63 91 73 82 95 75 83 63 26 90 32 48 62 48 79 53 65 45 37 95 71 74 78 61 35 13 92 77 40 16 48 19 58 80 23 30 26 47 83 39 28 88 70 8 85 45 6 25 94 35 17 73 86 3 73 97 13 79 21 3 47 100 68 82 91 27 16 11 30 8 35 59 59 56 67 17 6 98 68 94 9 8 26 29 46 66 31 75 30 53 23 32 76 99 33 15 23 12 72 75 55 3 69 85 20 45 98 21 72 47 14 30 30 1 94 84 28 86 18 13 66 87 99 4 37 30 55 53 79 78 60 8 8 24 39 22 33 60 91 72 63 11 1 57 97 47 27 54 38 5 58 51 49 30 54 51 22 97 51 49 4 24 19 2 3 26 86 8 96 18 84 82 22 30 46 82 45 48 73 98 94 22 70 5 63 23 98 16 91 13 44 64 94 35 16 33 18 97 5 25 28 77 28 3 76 53 85 37 96 100 96 79 16 72 47 21 58 21 60 90 8 72 46 5 11 81 17 79 5 67 99 75 20 3 94 40 30 52 31 70 39 25 28 62 15 71 69 47 78 29 93 31 83 12 67 26 4 68 59 83 55 24 55 80 58 13 42 64 36 67 83 38 13 17 99 11 76 70 15 86 7 23 59 37 22 17 71 40 42 75 15 32 42 27 37 44 68 33 26 35 55 24 46 1 76 58 5 20 51 4 60 35 37 82 97 8 33 2 46 79 77 14 47 14 48 3 97 59 26 9 78 82 28 87 4 41 77 28 15 77 95 88 97 95 13 89 74 51 85 61 32 37 9 89 34 83 98 19 61 72 36 83 74 57,ye9mWHtFNsUwEL1hbB/W3YX7MQ5x7pWl5NE8tUkGDI1akGkUwCX4uS7V7zxiBxhVwk3PBeazF1ATGRhmxH8GpLxz5923CgPYPFp6/nPtSgGJGqKA0LkQFzURaOLNiTosF342+qxBZhXYKRr8iGHVQEr2PA5cvziYQ02gYSGFql/G02g5uCkQOqvvodXDx0nPPEBOugr1xKQzfduvsIjnRSdcz5otIPk9EjgV12nBdy1N7uJG8FyvnJKhPSEU8fmlELnOAWNSTLpP6bsrK9f2cs6Xzs92sGFKRARoIOB01m1rtSyWbzEfZl6tNm20cqZ+EbAWsp/6mMxSvazXVuwrhUbYJx/7s47iekBNHJgF+FZRwuJNJpWqxZCjukhNpuA7PtwcqIQYW/pbKwpuo3u+mB6cerm9z90DZF4GxxOXVcYbd8BSvuM0IizzIsM+AcK/oTIKRKhgXmDAavqS7r7MrzqcGj9zGAvqtE9//F2upCPFixtod/a1TV5PXugGoAe1D5KkGLyS1jwgUqNP0NefvBkxxvT5gnVE/zJsUKYZ2lE6+pvreImUOSH8NdjvykWcwGzzAATafRwi4NloJ9FgRRCXVKLCXjL6FgJ8ftpjFNQSfDUWFEAz0vUIAWnNIUqBlwSrkjA7YqPt3BbpQXMzPy8XRdQYa8xPjPrufxTxtGc=,ChvLDArmGCiBGkGholbp/1Z493To4eMsEKgWbg2HXRxjugpYeT96/AncLgoy0dpZGIuV7Y69bBvYeM7HvWLU5Q==
423,2026-10-05,16:55:00,7,2026-10-05 14:55:00Z,16 7 100 63 24 94 73 9 86 67 81 77 3 67 80 17 73 49 70 66 42 32 28 91 28 95 56 22 65 89 88 31 4 5 57 67 46 67 34 43 47 25 28 79 1 20 62 4 69 84 75 86 25 6 77 8 45 78 76 65 19 7 5 20 33 57 13 81 84 32 15 92 4 41 83 67 72 96 88 55 90 52 46 71 19 11 55 90 32 86 28 99 86 30 31 69 78 78 100 81 67 47 10 64 60 39 54 24 10 35 53 57 19 49 89 37 89 85 32 87 84 47 56 66 2 36 6 46 30 100 21 88 73 90 98 81 94 4 42 90 20 20 49 49 52 48 57 64 12 62 37 12 10 28 88 16 80 49 64 44 1 32 18 82 82 48 70 60 10 75 96 4 30 36 95 17 87 6 82 7 12 24 98 85 6 19 60 95 67 10 68 47 67 29 4 28 68 44 56 73 83 54 41 50 76 4 80 38 97 71 20 29 84 70 57 14 15 10 11 98 10 46 59 93 66 13 55 43 33 48 46 87 45 23 23 57 31 100 35 41 8 51 61 14 60 14 13 22 15 51 34 18 33 51 85 36 41 27 77 29 13 74 50 43 24 44 24 75 13 64 32 20 69 31 49 25 45 93 21 98 98 37 49 71 66 74 91 68 96 5 4 58 42 85 63 40 19 65 59 86 97 49 25 81 28 25 8 67 45 14 83 92 61 88 11 57 14 87 67 1 43 58 91 66 51 5 6 82 60 82 51 97 99 79 2 36 13 96 85 79 35 69 97 22 35 85 54 57 64 83 84 51 67 87 81 61 96 76 6 67 83 7 30 6 66 48 49 26 82 38 24 99 66 13 34 38 53 83 58 67 87 11 5 64 63 20 93 44 61 11 98 55 4 88 54 51 35 68 17 11 33 73 25 17 38 96 81 35 88 45 74 71 32 53 62 14 95 78 74 79 39 21 62 69 66 57 25 85 48 37 4 20 81 5 86 36 56 90 25 83 73 36 17 13 49 75 74 39 86 69 24 15 19 32 69 43 5 31 36 27 87 13 97 35 86 74 69 26 10 27 32 40 53 5 23 89 47 88 59 86 75 16 59 3 54 42 89 76 4 20 63 2 3 96 75 22 33 48 68 34 23 92 63 74 47 97 38 17 8 66 49 73 3 40 93 31 36 8 83 91 74 76 27 82 58 16 7 17 1 7 22 9 66 70 44 33 95 19 56 77 91 38 17 90 68 40 39 5 91 20 40 21 82 48 5 42 5 100 75 49 69 45 83 93 16 60 17 65 74 60 10 7 20 21 52 100 50 90 6 56 55 10 87 43 1 77 36 57 31 37 100 11 91 26 28 51 83 30 12 13 41 69 1 48 77 68 72 93 7 10 70 20 59 38 28 18 22 37 35 51 13 22 93 58 92 69 76 49 68 50 43 16 77 75 88 16 80 9 18 92 80 95 68 48 100 59 32 22 52 25 84 4 62 8 96 26 89 77 39 10 6 8 14 15 93 53 86 17 77 36 30 55 45 88 69 64 26 63 92 46 27 35 93 73 93 79 32 25 48 96 20 85 19 13 17 84 65 87 36 25 60 32 44 8 4 74 36 28 13 80 86 66 47 26 31 26 67 45 73 2 10 71 64 73 73 51 15 82 83 4 22 26 80 24 71 97 95 70 57 68 44 27 25 78 92 1 32 74 47 7 7 64 69 74 65 67 29 56 61 51 49 55 22 95 44 94 28 66 94 67 30 51 44 57 85 37 72 42 59 36 80 38 73 43 28 69 63 3 10 47 21 47 28 75 60 37 69 60 21 13 87 18 34 66 76 72 73 46 94 13 30 24 14 78 9 40 83 34 11 51 35 20 32 78 57 6 29 42 64 2 57 97 70 3 40 9 90 82 73 9 15 27 97 38 23 25 98 22 100 44 48 7 1 76 6 92 35 87 99 97 55 34 94 75 7 96 64 82 25 27 40 50 69 31 55 14 7 76 78 6 73 53 5 9 78 64 76 77 60 59 5 47 7 68 91 37 50 60 34 82 38 44 47 67 2 22 13 52 81 74 48 85 2 56 78 94 89 14 60 88 30 19 70 53 12 58 37 98 38 24 92 54 31 55 91 16 43 97 70 14 97 79 17 15 88 40 1 45 4 95 43 53 69 20 5 32 54 73 79 25 50 36 53 56 44 3 51 45 97 42 76 62 85 25 100 39 24 48 54 30 7 32 54 77 49 4 52 30 91 29 57 23 45 68 54 69 4 62 93 73,kB513yddcyQT6vbs6vm4urKyrD05rLqtR8EYyjroY/Dn61aTMPzzr73MYYFzJb6B8kNG+q8ATQawTgZbQ0kj7ZUX2dkm2zQ27dp4MczANOxkMkX6Wng/RHhKCWpon5f35FRRbLZv/nkLbLwymy/CtiQu2+w/3qxRrPC0poxzxtCJbBevpblksNY0ZkNp0OT2NCSM+uJOyS9guUHE9wDCT+b1bB1qKeBJXp1rJKb5J7bP01OjhHpHC0v2K/xb9irRQijiy9DTd51MtNO1okxe04St8KZDOndJ1RX2IUdPAcGWxH8pmjjIppV9sKGxsLnYkvW2YPV2zMK9pp16VqeuDxNe4sb93sAbe3o6NNyK+LgA78PrRei7EM4VfB0YZTuofsT/Oj2sqTH5hU15ORGgoPEA8sBZPT/FLtrF1Hw3Rra9lNm+qBuxoqtFVQhB97uJrhQZCA/C4erXQywb6H9eYWzppVHoVL9OWZ+8y0lA4/AS66QSEm29AsIo26aBZklw1fd0VI7xHZz4mAY4DQH3RCJmEnSSSsI19hUmmJch9tqwjAiXjobYNti2gLhj7IB1G+ssaDcN2Z68DdYSbI76AWTs6NVhr70jmzNNCfjE2nqqRTp+2uNG0mbepQX6UfN5Qq4pv6ZwvtOODhe0Z9BpjKv+RzfvwLd+lxUxGfPzYk4=,ChvLDArmGCiBGkGholbp/1Z493To4eMsEKgWbg2HXRxjugpYeT96/AncLgoy0dpZGIuV7Y69bBvYeM7HvWLU5Q==
424,2026-10-05,17:00:00,8,2026-10-05 15:00:00Z,32 29 86 6 27 88 6 44 95 66 82 22 60 54 82 66 62 53 80 41 91 30 95 60 13 43 92 8 20 27 40 83 51 57 19 62 55 77 16 51 80 39 40 8 37 44 84 87 91 46 90 9 12 2 18 11 39 29 48 89 69 70 95 20 59 61 11 59 27 25 53 73 75 8 51 95 15 82 5 34 57 92 56 73 64 85 44 66 11 68 7 12 80 98 91 38 71 89 18 40 39 75 97 52 33 5 10 46 76 12 37 11 80 26 65 75 1 40 25 24 80 31 78 30 55 7 45 82 67 23 1 5 49 76 37 49 94 95 13 42 81 54 87 93 90 22 80 36 6 4 54 43 82 71 85 79 92 75 67 97 41 5 45 90 91 51 78 18 6 74 62 73 56 26 6 60 47 65 57 28 100 4 87 12 92 39 13 19 71 12 81 31 73 88 95 23 3 41 70 82 24 100 75 34 4 70 40 80 37 68 9 80 35 10 100 94 29 25 33 73 66 6 80 99 99 12 2 86 36 70 96 15 3 35 35 49 24 90 52 81 39 68 81 57 65 36 70 52 17 78 88 14 15 86 64 63 74 3 46 17 63 62 82 44 38 60 23 28 80 41 29 81 88 59 27 22 7 72 51 16 59 54 82 18 67 94 68 39 79 96 22 23 30 23 34 80 95 89 59 7 88 61 92 31 14 26 37 97 100 93 58 40 42 13 30 81 37 18 87 72 24 90 38 6 80 62 58 41 10 27 78 34 33 40 13 23 71 80 53 97 84 97 54 24 22 71 27 95 63 84 84 8 78 2 61 27 69 50 43 17 95 88 24 34 7 61 65 83 100 32 2 71 5 57 50 60 24 80 22 19 54 60 90 84 28 50 68 30 25 45 13 29 12 33 87 76 89 6 33 53 6 67 89 28 83 61 34 9 89 48 100 91 88 26 9 82 62 84 32 63 33 64 53 38 80 60 52 88 100 49 93 10 18 67 11 11 16 33 42 66 79 85 64 76 54 60 3 50 27 41 55 13 43 53 80 2 80 5 56 21 53 69 76 30 52 12 6 76 68 12 97 25 85 24 40 86 47 14 57 82 9 64 21 30 29 77 25 61 37 98 93 82 36 69 53 12 83 41 4 73 78 45 100 52 90 65 89 85 25 1 30 9 57 56 19 39 66 61 5 26 54 95 87 72 12 84 68 50 12 82 23 32 14 63 85 38 2 2 24 92 9 46 39 65 84 15 92 92 5 46 5 71 47 71 34 88 31 2 21 3 48 26 85 65 41 14 39 83 58 15 44 13 82 5 40 60 92 34 38 88 8 74 68 65 79 37 42 64 39 77 53 63 13 18 45 42 21 83 89 46 41 74 78 74 73 37 20 9 61 88 26 83 3 6 41 79 1 10 78 37 75 83 35 96 56 37 41 83 38 76 58 18 64 87 12 51 83 38 20 45 13 22 84 1 35 60 98 68 21 92 63 81 51 12 68 17 39 54 79 75 27 78 2 30 17 17 20 41 61 23 30 53 28 32 77 41 62 54 32 38 48 88 48 56 35 33 4 93 31 32 39 100 99 24 61 97 95 34 88 9 60 67 75 1 92 87 19 28 72 23 85 58 36 82 20 7 2 48 4 68 64 99 77 96 16 65 9 2 46 9 35 2 53 74 23 52 64 32 64 12 27 64 75 98 9 10 23 21 46 48 97 79 83 3 9 19 61 17 91 42 57 4 80 1 44 34 29 80 50 69 77 57 41 45 100 49 68 97 71 4 82 49 1 49 52 55 54 5 75 77 88 97 2 41 91 63 57 76 18 88 48 97 47 77 60 36 20 77 44 53 71 48 67 27 28 41 94 3 48 17 40 99 80 1 88 31 68 38 14 24 19 17 81 8 27 91 34 31 5 10 37 2 92 59 31 89 56 30 40 28 82 6 94 76 36 96 22 39 25 80 65 29 67 90 11 23 26 88 19 38 91 64 90 72 28 42 42 53 39 19 34 55 62 29 40 7 58 15 87 19 55 45 67 86 40 11 38 39 89 66 63 94 42 62 77 88 50 76 94 7 100 45 17 4 35 19 67 33 24 1 61 85 75 53 40 96 66 67 78 77 47 29 58 50 96 78 38 89 74 4 22 34 28 71 53 80 80 8 93 99 63 73 79 35 64 33 47 19 69 79 75 15 35 81 59 41 7 41 83 92 58 13 24 3 13 80 43 15 83 38 14 22 55 29 3 63 36 33 94 13 36 36 22 80 10 100 98 81 29 5,ppiWT0Yc7YLlM8fLdUCg3tAucKQL05M3Et57h4atHCEcOOoerBh1+znxp91TKEDsgEciaWlidw7f3UOGDdR94bnEWJXrII73jnKu9ot+XNAEVZkL8T2GEKYp+GQQ6T21xBCFvhuCyebOKgmRUeMVF54D5TkDB6UO3fTY2jQEQK9+VQFZAJKIgK68TuMWeD+qIVPTXE+ZYx+6dLtdTrD//RE8z/ZEEWMKVX0myafzkn3/RgmgcT28YK0jlKeNLWP1vgo8rD2VCLz882KhUxVZtKs9RDUOqPjApVLWl8csLPdNZopRYkWXlGSMfdR8Qe60P92Mf6KRg1E0ODasA+LT3VSjt+3VntLsLpbdx5YvuIrjrfo6YDqpZ2L7F3a/fqrkRMRVh0fxO+tCBmZanu4oGw4s7E+GuaniudLZGNJbRgb7et4QYgtMM9zgCpP932sWh/luEf8QFo5OuP4C6vOs2oKORJyNpYur9ddvmsI2sSjeiSP+hVvBCSLX25kowiVBhGz/k1FRDjn87kNl0MC6lm+5PM4toewntZnY7Z8rpxbzQq8Mni0h4Ens18TMtNjnP1RvIEuzRGeLseydweSNHV5MaRcE0ahTQcn0/3Ea+ubTUeRQi8QtFUrjaYCP67TxoOjYUqTTFoct7m0K6GAe6xYkxLQ01xOZ60C+bFqCiy8=,ChvLDArmGCiBGkGholbp/1Z493To4eMsEKgWbg2HXRxjugpYeT96/AncLgoy0dpZGIuV7Y69bBvYeM7HvWLU5Q==
425,2026-10-05,17:05:00,9,2026-10-05 15:05:00Z,80 23 15 26 75 2 77 33 34 86 28 83 79 43 98 93 29 90 93 17 15 63 17 77 66 52 26 24 97 42 84 34 41 76 25 85 87 84 74 43 57 33 97 78 71 56 64 61 89 71 63 84 27 91 8 34 94 98 17 39 80 63 67 48 93 79 72 40 9 73 74 87 94 46 57 5 52 44 30 23 75 73 95 91 19 88 4 36 48 34 50 26 15 11 97 95 83 45 55 11 33 82 12 41 40 79 21 51 50 49 36 87 30 49 16 79 35 57 18 57 94 40 3 57 29 13 20 42 19 94 70 84 67 82 71 68 65 24 63 99 29 22 7 38 5 28 95 83 86 3 29 33 93 40 68 53 34 9 5 80 35 32 3 16 83 53 38 51 62 23 30 8 18 28 10 4 43 99 84 65 66 20 36 29 26 44 52 15 40 89 50 3 38 52 46 48 18 1 9 51 70 2 45 97 72 90 57 10 30 71 79 42 84 61 38 71 65 100 44 14 6 92 42 15 86 95 76 54 96 87 24 56 80 54 100 72 41 69 46 64 12 37 100 57 30 78 41 1 71 56 49 26 25 46 41 26 68 95 33 60 41 11 57 39 59 89 15 82 38 83 33 86 41 71 77 70 10 6 92 12 3 82 84 91 87 12 52 9 88 75 62 75 14 100 24 100 32 83 22 20 27 51 13 66 50 43 3 19 26 8 33 60 10 50 1 4 10 61 57 10 92 67 62 12 33 4 51 44 93 27 97 6 77 55 90 51 41 77 76 4 5 43 87 58 52 71 31 38 55 82 58 45 7 93 52 52 36 63 77 26 85 70 4 51 66 36 92 88 93 6 55 45 4 31 17 98 87 58 28 79 97 97 40 7 12 53 66 40 47 94 65 19 37 63 46 65 90 51 27 85 5 99 72 45 63 53 100 57 92 23 48 92 8 68 10 66 2 23 98 92 34 52 97 31 29 17 43 5 22 99 24 59 60 94 74 47 32 32 13 8 79 82 29 6 55 1 92 90 17 16 40 72 83 1 14 68 19 19 71 98 13 78 49 6 48 15 93 36 21 57 90 51 47 68 48 73 54 46 49 9 13 38 87 84 57 72 29 93 32 28 93 61 43 9 15 82 3 7 1 84 12 38 5 10 29 34 30 57 62 77 20 69 63 21 2 17 67 81 44 4 42 94 78 66 3 70 82 74 90 53 66 94 96 43 65 68 21 69 15 14 49 82 57 32 15 9 75 95 19 86 85 22 87 13 72 13 79 61 59 64 49 100 10 84 90 59 40 74 31 93 53 26 56 8 85 4 14 63 93 57 2 49 77 79 58 99 2 67 69 27 94 31 67 85 91 73 12 1 64 67 71 92 67 48 52 38 70 72 64 49 89 49 86 1 40 19 77 58 22 81 4 23 96 31 33 98 76 16 40 84 93 86 38 56 39 66 89 86 95 79 61 81 48 34 85 19 83 40 80 15 41 17 98 38 14 8 50 86 45 20 92 33 34 82 7 23 58 37 86 93 88 23 19 29 81 57 98 8 16 33 97 55 20 14 72 74 95 18 83 99 83 95 62 96 82 34 41 66 24 24 99 7 94 58 40 94 16 75 49 27 61 36 5 83 59 56 5 40 11 28 92 3 40 23 2 6 94 14 79 98 12 19 54 44 53 94 23 18 27 22 37 65 47 18 89 49 24 53 15 32 12 11 69 83 95 56 17 81 78 28 47 49 74 41 16 39 97 66 39 83 61 99 37 66 33 9 30 56 57 56 28 64 49 75 60 55 16 70 7 3 4 67 33 8 69 91 2 28 11 32 34 30 52 93 14 95 17 29 47 3 3 68 56 13 4 54 2 87 17 79 86 63 25 58 45 17 84 29 60 19 77 76 18 26 94 44 76 63 31 5 10 78 58 19 59 9 2 11 14 50 54 31 11 73 57 60 10 75 5 86 24 24 22 21 6 17 37 39 9 21 16 74 62 26 19 86 22 47 18 71 80 68 75 12 35 68 62 67 18 8 63 10 39 50 62 28 63 90 62 34 65 72 53 94 82 91 46 25 48 84 93 22 59 92 79 31 90 66 27 18 39 8 92 93 21 59 50 71 65 76 93 32 52 7 56 67 43 64 10 17 41 39 51 68 90 7 47 65 26 6 19 23 6 35 59 6 45 78 18 3 22 25 93 83 2 94 75 85 34 47 71 97 60 76 37 97 34 46 4 77 65 5 35 89 40 72 30 57 33 46 87 47 40 98 64 81 88 36 19 17,1GDJlsAtBGQP0G/xP2yGRGa2fOZMuzW1hmL7x68H+xEx7KId4aQGxrJjTK0kThsU+bpavmFlhTAvpgKk7cFa0ZSXNIFQpMoO25sTuJMfIXsN507H4VKbWp98kv2yeUYu3Y2ENx5qJx8+s/KNSJEkrmMznNHcIzzF97UhLPqZC6H6LL2/ueFqV/d5Nezw53oS7bE4lAMrj7XSmTM7TyhvD08NY2gapLFUo52dvEFIcR7AqC7AZC1GjUR0wxRwscAJ/+rQYB/3FdtV98vCTpeWRb9ODdO0lzwEDV0yrmshY8mKDuvLmbp7CM1xjnHQ4kbHrvPrz8spz4RdP8Meol8F5Fs0GveUoDtfdedGQ560JFOA8Q5tzLMNTqXAP0fxYvWW4rqOLZ8gVxDCg0N/MgaH++oq6eEpJsS4iDhTiQlv6AC7cP6yaslaDqKKYOxI6enolbcQy8DcvGU8HbJGnzCX98kXCzduf0cYKFDbItnTsEU0Bhq700+PjmL9A2Y0P2ShVIZswUr9sEagdrjxLarJacFEYfUcS0zcibjJVMLExtGkPWSWk/buoqki7VbSDJh9O6/6BxN/QonZTEExjiJoSn3UtqkMqC88bdzdwh1msEpNsCA2RblghjaM4J4LwDInVScdrOQWv2/uzE2NQtl28ICXVz7GOgYrJ7iR09Bznn0=,ChvLDArmGCiBGkGholbp/1Z493To4eMsEKgWbg2HXRxjugpYeT96/AncLgoy0dpZGIuV7Y69bBvYeM7HvWLU5Q==
426,2026-10-05,17:10:00,10,2026-10-05 15:10:00Z,40 48 39 69 14 31 34 91 35 97 49 53 19 79 46 89 84 32 10 95 70 4 20 39 58 46 54 2 80 28 100 27 7 61 93 45 13 97 71 98 92 94 44 6 70 27 98 64 31 48 59 20 46 98 89 12 82 8 97 83 8 45 85 75 2 84 32 100 45 65 13 72 23 26 26 91 100 60 21 40 27 31 9 51 80 55 66 94 23 16 6 24 3 3 41 45 16 38 50 33 64 23 29 64 41 79 68 62 41 66 73 82 92 20 90 65 35 83 49 68 4 7 7 13 26 77 77 94 83 45 39 24 46 47 36 54 77 67 14 93 25 80 9 14 64 4 18 41 21 82 7 76 72 19 12 1 59 25 11 2 77 86 25 57 50 15 59 8 99 95 61 84 19 58 14 41 59 47 75 52 50 60 31 75 20 38 93 82 20 25 67 25 8 73 10 60 70 93 40 32 41 12 88 60 26 32 31 31 7 68 1 77 61 90 62 12 62 46 93 83 51 66 44 11 23 75 79 5 60 50 91 31 53 21 57 61 94 92 99 75 35 44 28 24 41 3 71 52 5 94 85 93 7 8 39 31 61 6 56 10 65 94 56 29 94 69 34 95 94 43 42 100 90 17 70 32 42 8 67 61 16 58 69 46 24 75 56 51 39 23 88 78 44 39 36 30 87 26 65 31 44 94 54 76 64 99 98 17 85 24 31 32 69 68 41 61 5 28 50 58 13 68 68 89 65 35 48 41 60 6 26 69 24 95 13 38 14 61 5 43 17 31 17 63 7 83 32 20 73 34 64 4 31 21 91 45 68 60 80 28 42 55 77 20 7 41 64 96 10 28 64 34 15 93 61 87 5 16 78 31 90 45 76 54 72 48 59 14 94 24 73 70 7 76 91 77 41 52 44 2 62 29 76 100 21 50 28 80 47 73 51 2 54 38 75 56 56 100 82 35 71 63 67 17 82 72 22 7 58 61 76 51 59 11 57 4 21 52 52 39 48 86 37 74 74 37 26 77 61 63 16 44 55 65 100 89 56 49 27 33 72 94 97 81 35 34 76 39 11 5 58 98 74 23 69 88 72 6 30 50 89 88 32 11 65 59 16 46 93 85 53 53 57 93 12 18 45 26 79 16 40 19 52 62 63 82 45 1 100 19 43 70 50 66 17 100 99 11 93 29 70 12 5 79 92 99 69 55 95 65 77 50 20 42 83 23 4 98 94 98 75 2 27 30 37 29 79 15 23 73 80 59 54 82 59 84 82 68 92 13 73 31 67 98 16 61 19 12 44 6 67 1 48 62 90 77 17 9 4 16 25 88 75 26 98 36 53 96 2 94 61 60 56 6 64 86 94 66 66 68 14 56 14 9 28 61 11 51 7 71 45 59 49 3 33 7 94 17 100 87 80 79 9 13 30 2 10 59 1 44 41 8 33 65 75 29 59 25 79 25 64 90 39 90 86 7 73 38 96 61 85 58 95 37 16 19 23 23 75 38 93 32 99 28 91 49 50 13 98 98 72 61 79 67 66 64 14 29 38 77 24 31 72 75 44 47 2 2 59 11 29 62 2 42 75 57 95 42 56 32 1 9 75 78 29 59 31 48 40 98 37 14 96 85 1 61 94 91 25 29 15 9 40 41 25 88 20 14 55 87 40 24 73 91 91 98 7 93 82 12 52 86 16 27 77 21 72 78 88 62 16 55 84 73 89 27 64 50 50 84 68 12 52 93 37 22 61 65 1 84 30 1 48 66 85 81 36 87 89 34 87 67 32 34 6 14 61 41 96 18 14 49 4 86 45 36 6 58 78 62 2 71 5 47 48 39 74 34 73 83 77 49 96 13 61 70 5 71 53 99 30 8 94 89 53 12 57 50 28 35 44 98 57 87 89 49 15 32 17 7 97 33 18 57 16 45 18 57 94 97 64 91 3 71 69 4 87 54 86 15 27 61 7 2 93 49 65 51 35 25 56 10 97 3 25 49 11 95 29 4 54 38 84 1 42 72 83 95 91 26 42 52 77 18 65 3 13 43 83 11 60 36 69 60 88 28 66 61 17 78 58 68 37 9 35 42 9 74 45 77 51 93 21 92 50 98 70 24 43 16 59 91 76 79 47 44 1 85 71 99 21 70 49 54 75 17 61 76 12 67 86 83 47 76 40 2 10 16 71 29 16 73 77 50 54 25 94 46 1 67 24 95 61 76 35 68 33 67 57 27 57 20 85 49 70 13 95 68 26 66 20 55 50 12 19 93 23 63 65 12,OI0GOV9ZACgInwwNmnn6W02Htv2nBvvrskqHroFi3OtLD+U51x1kbyO3l4oH79DmPu1ewFiS++Nq+qOUKuMU3qhT6FOjh0GIueyRCRjTorMQw//ip7F9jsBT7C+FEd93LRazGvfVpTljz8z9byD3O2OUaMpUZFdmTUTb7Jz4yG6RSCzdnb1iXftY/DNOz2MsNyul89ZOR6yVRJ+PI8qxBrkwYVk3vV1a4UhbaHLNB9MWl76665xxfYh/Ro/fSi/7EAVJLA6ud0mfTaFvq+eeQABALioeOit5JeAL9vrCVJNVhQD2/hnz6JD/WD4apFB9OdcqZ4TIpcci1Hr4poMDCXa98ShnfF23rLZhDFA+M7OrjEzr4+xSwbqBbskjDr2zg0T3xmpS/u7IJwQoWInJSYTZ7T1dOdivKQNc4eObAT1oyslGDSu/uYXquV/XtZz1Ym60ey27MrQEaNdQREfalMMKLkgl3A4kxjsHiSqk/pEuIfhsCVsoquR2voxjH4QCzj9RswIAc0vHskce2Ej7py96jyIsxe9iyzrpP0JFaWSqeXEWnrR7jdTd9ZrJE2z8tRMnLp8se8bwKbSfKYkooJo/T8wuX9mavtR/Og2fXhj1juq7BupuS2W2agRGmyRfnDAPpydlvGx3Z5GZhVX3gTsRHJRZL9Jia4/VVAYl/HU=,ChvLDArmGCiBGkGholbp/1Z493To4eMsEKgWbg2HXRxjugpYeT96/AncLgoy0dpZGIuV7Y69bBvYeM7HvWLU5Q==
427,2026-10-05,17:15:00,11,2026-10-05 15:15:00Z,28 96 35 1 61 58 86 52 13 88 25 6 51 84 24 40 63 10 94 34 62 11 18 26 100 91 44 5 72 54 21 59 24 84 56 99 29 85 36 26 8 83 46 80 48 37 12 7 78 95 80 87 12 65 35 42 54 83 17 16 14 79 4 38 17 3 18 65 74 64 55 59 45 76 76 32 47 89 6 72 43 39 26 53 20 85 25 79 97 23 68 25 15 19 85 46 7 21 86 98 94 86 16 68 19 3 54 73 9 60 72 40 56 51 96 95 18 44 81 39 75 67 90 17 48 54 7 47 2 98 90 29 42 24 89 38 58 47 27 52 66 9 11 44 35 38 57 33 32 63 63 63 36 15 72 89 34 25 14 73 31 82 4 50 68 2 58 37 77 68 84 35 77 45 100 79 32 45 34 78 75 68 86 62 87 17 88 20 61 93 80 43 58 14 80 92 1 99 26 16 58 11 16 45 11 97 83 24 61 98 18 61 29 60 80 2 41 29 60 34 64 16 68 53 56 20 82 61 17 70 87 72 12 73 66 59 89 34 45 25 60 52 19 75 77 79 17 26 53 3 18 6 5 15 58 51 74 93 62 89 40 34 2 6 66 90 100 95 19 35 61 93 33 72 61 88 6 60 34 68 88 37 73 14 3 26 88 81 11 57 92 5 62 57 29 27 81 73 17 79 34 94 86 72 89 19 53 53 86 43 19 87 31 57 46 88 92 84 6 4 77 97 18 97 27 100 9 95 92 53 41 62 50 95 21 42 36 33 60 7 95 27 60 98 57 48 31 55 61 76 82 75 95 76 54 55 71 50 65 43 13 44 39 16 87 12 92 52 66 40 21 17 94 5 16 31 91 26 89 66 55 98 93 42 67 38 79 17 66 60 65 13 100 68 16 5 45 58 55 3 71 62 33 92 21 88 35 80 57 38 10 32 11 89 98 50 92 16 23 25 67 38 61 56 50 91 45 72 64 58 72 56 40 87 77 14 67 11 12 28 35 40 43 16 51 67 96 77 97 91 95 20 86 9 18 22 64 40 25 65 41 61 90 4 9 2 59 73 43 12 63 49 60 70 1 25 80 52 22 5 93 32 67 7 73 21 96 8 88 48 63 38 80 38 25 21 87 12 44 93 53 58 30 73 84 16 19 17 44 61 43 15 93 61 10 70 57 18 53 6 7 25 4 50 33 35 3 27 73 97 93 64 71 90 17 95 10 35 90 62 76 38 6 10 22 30 39 18 15 18 33 88 95 71 54 32 100 26 42 54 36 47 17 65 55 94 76 62 62 23 97 86 30 17 69 70 71 95 46 28 50 19 66 44 68 61 21 75 90 65 34 46 14 86 47 20 82 11 41 31 65 43 47 35 57 39 7 18 16 39 77 14 94 70 11 89 11 17 58 49 92 77 74 27 48 80 81 30 48 9 52 39 11 78 14 88 84 58 47 68 39 70 69 48 49 43 63 83 91 37 97 32 48 24 28 49 74 35 38 3 84 1 21 93 10 46 16 64 3 27 57 29 78 38 81 67 80 51 90 80 15 98 25 70 66 44 18 25 23 2 67 23 67 25 100 100 38 82 56 25 73 15 61 41 94 53 43 63 99 35 80 4 90 39 81 86 9 3 48 78 64 6 48 88 54 8 88 50 22 14 22 12 54 37 66 34 23 100 65 31 25 52 38 23 76 5 32 53 15 65 85 35 4 43 71 37 80 50 84 55 30 64 46 35 26 16 49 80 57 30 84 63 46 20 38 52 76 54 82 34 90 99 48 98 26 79 8 3 5 92 24 74 17 16 55 59 13 74 42 86 71 44 15 47 56 38 43 43 55 98 96 79 73 33 49 26 83 93 82 70 50 55 6 5 13 28 42 49 50 22 80 95 26 87 31 21 49 34 69 81 69 7 29 66 25 73 68 43 85 74 22 30 24 65 73 12 80 72 83 94 67 20 97 28 60 2 46 96 38 54 32 67 74 99 98 43 90 95 26 67 68 12 42 44 27 94 39 19 39 78 73 21 48 38 63 54 69 54 15 38 19 54 97 42 100 43 39 52 84 49 48 86 100 44 75 66 64 25 99 5 4 89 68 43 59 78 50 70 66 1 25 9 29 44 71 57 97 5 54 20 69 63 45 86 52 60 92 52 23 7 59 85 74 81 50 94 22 45 7 2 89 99 28 90 25 90 27 78 81 33 77 67 50 4 94 86 34 51 37 50 70 15 58 78 99 75 21 39 29 42 58 24 28 51 29 82 27 12 15 20,7AMh4Hb5tWmDLW9bbfJ/S0bvUhb1N9yt0NNa6iu3VtD1eoXqiEokz89W9Rxp29lh2UNMfmGoKog+D7xQfjuEjJ+o5ug8pJRvk3zyZ4Lu6URXY50s4myfC9Cuunosdi20gYBGra2dwaoVliSOhfTHIuZMyvOf3Ov0lwHcP3a+F6CjWm7GHXXv6wb/gghusmkbMpaBNjmETBMvFwpD+V9zD7uPqufdedPkSvEfM98U8tW53haNaSnA0L5FVlJef0OHOqs+BujLToiLvY2bHFLx7s7D9U1LWiHWA0rxN4Mmq5iCg8QL5Tbvu38crfgxm3R9NGWycwmpKYfYsig5nI0ymuSxbQRJOkbjmtmIZ+9rx6M8Lk4sJT8cgf4Ir4FwFiHs66jPrYc2+7EEphEyifWeTiRb16igvH2V7qrtAfKbGBO810KclDYNS2Kqq1c29M7bfIO87akbxB2zZjwDVPXvNHzjf/z4zblGNtA1w9pkG6oVsO8V8hGTa7xtmi7WVXdXlP2MjW8V5Ibi7tdSBOCb/hc028MdBDvJHOrGIRfZyHk3OeHAH0IhEQmdTrbwoL+uVeJiQGMPZd3eLu5tNRvwzlWHVbBq2gVUVVZjXK+9WMoKyaHL4WoFtzh1PzlrDJW+chND92WTLOKf1C7aFSts7LG7ZU18KjXtW8bIy9KikxM=,ChvLDArmGCiBGkGholbp/1Z493To4eMsEKgWbg2HXRxjugpYeT96/AncLgoy0dpZGIuV7Y69bBvYeM7HvWLU5Q==
428,2026-10-05,17:20:00,12,2026-10-05 15:20:00Z,22 84 43 34 42 95 33 44 12 82 6 63 87 23 56 61 92 94 47 59 55 37 61 38 32 84 92 8 76 55 80 36 21 94 91 77 65 27 88 39 27 39 22 80 2 33 54 75 52 96 62 95 60 14 29 99 94 70 30 52 55 53 35 39 98 3 61 68 74 11 100 55 19 2 21 97 50 94 29 26 61 32 74 28 79 26 54 93 32 75 63 70 25 62 54 25 43 44 97 24 21 31 43 65 33 98 21 16 31 26 69 35 25 22 85 93 70 44 11 85 70 38 14 67 79 32 32 8 22 45 34 48 48 68 94 86 95 82 67 53 16 38 82 54 51 39 10 55 83 51 18 19 82 80 37 31 45 36 26 40 12 9 96 65 73 18 92 36 4 38 28 67 60 6 20 57 58 51 55 52 91 51 4 82 20 5 78 2 23 3 26 52 45 30 94 88 55 38 3 18 82 8 9 60 11 75 13 48 27 47 22 13 10 86 100 79 73 44 17 47 28 67 28 41 72 28 47 42 68 95 27 71 74 55 8 19 59 40 29 12 56 31 5 51 36 87 33 56 84 12 10 79 26 34 74 14 84 90 55 3 37 58 79 45 56 26 85 92 93 30 39 88 89 26 83 53 67 96 87 85 52 89 41 75 65 53 6 37 63 87 10 62 41 87 88 86 92 84 52 80 38 8 82 85 11 85 27 10 66 37 2 8 5 28 27 42 83 78 34 10 48 11 76 88 42 32 72 52 93 55 58 45 32 58 75 69 74 31 30 72 78 84 76 19 3 34 41 69 42 31 3 56 80 49 98 85 93 99 79 92 96 88 45 81 64 12 2 53 93 6 38 66 15 34 98 5 27 59 29 7 52 30 29 27 63 6 37 60 14 7 10 52 46 21 15 49 67 44 98 15 64 11 88 15 9 1 52 100 62 10 78 97 28 46 62 58 100 25 13 6 12 48 63 60 15 10 80 77 84 92 51 54 27 22 97 82 62 9 100 47 9 56 17 6 94 37 96 40 24 52 88 40 45 81 54 45 9 37 92 22 88 35 92 85 77 59 6 80 46 24 2 26 74 88 95 88 95 69 61 84 27 79 9 35 35 68 15 21 98 74 52 32 96 84 76 2 72 94 59 22 64 73 37 35 54 19 26 86 58 68 100 8 74 62 60 74 20 92 38 24 19 5 80 62 24 20 8 53 31 49 41 69 56 71 15 36 51 19 32 87 98 40 91 55 16 46 49 59 72 66 71 76 50 31 64 13 13 59 48 39 7 2 55 61 6 24 20 52 80 17 52 37 62 3 85 35 35 46 66 24 56 16 81 87 14 44 81 82 31 55 77 66 2 7 82 85 75 9 70 10 82 41 62 35 93 71 13 74 30 52 44 57 69 45 84 96 8 93 21 36 56 29 21 5 55 97 35 89 55 57 3 5 58 40 24 81 9 14 30 43 5 46 35 47 69 93 36 73 50 98 88 75 88 13 46 1 96 31 86 11 89 69 5 89 26 37 3 75 83 72 68 8 42 9 32 84 25 22 20 34 5 98 81 77 39 94 56 58 28 82 12 9 75 2 35 99 9 16 59 15 79 11 65 74 48 67 57 72 36 46 38 44 92 21 30 23 94 73 20 65 89 42 32 99 100 75 3 19 100 56 62 76 53 82 33 79 67 14 54 3 67 12 98 11 63 84 76 60 1 24 44 77 32 20 99 58 4 50 49 15 27 96 14 47 82 85 81 6 99 40 66 98 42 9 68 99 88 33 35 58 50 99 60 76 34 71 66 34 51 16 36 15 33 11 56 6 28 97 35 87 56 49 29 18 44 42 24 32 70 81 74 94 78 87 70 86 83 42 35 80 23 73 80 39 15 86 43 68 40 34 66 48 19 60 100 89 3 51 85 66 1 70 73 71 25 92 16 44 20 40 3 11 73 29 72 92 34 25 5 33 87 33 40 5 8 74 53 45 67 22 54 90 68 84 10 70 32 46 6 43 87 26 9 17 36 66 90 40 98 70 91 87 43 16 79 54 22 16 65 21 65 28 72 5 80 62 39 93 66 17 94 44 12 65 70 79 46 3 6 92 80 23 33 61 94 35 51 18 45 5 31 57 55 30 76 30 19 51 42 89 92 41 66 31 65 80 34 99 99 16 9 26 29 72 22 51 11 95 38 78 52 95 99 28 37 78 40 75 42 3 72 61 72 9 95 34 86 46 9 63 84 74 85 91 9 79 49 52 18 93 86 14 84 73 6 28 42 28 65 39,ivpRFA80LJEf15o9ddhrhel+P/RfsdSvxZr8dy9rutP5z7ZLr9lGLytmMnxOp13U+m9XHKkUsMiSs/DkrY+xcSUOcFDNN4jOkQVNK63KFdqS0u3ItWfupplOVTwCjmwrnBRopPkcjXf+5IjR9ERJHVBDmCTD6bOzYh8sgwNrbMyMPPNvjGNZB79U0E+DKnhfc6LA3gbG0Bx6+GUk658FjFUelojd604amDbd+VP9POasfdeHBPSVeZJ2pyUmFAd0/GjG/jx1T672QUz0OInUUofl5zvnYV5V9xnBnpVM+JrqzH4GvvZHG7BkGU4TkcoMthrCV4gExL4YT0DSVZM3fyrT/z/W9+/KnJ1QRnXLXAMrtWJCPuQVTpfhMGzSZ/s6mTjuoC2jV8cltFcLn6yIlHoo0b6lAhaXbtz3/eJdt/w7whFu9hhF2bdxhqYT2WMdpFOYNm1U9YysWuis4Hco+I8qfusxR36CLclCRwcYg626wnct5bAS4YbGZdbYSsmQTFN8SKSy3J8vO8xT/UFsMSiMwxEH3ZBFmJODvBTB3xTbdJWCMzY4vHvYPd+x3eYB3/PkdavPMCOTlJJL+OR8z8XHc+CH2//NPZNUB38W5TqKgQDYKjC/nRw55YIMHKaStjmKRZSh3uY9SyTHBjRT6KJXV2io0wbTMCB+/yOcdHU=,ChvLDArmGCiBGkGholbp/1Z493To4eMsEKgWbg2HXRxjugpYeT96/AncLgoy0dpZGIuV7Y69bBvYeM7HvWLU5Q==
429,2026-10-05,17:25:00,13,2026-10-05 15:25:00Z,56 11 79 47 11 47 37 55 42 46 60 80 39 36 100 15 32 3 89 25 12 33 88 52 68 39 51 36 74 24 99 42 7 74 63 6 79 57 40 17 89 83 53 90 39 69 42 60 12 56 93 62 43 40 41 66 75 38 50 44 19 67 30 73 24 21 56 20 53 95 82 82 28 66 49 95 13 37 37 46 23 58 15 33 82 50 70 32 98 91 32 57 7 4 5 28 63 38 48 86 56 97 21 96 30 4 98 60 71 84 53 98 16 23 12 46 97 1 2 74 8 32 34 30 31 97 93 66 37 69 39 66 69 12 66 27 17 80 16 93 37 55 60 39 35 31 56 83 97 11 42 74 80 71 92 66 83 22 6 43 58 97 71 52 75 45 87 94 38 86 19 6 73 90 73 3 91 84 26 10 18 53 59 57 83 74 99 13 50 16 91 87 28 89 58 100 91 52 63 78 40 95 80 37 94 81 51 69 45 87 94 86 48 92 70 86 72 4 74 5 90 45 92 94 41 89 32 98 81 94 83 37 34 59 33 85 17 91 12 72 2 72 69 52 46 23 51 32 11 40 62 88 19 70 81 80 10 42 62 48 8 78 30 7 22 47 7 86 94 1 49 9 69 5 79 63 28 21 41 31 22 16 14 38 3 20 36 91 17 44 62 85 46 37 83 20 16 18 44 86 78 42 20 30 52 82 14 1 30 83 57 67 41 68 16 97 51 68 13 80 74 35 64 45 27 80 13 35 72 14 38 77 16 20 52 74 26 91 22 65 25 100 58 77 18 73 19 32 2 57 69 3 37 81 18 41 15 62 35 13 84 91 84 71 83 56 63 61 15 42 76 14 17 64 70 69 1 24 68 10 62 46 95 92 39 43 23 74 7 49 11 93 2 30 73 84 73 51 69 19 65 46 76 95 11 61 88 56 43 18 8 89 85 10 56 90 61 6 34 80 11 27 44 78 59 42 52 43 61 17 50 8 21 26 16 65 7 91 56 60 56 90 73 98 68 91 10 85 17 24 33 15 8 68 8 62 53 36 18 59 86 66 90 79 63 95 81 86 44 66 83 88 68 64 49 26 7 82 26 4 100 33 20 27 45 26 80 88 65 59 47 30 5 44 31 49 35 58 60 83 79 66 96 76 86 72 42 9 41 70 4 34 73 81 53 69 53 67 24 65 46 57 71 73 37 38 79 64 49 32 20 5 5 69 78 46 84 41 25 91 52 31 10 18 86 51 78 38 73 75 6 53 3 27 19 56 4 74 25 65 6 37 33 9 36 47 18 45 36 55 64 5 6 78 38 40 43 22 57 90 10 88 67 4 100 55 35 65 69 82 14 71 98 5 83 31 21 27 36 75 85 88 17 97 53 91 90 46 4 63 65 84 100 76 23 29 60 72 71 17 27 48 14 57 48 100 51 92 67 28 17 35 30 34 99 95 22 58 22 58 74 87 12 3 94 30 78 6 1 80 36 43 36 7 71 54 36 89 71 78 35 65 28 58 27 94 1 6 62 41 23 66 48 5 39 48 93 10 31 86 63 88 79 49 95 52 50 98 74 26 57 69 50 64 43 96 19 1 78 6 32 31 3 17 72 56 86 3 4 64 82 8 94 56 70 47 99 86 29 84 19 78 54 66 73 82 83 47 41 39 88 82 58 19 9 79 56 70 67 52 81 23 84 24 51 5 54 46 21 12 54 48 87 3 9 60 44 88 34 51 18 65 37 52 51 65 95 3 76 68 59 54 63 64 15 18 38 34 54 34 36 43 54 95 13 84 20 56 90 11 24 43 97 87 4 30 94 76 8 76 80 28 64 95 4 54 99 42 78 78 65 100 48 73 64 73 45 97 47 89 78 22 27 61 78 33 86 24 80 13 41 5 46 54 20 55 58 54 91 30 83 19 66 58 52 100 67 16 19 70 89 35 40 32 88 26 10 30 98 66 14 37 40 41 95 16 7 10 55 23 23 50 5 80 63 67 9 97 67 67 24 22 94 87 75 45 66 89 25 11 50 94 38 66 75 49 32 62 1 79 35 68 85 93 60 78 50 57 76 91 68 56 100 87 29 27 57 61 46 50 47 28 25 75 50 62 27 88 17 31 88 78 18 75 38 28 98 14 32 80 94 53 51 57 11 35 20 92 79 80 90 12 92 99 44 67 54 22 97 32 42 32 55 82 59 13 36 37 65 78 78 21 74 3 63 64 55 80 6 63 83 55 61 99 13 11 48 86 86 98 19 26 20 86 50 97 14 2 99 13,SvqwKtm9Bn9928tTVFvoBa5TO2MBvfBusg6Q82ZybULTaiGyKXgFMJsXMdezLOCpsj/VJMS3nDQxAnn8MDZw+xRMZt3lYU6PY5GRdP/nmw8Uyw7pz9KWQpGNi5pp5cKe+GFtW7Gh4l7gACMuzqXzvWJ9DKGPde0Qvmh5mwDJUubMQYH6PAh95B2CnAEiy99l3OXrJ0GuGBtwf58AtcVEswxuwuc4zQf3yXHnYnRY/aTd7TkgttKgM8t6rW7Ibvgf/ypJwW1ObFJvSpgNql0bR84XUcCeF92izK2dMctWkXdae1fkFuYvpZlpZAhlrXUaw/M8itnNQYA9ca6bugTib85PKpANzDCC68HpRYvumTbkEI5d6I5yM6qeI6kkAxzjKiGAtjO9LidzQJnxvR9Ll4DP4aWEvJI4l+8dxIbNllZ1VZotqS4tFduaGXXkNWDXkfjjU4aB3ESzWyw33pRrr//WcbmA4BR+qrBqVVt3BfaQAEF+pFot4E+YcyM2/Lr43ZVl/JYCmAyK7T0TZk4Gbm6iuPxNGPrlz9XR6KgaRVnLW2Kpm9481ekUIlJpLzVejiJKLjWcmWAhUnAogWXMvhQz4Pn83UX+KEh3f3FvEYQGnFDXg5oZC/hO/9v6rp3Yk/NVneqDM1GC3rf0/Hgxo3cF84KEXGKEUqGaWd+Rnd8=,ChvLDArmGCiBGkGholbp/1Z493To4eMsEKgWbg2HXRxjugpYeT96/AncLgoy0dpZGIuV7Y69bBvYeM7HvWLU5Q==
430,2026-10-05,17:30:00,14,2026-10-05 15:30:00Z,87 100 70 79 96 3 32 34 9 22 3 29 25 39 36 91 43 38 31 27 10 31 95 63 31 43 18 5 96 48 3 86 7 30 51 28 81 82 40 42 93 49 42 46 79 29 47 24 47 15 79 42 20 36 84 35 27 47 98 97 84 30 67 19 37 20 94 3 63 47 98 38 25 19 22 61 15 29 44 1 16 70 62 49 51 4 88 92 68 89 21 45 73 35 38 74 31 84 44 17 45 35 28 41 82 49 31 67 54 81 45 18 25 90 20 15 20 27 88 86 2 18 2 19 87 38 59 25 93 26 2 33 6 4 90 8 32 79 95 33 18 47 14 35 19 10 43 60 89 13 49 42 79 49 90 69 92 43 57 29 75 22 24 75 60 1 41 41 14 47 24 87 61 24 55 7 35 8 23 34 97 4 64 27 85 82 34 61 100 80 43 83 48 48 66 75 18 38 39 20 51 58 39 26 86 16 83 52 30 37 39 75 45 55 1 97 14 53 4 8 68 41 91 46 7 2 55 92 22 62 37 69 70 15 84 13 20 3 83 61 86 48 70 64 61 36 85 40 63 54 81 19 23 48 68 52 58 60 94 91 54 85 6 47 6 19 68 7 48 2 73 54 91 52 86 11 55 64 4 24 3 21 53 54 79 56 90 42 86 80 67 79 71 48 34 44 24 97 22 32 61 86 100 29 12 82 50 32 25 61 24 4 57 91 54 14 76 62 28 67 36 57 80 80 14 40 2 1 12 36 35 89 91 35 61 92 31 26 45 12 81 65 59 52 39 25 29 46 48 26 33 100 47 68 53 83 14 20 73 61 13 4 92 4 6 80 95 44 51 41 87 61 91 61 75 58 60 60 84 8 43 41 55 60 67 65 74 39 82 53 11 69 31 69 58 67 38 42 72 36 58 53 69 43 61 85 83 56 60 79 53 41 2 40 24 29 57 71 33 22 75 52 20 38 47 50 83 4 98 84 84 32 47 86 50 19 23 22 93 2 26 77 39 27 27 68 83 30 48 63 59 100 86 43 83 55 72 34 7 10 22 80 2 31 77 38 72 58 8 89 24 24 16 48 1 79 61 42 30 36 42 23 21 6 57 100 33 27 20 49 10 73 62 56 96 40 77 13 99 33 41 61 42 44 87 11 19 22 50 2 37 1 15 82 84 15 19 83 88 13 80 93 71 76 98 50 24 2 85 88 27 93 23 44 12 80 4 22 54 62 87 40 35 50 51 78 5 20 1 34 77 96 42 12 21 94 21 41 74 43 32 50 11 63 52 26 44 34 12 43 82 88 24 80 59 4 27 38 71 68 85 95 18 32 17 36 1 49 16 86 11 17 76 84 16 51 34 82 79 98 90 2 2 51 7 5 73 31 83 71 87 58 84 29 50 55 7 70 31 49 56 23 35 8 80 9 56 73 15 85 47 50 63 51 1 87 10 63 10 73 12 4 52 44 63 95 24 27 17 1 43 82 57 7 66 35 71 77 32 90 71 60 96 98 34 19 54 30 20 90 60 69 33 15 97 93 20 99 68 29 78 96 42 36 91 2 76 75 10 54 14 22 75 45 48 89 43 68 9 21 65 28 14 45 78 29 95 1 54 56 20 98 11 62 97 93 11 44 21 85 99 87 62 23 75 34 61 76 17 31 55 82 29 85 93 74 22 94 2 63 68 25 73 92 42 49 37 49 51 5 26 81 33 41 56 2 2 14 65 39 62 67 8 91 57 94 83 37 24 23 54 63 55 92 57 25 7 2 86 89 43 41 45 61 50 27 18 83 66 99 91 35 69 87 41 22 70 47 87 81 5 39 61 63 75 73 42 31 18 42 50 33 38 93 44 35 19 73 79 65 41 59 27 5 36 100 59 72 84 95 94 64 30 63 75 70 87 81 23 67 97 98 46 95 9 34 76 48 89 28 47 42 33 72 99 69 26 16 32 48 89 87 77 72 16 59 72 13 62 72 12 95 60 74 30 12 91 5 25 9 93 99 57 40 97 74 6 52 42 100 70 48 40 16 83 23 56 58 99 100 67 60 23 37 45 87 4 16 93 24 53 95 38 63 52 72 95 75 46 68 71 69 90 49 33 40 15 90 83 62 6 76 13 75 56 16 70 65 88 94 27 9 86 6 81 98 81 91 9 43 67 22 47 58 33 75 8 56 87 44 99 84 68 100 73 58 54 76 11 21 99 72 75 69 63 69 85 43 81 20 20 73 55 54 76 94 68 37 20 67 2 60 13 22 28 99 87 10 43 10,RWifZwp4zoPBjyF6MXv/A2ZC5pikeUU/f1b0TvD4a5ogyIq6CytM0JGYF7zVRGuf74bdYbwtJmpXzkl3QZNbmJe8fCNaLtkzHEpe02IoMBjYTLrs4zl3z4cSNFn0Dg8sb+89k4CGomOYPJJTVWhGweamuHJazoAu8aTL3hlwv46M5EbX4Nqrqreds8dzky0/Mq0u1cByS2BFn6Hma8n0Mhv+Lxfa2SkOg9MYaoe7wm5SsOWVHX/UM3im+8nwEmpogByEqwtcRWu74q5a3hAEhrSXa8sPgouKt4mZQj2KyxGE0muP8RQosbAQ+Lv5muZyiNOa5+ZfCCa96V0OxrT3Ma3hzFUCFj06gfvv6flJOS1wGBA/Kjj/dLkhLJzdW9bn7wK+NS9hlJyYV7Mowfch413vZHsMXrIsFPJK5byBn3K/xW7VRBV8MM2DzPDlyfwCeYK7vtGHqnXEPOCKQ9tHfoZ9EMmyM8nonrkE4/GYIm99OxXvZqck5He4lhIgUQ4YqwQ2wOB7+GGQfehxEX5JH5piZZMRIruHPtYJhl9SE0SM6sG689wI4glRrSBg1tn4kJyH+I9c75AUDx10gT3dCYqIaTro+aIqzVGrPe21WYHSrea8Legw7u0Nm+S2pqaW5cSiJW3wHNDo1S5tLKkBz5HSAv7ednBLp9X5qTz5nD8=,ChvLDArmGCiBGkGholbp/1Z493To4eMsEKgWbg2HXRxjugpYeT96/AncLgoy0dpZGIuV7Y69bBvYeM7HvWLU5Q==
431,2026-10-05,17:35:00,15,2026-10-05 15:35:00Z,57 35 2 84 36 98 69 60 89 55 69 47 92 90 10 11 2 41 18 59 86 93 79 87 82 69 28 86 41 99 63 75 71 30 36 35 81 34 73 41 5 12 48 44 12 41 57 22 27 26 47 67 9 98 70 5 43 94 84 5 57 27 14 38 2 51 29 87 90 44 49 28 82 9 53 24 39 74 92 32 57 73 90 66 100 68 49 18 12 43 81 79 2 75 28 63 86 51 53 16 23 88 92 10 64 39 2 80 56 96 72 67 26 12 63 33 49 62 65 73 71 59 64 83 67 73 13 66 12 48 16 33 97 2 19 61 64 60 42 18 91 69 48 89 34 1 53 75 48 35 63 84 77 1 82 72 18 30 17 85 54 21 38 52 67 99 21 68 48 97 12 99 40 15 30 57 42 72 80 22 32 30 9 48 87 80 36 52 44 22 85 18 77 56 95 44 69 9 39 48 64 15 23 63 23 68 21 2 74 80 57 47 15 11 16 44 43 6 66 23 17 58 76 62 2 90 40 27 14 61 45 32 97 96 57 25 49 23 92 84 94 92 69 94 14 46 14 1 77 76 94 27 37 75 74 13 18 44 26 23 4 14 1 87 13 37 77 86 12 57 84 63 33 89 98 64 51 77 71 94 100 68 29 58 32 44 24 62 40 62 93 89 17 60 90 5 64 28 65 45 15 10 42 39 75 83 75 21 71 18 12 10 49 67 69 78 48 85 60 77 42 69 60 9 47 64 69 21 82 68 57 71 61 50 32 8 3 96 52 36 62 94 44 16 33 18 78 65 63 70 14 76 83 48 64 65 39 97 80 54 73 56 44 30 42 42 15 23 22 28 89 60 85 50 92 77 82 65 39 11 75 43 38 78 27 94 62 60 39 83 75 21 39 54 100 47 53 20 29 98 90 28 97 12 90 29 86 13 81 23 58 16 35 2 13 72 6 39 36 43 69 4 43 43 5 59 77 11 60 65 83 36 19 93 40 17 39 97 67 10 54 8 53 92 50 24 86 21 21 16 23 38 61 5 54 19 80 63 88 7 39 72 8 35 57 62 65 46 64 58 39 4 55 61 90 18 47 75 42 45 40 52 44 71 15 93 23 86 35 1 66 7 13 28 65 10 80 66 49 16 67 4 32 51 96 48 50 55 33 40 39 72 91 80 3 96 45 38 4 84 8 67 45 6 57 92 93 95 22 74 99 86 77 45 67 63 36 78 27 92 48 10 34 70 76 92 88 1 30 85 61 51 27 53 41 69 14 58 93 36 3 53 40 56 25 31 16 34 8 31 71 47 53 67 45 66 57 10 57 77 35 38 56 28 88 42 61 52 72 51 92 6 32 46 72 99 89 93 29 8 14 36 87 17 44 100 69 99 79 45 37 44 100 36 54 45 78 81 61 27 50 33 35 5 50 2 100 83 57 12 47 89 8 94 46 2 3 35 4 55 24 14 53 28 64 45 56 25 25 94 42 15 69 37 2 10 9 48 97 71 42 3 23 86 70 77 15 93 61 83 53 61 93 75 99 33 8 43 56 3 50 96 40 35 15 71 43 89 44 75 89 25 12 85 63 43 42 76 11 24 8 13 42 16 49 14 51 38 22 38 80 4 89 98 56 57 71 3 89 5 63 95 25 39 30 83 36 15 24 32 13 2 99 67 38 8 59 76 79 27 65 14 15 98 60 19 32 60 11 83 7 84 88 88 9 14 86 59 64 77 95 1 54 98 9 81 77 59 63 49 84 22 76 9 64 54 88 5 70 80 2 35 19 5 50 75 8 13 25 20 3 52 35 38 4 97 93 53 45 20 71 97 31 36 34 9 3 67 61 71 16 26 51 10 38 47 75 7 7 70 68 21 54 13 96 36 44 81 32 21 12 78 3 58 6 72 59 20 46 36 86 83 49 53 78 19 73 41 37 16 41 44 100 71 82 17 14 33 89 65 15 80 26 50 21 44 14 64 49 1 98 6 19 13 29 90 60 68 52 86 7 70 45 9 92 100 44 40 83 89 55 92 97 68 88 39 47 20 13 47 87 83 9 67 3 11 69 49 47 66 58 79 97 39 49 85 31 20 57 60 8 62 6 43 74 42 100 100 24 95 69 22 82 92 46 99 90 48 43 62 72 42 73 4 30 48 10 3 85 7 21 34 89 88 29 60 31 5 30 83 44 33 4 35 83 67 13 12 67 75 69 70 98 30 62 59 74 67 53 91 99 74 17 50 52 37 41 74 85 95 20 92 82 61 17 94 22 8 28 79,i1askGV4ZjTJJx+/HzzeLLvxFTxdfz81FmGjZpU34eDYl65yzbL747+KJfiv06xvFXNr8TDpLy1FRuOZqURiaBeM26yW0A6CjbKmTSk7syA7LWJsnbnLnWl5QpHXxYrwPlE65PhA82ihcz6dA3EcNIrQhthywrAKFffDGnmw9+stuToL+YiRIpNrfYOYFiNQ3+5RGSgwDaBR71ZXypFAkFaBsuE+MalHSbpQT1rTzq0pHnJp7tMUj15QCOGdgs6SrJjSvQQqC6hgx0skKCcdgNvO/w+JSWThatxnBnESESA4VdJsF7wSh9ogq+6RjozOO5kaTmUucAAOnw6++l9i8cdEkHEMqybDBvW/uGpWwW4aPBIvjVPo4m4n8Z8vgkob5bKcqJNIkKxayFzTCu0urjWly/8VwLxnVWD3AjXdzlJZj1XPOg2R5mnEJB3z1QiWrIIVUo3qCO2OE9ghCrWag2H83t/5LeaEWp6RundqfPHR/w7BIe+QI3puZBdWow/v1QWHPyc393mZEKgL6Nfo6q6oqek5kCNMJhL8RX+sdGBv93/7C0/heZ5ZA6yID2MkjBCZ7HVcXSKFq8DK/SdrLZ+mFbmqivAV3p94FQmmezepEypvvYR+RXpUOTUNlZt5SlrTLNujCfs7NA8bvtnAlJOFBYvt1TdQya0WvSYGGgk=,ChvLDArmGCiBGkGholbp/1Z493To4eMsEKgWbg2HXRxjugpYeT96/AncLgoy0dpZGIuV7Y69bBvYeM7HvWLU5Q==
432,2026-10-05,17:40:00,16,2026-10-05 15:40:00Z,37 13 33 47 38 89 67 12 5 14 93 92 7 17 29 66 98 27 28 17 91 82 16 79 53 10 25 74 24 29 77 94 23 58 39 18 68 7 10 24 36 27 42 3 6 1 78 71 57 97 100 94 10 50 8 93 75 57 20 76 62 11 50 60 3 19 64 63 50 23 93 64 14 38 21 12 78 12 25 62 29 11 6 27 36 3 64 13 80 35 13 90 53 7 37 86 5 92 3 20 38 48 44 90 89 86 48 31 23 62 90 37 6 40 4 11 65 39 19 55 13 28 6 58 18 56 36 94 38 88 25 12 10 65 42 5 86 15 5 22 68 98 23 10 27 48 34 100 15 16 43 29 16 5 19 43 71 4 52 78 99 38 26 30 78 87 73 7 90 84 79 34 70 93 99 3 10 39 29 93 69 3 21 59 45 80 49 40 36 44 86 83 13 46 70 6 7 82 10 27 8 82 100 20 98 78 25 95 85 25 85 56 48 29 16 47 24 94 90 71 76 42 32 91 55 65 51 13 44 90 43 29 80 19 73 53 54 56 74 3 58 43 73 67 80 74 3 96 95 30 38 52 25 56 44 95 100 25 45 14 24 12 40 5 80 4 40 80 19 26 2 6 43 5 26 80 26 80 34 8 83 94 46 3 13 58 87 50 9 27 14 60 51 65 82 62 12 42 6 96 72 46 52 75 62 60 53 33 32 93 44 8 19 76 28 41 34 97 95 53 97 81 88 70 57 95 54 47 49 87 45 31 63 9 79 49 14 32 30 33 83 31 56 90 77 71 27 89 21 86 15 32 46 68 93 31 44 32 57 96 97 97 9 92 33 88 82 5 42 63 25 72 14 97 12 91 40 16 11 62 90 14 18 92 31 60 67 26 22 13 89 84 75 31 26 54 18 81 75 12 28 58 100 83 85 85 11 2 98 3 17 47 12 4 74 77 42 43 70 1 73 50 86 13 57 77 63 39 13 77 94 65 79 93 92 26 53 79 33 9 33 70 97 50 39 66 24 43 5 67 19 2 90 49 96 11 69 93 55 84 56 46 49 53 48 66 56 66 50 38 89 38 12 70 57 94 90 52 93 93 49 100 3 11 47 89 63 96 100 88 48 71 73 73 23 9 93 97 29 34 9 34 34 48 50 62 48 71 55 55 60 20 54 26 67 81 75 67 44 54 72 45 7 16 5 84 60 51 68 9 53 33 4 2 26 60 99 64 29 29 31 10 21 52 23 48 72 29 88 2 48 1 21 19 61 48 85 70 97 26 92 5 7 38 78 41 17 50 15 19 98 17 28 68 78 94 27 88 23 49 87 86 55 2 88 29 12 76 27 31 48 51 58 56 5 81 60 89 49 76 21 22 87 32 58 1 36 90 88 76 80 3 61 47 71 84 49 46 55 77 93 14 19 4 12 100 98 23 52 5 29 46 7 48 65 99 41 85 89 21 97 96 51 45 66 55 71 30 95 11 24 69 65 68 89 57 34 29 82 27 6 57 72 71 92 50 100 68 84 95 83 9 65 14 83 49 27 82 24 55 85 11 16 80 99 99 64 26 39 78 17 18 84 14 37 67 49 28 90 84 18 32 22 15 14 100 25 68 69 80 92 2 72 56 66 100 48 31 7 96 43 44 51 35 74 76 71 3 13 46 40 8 27 15 6 63 66 75 2 45 76 39 79 85 57 100 63 65 1 51 20 17 83 63 4 67 60 40 61 31 28 72 29 92 18 37 29 73 98 75 24 68 30 43 42 76 76 80 5 32 47 67 2 45 64 34 58 16 37 98 42 85 73 82 69 36 1 50 57 90 24 54 12 66 15 87 7 67 20 75 79 61 18 16 77 34 31 69 40 1 6 28 87 26 42 34 36 19 81 88 79 96 30 45 1 23 55 75 15 87 91 65 6 14 53 67 95 42 7 37 33 46 54 80 91 18 21 43 94 58 65 56 48 26 50 47 15 3 99 65 89 17 23 62 69 63 82 51 66 50 100 1 23 89 35 10 20 88 11 47 3 22 6 7 15 99 25 48 94 68 60 47 20 8 80 90 69 84 57 38 76 55 73 87 98 15 24 64 15 11 61 37 69 14 98 16 64 97 32 27 30 6 34 22 87 67 91 72 12 27 7 9 38 82 30 58 65 76 62 89 54 37 93 41 56 92 77 41 26 99 83 44 79 3 16 21 93 84 55 69 33 12 31 39 2 46 3 81 42 1 82 10 77 40 24 80 82 37 54 60 99 10 22 26 72 8 59 31 49 17,0LgZTSrt8uWrJjLw3ZrJpgFU4dSEJRnu5hu5+4chMDNaK7n3sE1PX+U9TzrX/tJ0wmVxIYY6+3ICY0TjgOZWqgi9zumMDTtE6kX05i2P/FJufqOjVSQdQENfARwXWBgqbj2nmYoQbFbS7sAfasNQw69chmsABIq+oWNXjvJ80j8Uxk3YZE/MQt38JRKng8ubPF/WjPHSf2iVeevf5hWdPPuLn4zMO7BWdZJzpiQZCmWzhsOEDpxfex8m3NWi6iNVw5109PDDH+82oxQ9L8rkwLlXJn0mi5jqXnyBHaFUrk70WEac01OC/bUtax8vK72Ea/ccXuH2RyJejqvd8xK2lQ3ZwIidwQ7vlTBa2QkY5rGz2NjY8orqYWWns+XGbba2uKVEmr5ZapUzJIB3r1FEdLwRewXgEwwugp9tOiEWTTxVgnBkEQkg7vclCgjpNJXIz6n+jAzkNLQcd6pdTq5+7rNychUDClJcHNsL1IrDIPjIIoD9oWD7zIV44ziHwCqVl+B4K2kEqNHsfsXSZJJK7O/ydHLoUZ0vYee3Z5qUKEdzQPHykJRlj7IwdINyhY7UnV4UdkgqC4N8uhqZNSQeVS9uZALHG3uldXsOPJSIqMfoQm4DipcCYE9hFEbooXRXGiILvYJLGFYWrdaujimx7g+u6sxHbYjNsizWugrGUwI=,ChvLDArmGCiBGkGholbp/1Z493To4eMsEKgWbg2HXRxjugpYeT96/AncLgoy0dpZGIuV7Y69bBvYeM7HvWLU5Q==
433,2026-10-05,17:45:00,17,2026-10-05 15:45:00Z,81 73 19 78 2 5 48 63 21 19 38 59 82 13 71 77 79 14 30 95 21 86 9 57 68 56 13 2 99 95 85 78 78 7 75 84 64 99 31 11 65 52 45 73 87 67 78 94 18 57 98 5 8 20 9 57 2 36 86 97 67 45 65 91 79 54 87 23 25 38 76 2 69 58 17 69 56 55 35 81 76 97 15 39 82 49 47 55 61 75 71 74 71 16 62 88 76 43 89 92 73 93 90 49 7 13 65 68 5 14 21 83 10 53 16 54 26 52 94 33 50 68 78 71 38 43 35 76 14 59 70 93 59 34 37 8 15 35 35 47 6 10 20 48 38 100 10 48 46 81 68 40 67 20 46 35 1 52 1 95 51 72 10 28 45 89 13 81 77 16 8 75 30 84 84 59 16 71 49 96 35 5 68 44 5 14 8 73 51 98 14 69 52 77 50 60 92 9 26 73 46 47 61 41 93 42 61 61 56 30 33 74 72 14 40 73 70 70 11 68 71 57 89 51 58 1 7 90 32 86 78 24 32 45 58 43 2 52 59 38 53 98 82 36 7 55 34 38 16 38 72 33 16 98 49 16 1 56 42 48 80 81 10 10 31 98 85 90 62 82 46 81 88 16 32 23 4 12 62 78 8 91 84 82 79 47 5 11 99 84 19 5 78 54 56 89 2 76 45 14 39 40 60 26 51 95 98 43 66 9 67 7 22 87 84 48 35 39 44 72 61 100 3 94 1 40 41 29 49 47 67 43 4 76 23 53 16 8 41 21 45 35 13 43 53 40 39 14 82 86 90 15 70 80 95 86 69 41 70 89 37 81 75 22 41 32 86 6 73 67 97 35 29 52 25 78 70 26 24 76 98 46 16 31 67 41 60 39 62 84 22 2 37 74 7 1 76 3 55 47 16 72 86 99 46 92 20 21 85 21 30 33 50 75 19 14 49 90 74 30 6 43 69 33 52 93 76 86 8 8 13 30 15 77 23 83 27 1 57 33 58 22 1 31 46 52 60 30 63 4 51 78 12 48 19 94 52 85 35 92 84 34 30 88 13 9 92 67 95 72 75 25 58 27 79 32 66 3 72 77 92 89 30 31 33 48 66 91 23 19 51 12 14 94 28 51 60 79 48 84 68 58 43 47 59 17 86 61 81 86 37 25 92 57 18 73 48 55 5 9 60 32 38 68 19 35 48 28 57 39 31 61 98 68 51 63 58 1 2 30 26 64 12 31 48 91 55 33 94 12 39 31 37 96 17 31 80 17 60 43 94 70 24 32 32 79 39 53 83 4 61 81 59 57 7 31 8 92 96 56 8 49 37 26 26 68 52 9 56 97 17 42 61 89 66 35 16 87 18 60 13 16 82 60 60 80 27 37 85 60 2 88 35 84 12 99 91 1 6 15 62 84 88 71 26 36 23 86 51 13 4 83 61 100 21 79 1 16 19 38 64 37 53 98 68 70 14 59 85 97 53 67 22 52 67 64 57 75 94 34 88 27 62 95 9 19 54 9 94 74 77 45 100 12 66 34 46 56 48 55 68 98 33 18 3 49 58 10 21 58 48 32 82 28 74 44 97 11 24 38 83 96 38 29 18 85 86 57 8 13 55 93 94 85 76 37 47 52 64 34 72 79 21 15 1 63 5 67 58 15 53 45 68 47 42 63 4 94 48 44 83 55 100 94 60 30 29 71 95 4 17 75 97 82 66 48 95 4 95 29 14 50 1 71 78 87 18 32 31 77 48 37 74 61 1 86 32 4 94 26 10 39 14 18 98 49 62 14 52 83 77 99 68 82 66 26 75 75 5 90 76 23 80 37 11 17 36 78 79 49 85 23 8 56 55 10 99 10 78 74 40 89 11 37 19 74 4 95 76 48 11 54 71 68 75 83 10 83 80 63 57 63 17 71 11 68 60 1 19 27 33 24 19 20 81 44 47 82 32 23 31 29 53 19 13 98 43 45 11 27 12 74 94 86 20 8 2 35 81 22 98 94 54 82 13 26 89 4 12 42 51 26 60 92 35 17 22 30 3 11 13 83 20 35 65 5 57 62 63 39 29 14 63 14 74 39 24 96 38 51 58 15 50 81 57 52 3 69 46 52 33 87 20 45 42 92 65 50 52 21 44 94 36 53 27 77 4 70 54 68 10 27 70 67 55 34 31 51 48 87 29 70 27 63 66 47 31 58 66 38 8 30 69 93 90 96 92 82 58 11 36 21 12 2 72 73 24 70 75 7 74 79 75 34 54 42 85 32 4 95,qlqYWgdU7K1/HFTc1vMf6imh2F+aJHZlyPVCOejlRM9wZ9AjA9om4fbzi540C8WmJvtURj+F1CzBnwoeLWUpRPFm9SuK5RdmQVnK6UCfC6ncMaTVeVcPc4Z/tipkTQ1k+zCKp1hzZg4mp0wKsskjM0QRkioFT94rFALeFiyj1VoirkIdrKuZsNlGQKKKoEh8SiuMUNiv9fb45I1rbxCl5KY7CJsGota6IvwnrSVEMiJYiW19EV/5JTzY7PA/m5UdBkKy7poFHXkqTYVbjp7TXMwlj/k3/VuMu1YBQ+a5uPaTdn3ToUAXPNjY4Ed5MNqW8mcLhByAI4sDOlo/hAb17fJLShf9IfvlvCXliaouIxI7D8VrpHqhiR9FZ5nva42Lc+bxyWYm4ZxrGoc4EnfHq7CxC2MljW6pNMIcjHw8N51GmyiQhpWM0Hbjop/wdMdrHgLlzmn8Zs7eDAtneBQCtytVDY6tIPee3smI5cZpZPTq0JPxhcGMHjvxyewi5t5pcUWrrrJUnz8ef6bWfmABX2mV4CJ8sY18qqvGNz0Eiq2/ONEEuJLkT2MSkOfcXT3aiBi04mEOW2yXrRWbb4IymNmf4oB+PgkHAiUryqiskf4JLvm06DVdK4gFsZGofW+4Srx0b24GbqRD9TPe0k+cie5sHgt8u9L99d+MzqA0m0w=,ChvLDArmGCiBGkGholbp/1Z493To4eMsEKgWbg2HXRxjugpYeT96/AncLgoy0dpZGIuV7Y69bBvYeM7HvWLU5Q==
434,2026-10-05,17:50:00,18,2026-10-05 15:50:00Z,26 71 68 30 47 22 2 88 70 44 69 92 20 14 68 36 65 73 79 69 28 37 70 12 73 88 87 80 68 67 63 92 64 41 85 96 41 7 89 45 60 48 20 5 36 33 79 61 39 66 91 87 57 99 92 30 79 24 37 11 28 48 11 77 91 36 77 61 27 91 50 75 50 20 32 65 27 49 85 67 96 88 57 5 87 89 11 62 56 11 81 2 99 42 26 41 66 53 91 14 45 40 52 14 10 20 67 96 53 32 87 65 17 22 86 99 61 34 25 65 13 19 25 64 28 89 83 50 18 1 51 79 33 35 5 21 38 93 78 73 29 1 59 45 33 1 27 25 100 20 88 9 30 49 37 67 83 84 50 70 52 63 27 60 47 76 19 43 47 93 16 47 58 34 41 12 98 47 21 56 68 74 65 8 47 39 21 96 36 1 72 69 23 58 2 76 79 82 40 40 18 14 56 69 44 71 77 51 63 74 27 82 77 6 55 21 25 18 35 15 23 35 20 1 97 7 63 61 48 26 2 10 27 99 31 92 98 26 19 72 13 42 27 32 31 22 34 1 67 73 40 74 79 68 59 60 44 52 49 93 73 68 4 54 72 18 89 19 80 25 56 23 41 61 35 37 43 88 58 95 8 84 76 53 64 78 95 76 47 86 89 4 43 81 42 31 52 31 92 1 73 63 39 16 94 94 46 41 84 99 24 47 78 50 38 23 79 22 30 57 89 6 86 79 44 27 46 92 68 98 78 32 65 99 1 11 81 99 89 36 4 9 25 31 1 18 61 23 20 44 16 37 99 88 14 11 42 52 88 10 94 10 49 71 52 19 80 67 66 26 54 88 61 85 75 85 21 81 74 40 30 12 93 45 68 71 95 81 44 55 57 85 34 58 57 79 40 34 61 34 79 24 51 43 1 13 52 64 58 50 74 39 19 97 67 42 15 71 63 13 32 31 11 36 25 58 11 75 68 69 29 93 59 56 97 59 8 26 32 68 52 32 50 6 91 7 38 44 32 97 26 50 78 5 6 75 96 88 22 33 13 83 60 21 89 42 84 49 35 36 5 85 43 73 10 1 39 2 15 77 35 97 3 23 3 38 7 96 76 6 8 36 41 2 84 35 1 65 44 37 98 78 18 84 39 96 56 68 60 15 25 89 54 76 14 18 40 31 57 80 91 5 96 29 25 83 84 34 30 35 78 11 22 30 60 94 62 34 37 67 17 15 100 97 18 81 14 3 61 92 85 32 70 93 50 2 55 60 5 95 10 49 39 62 23 28 64 41 96 4 25 54 26 28 14 35 60 52 18 74 85 24 38 98 54 31 85 77 28 26 73 66 39 37 10 63 23 80 85 14 18 38 62 47 15 40 49 2 84 20 81 3 30 78 38 68 28 75 58 85 38 95 24 51 6 24 91 82 65 83 79 72 86 54 46 95 86 7 95 66 49 93 4 51 82 78 46 18 76 6 39 66 5 64 72 12 51 32 50 80 85 97 94 69 40 43 12 71 2 17 100 78 85 89 90 18 39 27 23 24 1 84 42 75 61 1 12 61 24 84 80 30 73 25 72 3 90 50 32 7 20 29 100 71 44 10 35 63 91 33 50 29 6 5 33 1 100 54 52 90 43 24 37 43 80 69 76 11 16 63 49 65 27 48 1 17 18 12 83 69 93 18 8 52 14 31 91 84 46 44 14 70 78 56 74 60 77 28 5 97 83 68 13 92 55 14 39 63 18 90 31 93 63 9 77 23 22 95 63 47 64 32 85 14 22 85 39 64 60 74 87 66 94 1 84 28 78 68 68 99 32 63 9 79 52 19 60 36 71 78 90 15 19 21 38 89 7 21 84 78 50 75 54 86 26 92 28 96 99 1 9 72 11 28 99 91 26 85 54 66 82 45 77 67 90 17 93 45 42 82 13 4 8 16 36 17 76 10 36 49 6 100 72 3 80 68 28 53 90 57 4 18 50 39 97 61 26 28 1 30 12 45 100 14 72 33 17 73 1 3 27 28 99 45 28 30 32 18 88 58 48 65 54 94 27 71 52 58 34 53 55 50 79 22 88 47 49 25 100 15 61 26 33 5 63 26 22 35 35 63 67 97 53 43 57 55 92 85 47 8 58 15 7 37 60 33 75 46 86 39 54 5 87 26 84 85 73 12 45 11 65 52 4 34 35 90 43 6 50 24 12 38 90 24 15 69 41 84 64 46 11 93 17 67 25 12 44 7 17 79 80 44 3 24 64 29 21 100 91 94,ooOrgX569xkl5n+SnEQqg7Of8fOqD1Dk/5ejs+fQwBtI/CXUkcI0Cqdx6pC1gWRJD4Ml/Ybhc/8xH3KZSREQ5sg/Cf5p1uuVf40R+aMAJ8L6RP8TcHs8E3+dx/zx706eZ7hNV101HcqTq7Sq+QBL9bl8PoiSY1IBsTGBmmjo2Ea2ZPQBxHwyiVZy6I5LktZ6MEOxsUVCCnfCqxwyt2HUaObn/Ks7kUL67dmK2w7CZ+goGKcHsg6pFdQilHHf92/FUv6obvH2OLo7bwYz8P4/+lhYg2h5F/139iNfEzbZJ0CmT5QR70hFtZ7a1Vw/ZFduJxloYpUqFy3ykeU803pW2JuSEWCQFz3Ma317SG3X4JikHmHMUaSjeW4YleEl8pYTdfpSmGToztWNJrPYVvMZTzXR5GnwbaHbOZdsl4qq5hCZiaZ6nUMehYN+fd63D90CiY0K2QFcXB24ldAHWVKI/ph3ULNV6an5tbwstLc+G7lVMN4oMZyR2LRbNcfWYAKH4Fqvdx5ijw0MipT1qOhoK46BUlM3vdL3lO6RZrhVxzrZs2DkSaPbxD/b6UXc1bu9rbDGRccTaMi9igrESIMXT5FJg88z6DXLr6PEm0HGwf9OMSj4bf+I2wszBtJNGfwvFLsQo7VNCDwq3s1tYvF5o9gBYnJ3IMrKnx2iBFRZcQE=,ChvLDArmGCiBGkGholbp/1Z493To4eMsEKgWbg2HXRxjugpYeT96/AncLgoy0dpZGIuV7Y69bBvYeM7HvWLU5Q==
435,2026-10-05,17:55:00,19,2026-10-05 15:55:00Z,58 52 7 73 2 15 28 44 97 53 22 67 42 45 66 53 72 55 97 62 49 18 43 33 78 26 69 73 100 34 8 43 62 79 48 11 35 70 69 12 77 6 57 16 43 78 77 98 50 4 45 25 11 53 29 16 88 56 3 25 4 20 18 43 15 6 24 13 67 35 34 6 22 52 92 94 12 17 41 35 79 17 98 22 58 47 10 20 74 22 34 4 40 62 12 43 26 93 70 61 88 20 99 11 15 24 66 20 99 92 66 20 47 32 44 21 7 8 17 38 84 59 10 12 99 64 45 43 81 7 60 26 40 39 22 1 38 25 80 48 86 5 97 33 44 50 60 96 64 81 37 65 61 54 93 15 12 43 48 66 90 24 38 65 4 83 21 52 23 40 33 35 93 1 23 56 23 86 70 52 3 2 58 30 73 41 63 36 31 57 71 90 1 65 87 84 8 84 88 49 20 74 3 28 1 14 85 51 83 53 41 27 60 65 93 25 3 90 28 69 9 75 42 13 46 36 83 21 46 2 100 78 88 42 39 97 94 60 89 87 86 22 23 6 99 46 44 84 83 48 97 27 87 10 7 74 93 16 10 95 10 18 17 84 76 24 12 84 50 20 31 72 84 63 99 37 58 85 2 75 9 70 26 51 10 28 21 46 19 13 12 85 22 78 2 37 60 35 58 9 69 26 33 80 20 61 68 100 69 12 63 61 75 58 99 78 47 25 76 100 33 53 12 63 59 20 63 71 48 32 97 58 1 79 72 94 94 67 30 90 82 71 26 24 30 84 68 71 59 1 99 58 29 17 58 33 41 23 17 84 96 52 38 36 10 24 91 80 97 2 41 50 39 74 89 86 5 93 75 23 85 40 55 22 77 51 96 62 29 20 74 50 41 55 11 24 50 18 2 6 86 65 40 77 14 25 71 88 43 90 37 13 18 49 57 58 12 57 85 19 35 53 58 24 39 96 19 71 55 94 39 98 3 93 64 64 80 60 23 72 86 39 49 67 97 99 41 62 75 62 28 68 95 80 38 52 4 49 20 87 78 3 18 78 23 48 25 44 8 40 32 16 50 41 65 42 55 78 15 48 98 65 70 26 61 7 59 22 63 70 56 72 87 10 85 38 42 68 43 69 51 70 50 5 46 16 23 33 84 62 50 8 20 50 69 41 45 38 1 37 38 12 12 26 46 63 83 45 17 19 88 55 92 83 79 5 60 68 64 29 50 43 12 16 96 84 94 73 22 49 85 18 36 18 43 48 59 92 7 49 20 24 55 14 39 26 63 32 66 2 6 5 87 20 98 44 40 93 4 74 19 28 74 91 97 97 63 28 95 14 54 15 100 74 87 79 47 2 95 97 28 60 73 22 45 40 44 62 98 15 60 55 19 50 7 14 88 93 9 21 76 38 71 31 46 78 73 26 47 90 34 27 7 86 85 56 9 88 17 16 30 20 29 42 40 22 2 81 77 41 30 5 4 47 2 87 50 11 24 16 96 61 68 49 28 64 36 43 33 9 4 82 15 46 52 71 49 92 47 17 27 43 5 99 59 77 55 18 21 36 47 6 32 96 40 52 57 21 71 86 94 93 94 45 22 71 1 92 50 42 11 81 25 8 10 58 42 65 11 6 16 87 18 100 37 42 14 60 54 27 34 39 90 99 80 46 22 69 41 37 46 68 34 63 51 97 87 22 53 20 68 77 95 99 93 78 90 42 67 21 31 94 46 58 65 59 3 56 67 65 95 23 56 73 96 22 88 91 2 42 57 57 67 7 2 60 60 30 51 24 74 21 68 38 59 28 8 40 38 61 64 2 67 98 31 81 51 87 14 67 84 95 21 21 33 22 87 43 54 54 3 55 71 47 65 63 88 9 86 4 13 93 64 28 27 54 21 22 31 19 22 59 38 68 96 4 40 34 43 59 4 92 25 34 14 74 22 16 60 86 40 27 23 44 40 76 28 37 62 32 56 88 69 84 21 96 7 86 81 97 7 52 52 27 84 82 30 22 16 58 58 11 48 93 25 56 72 55 35 80 5 33 10 97 23 8 95 64 73 39 66 26 24 36 73 50 34 71 37 84 41 23 65 6 99 83 15 3 67 50 52 58 5 69 31 22 20 67 93 75 82 22 92 5 26 22 38 95 62 87 1 29 14 1 79 86 14 14 41 53 53 6 78 4 73 81 2 31 16 45 77 63 83 64 51 60 98 47 69 94 76 65 31 31 6 59 71 41 33 76 59 54 89 95 71 30 69 66 38 37,rt1vH1y5wAlvYoRr8vFLSN/yQT+LNhrADdcFzc45GEo7PofdE21W1oACalE4ZlssMwAhc884fL98Ll871azIKHcW+LaF3wjsOZAv7eKxBecGPvLDHZVjtWEg/qhRHGC7yHNh5qwC2uYbLnarSx/54cJjKRLgzrxRzKE0BmXOk7z0R8Hg5/EYtHMrH3K/8nbL21cUIejAFfU/4qG2dRiCcKYvJBTg7RPsuAejgyDQp1e3ls3fIRARqPq81QQ7WHLZGHWGRZeMnOheh6FsypeeLwqgJjUpOFqaxsKSEkvA/dM3VBtMr8/SETwr2BrUKqFjU1Zr0qF+dYeFiFHVTRLGL9Vs58HEqxiRVHt5hlK40cuweD1/FHRi+7luUoYc5eiDAqeXjlz69ucVVA6Ftr3u5tMbfL/4gJTA+eLzBFkcYbM7af5eMjX9UmEYzDy4D5bLTzxxarxCdOikVvSOc7LUEhc+N/ihwm2eddx+hnZjfqJtH4RDYZrBwGJ4OvlyAwRIrDVfxHCasFmn+7AAmDzO4+cMVIwHHFHa3vlgnY9XFyP1+aZtiJVth4oe0ZoJJPQad5q2M7IOGycmiNz3zmAOgBsBBhr+3nEhD0Dv34ae0NMvoGjaPIfS00FLdg0+ITP43tjbp1G7u6eyW8DGVeVtajt1POFLOqTZkU4kEU2Z0Rk=,ChvLDArmGCiBGkGholbp/1Z493To4eMsEKgWbg2HXRxjugpYeT96/AncLgoy0dpZGIuV7Y69bBvYeM7HvWLU5Q==
436,2026-10-05,18:00:00,20,2026-10-05 16:00:00Z,63 25 55 40 78 39 65 20 1 9 88 95 50 76 72 43 23 20 6 27 21 70 21 97 80 15 13 25 22 95 49 6 14 84 1 97 75 73 83 14 4 28 95 90 92 29 44 81 97 67 99 21 79 74 2 96 54 63 96 34 59 8 64 63 42 31 55 78 45 56 26 3 99 5 53 33 34 81 24 15 37 14 55 24 41 33 97 5 41 35 95 22 99 65 80 9 73 68 10 21 46 34 19 5 49 81 33 93 37 8 17 91 48 31 12 63 1 67 24 1 29 51 19 57 48 87 95 68 77 100 45 13 28 67 94 95 35 88 82 29 1 2 65 17 67 80 67 19 29 44 100 98 36 46 40 11 100 76 21 52 93 44 72 28 15 84 6 87 64 40 39 95 100 13 58 62 8 63 1 83 48 27 36 9 65 51 13 64 24 23 26 87 37 45 34 75 83 60 95 79 54 36 53 54 75 83 30 45 83 94 60 99 41 67 58 38 56 92 59 86 41 50 2 31 53 93 1 95 49 36 95 64 23 88 17 84 64 60 99 66 40 8 69 41 82 23 93 52 91 68 94 28 89 24 50 41 18 19 61 46 98 39 16 72 63 30 36 79 87 33 10 16 88 78 49 16 97 100 95 6 69 35 58 95 48 17 62 42 75 84 27 19 39 29 78 27 19 47 53 82 91 23 44 17 63 55 86 76 96 20 92 93 36 8 87 14 77 20 6 15 31 49 90 40 42 54 88 28 57 18 74 13 86 32 3 71 50 58 53 98 97 23 34 58 38 83 18 100 15 85 96 92 46 94 60 74 55 68 50 29 52 78 21 79 17 57 71 96 45 100 21 88 16 52 85 17 82 58 49 23 72 1 85 31 84 51 47 1 90 4 27 12 47 47 37 69 65 86 4 9 7 22 13 18 86 53 42 20 90 17 70 9 98 1 75 2 7 34 76 89 84 30 58 22 61 88 60 47 16 70 43 47 3 12 7 38 61 63 69 64 71 78 22 20 17 2 10 31 31 26 98 96 49 17 61 30 39 37 99 3 82 14 13 63 95 34 40 93 23 10 79 27 11 61 22 38 4 35 58 97 53 66 76 28 8 99 100 88 25 7 3 78 90 47 27 54 38 45 52 35 36 63 63 50 40 80 34 97 35 3 81 85 80 63 2 49 52 7 62 3 8 34 24 96 69 81 34 60 34 10 87 16 52 13 32 100 84 28 1 83 53 79 44 25 75 66 55 24 53 39 55 57 13 34 77 10 34 92 36 74 75 29 75 64 34 87 39 9 36 97 21 28 53 39 31 34 79 35 33 77 76 69 86 40 68 66 55 80 77 26 56 16 39 20 69 53 68 13 82 6 87 6 57 61 13 22 30 61 18 10 47 40 22 97 87 42 18 71 83 89 29 78 31 73 42 8 63 84 54 82 28 8 34 82 60 60 44 44 77 81 66 1 78 28 4 89 28 2 62 47 65 12 11 72 12 4 16 18 94 58 76 58 24 13 66 81 28 58 13 80 61 28 7 61 54 5 19 22 65 47 17 8 89 34 1 97 52 18 29 50 68 94 86 5 56 63 95 53 80 80 55 3 18 17 37 8 88 71 86 26 32 25 1 69 95 59 50 76 70 87 29 80 24 82 100 91 81 89 24 19 46 24 6 91 92 70 96 6 47 17 59 30 84 29 83 73 18 35 90 19 49 47 72 21 86 30 55 39 28 1 19 33 96 74 1 50 65 83 93 15 81 6 11 4 27 38 29 84 55 24 25 41 35 35 1 71 5 41 35 27 32 15 86 78 72 49 99 29 75 28 33 79 48 13 50 66 91 67 82 18 33 33 37 83 84 43 67 66 45 88 57 62 15 93 57 50 63 35 53 85 43 77 61 71 7 84 4 6 76 21 48 66 29 23 57 67 56 1 30 46 7 39 6 44 49 37 27 7 57 82 67 54 25 2 23 24 33 16 31 94 64 59 49 19 6 77 61 85 2 71 91 86 75 8 24 6 28 58 97 4 77 9 10 51 59 39 26 23 78 92 37 73 33 32 21 2 1 13 18 96 14 97 94 47 4 43 84 24 49 77 53 21 80 85 84 93 79 69 79 67 5 69 29 34 5 13 94 31 25 47 36 61 12 53 47 28 70 14 41 94 72 10 79 45 40 86 61 4 44 21 81 28 74 66 45 65 11 71 87 91 98 13 21 30 15 75 58 37 39 9 8 16 9 95 8 38 29 95 58 69 50 77 80 49 59 85 63 28 97 89,zO8l0+UDDValhmdpdklo9MTHFrnQo7hG8KYh9d8cs/0YvNY5J9HfPJ2VFnS8nY4FD1Py45BezRueV5F/WRMcA3RpdDrSFEdBvp/VB+/bh0GSod7dNFv/UcrFnHHScci6R0x7OG/hw0i4TU7JnHkv94mINGcJ9xtBdogmFCVQ0swNcF3DGhw90P3P7sbbqI+P6WgWyEDiPFRuhkHr3/EEMTy0JDjssk/q95HXlGHHi/deDxYbjTiJJJfzUYmyoC2HAkWn8z1QP+wsYUEo24Z23yMo+TMIWqLzg+aPKGe9jO/0WyqReVKgfzm+GudJc1HWOB0PVvbrzFdgyJ7GvNgL6SerTfBEYBVHin6dn8FOmjXmR0d17Onp9OqtpC6LRllAWlnX0+hAuFSS2JFO5gT5+NSxtDSNe+SX501Y2wIvl8wXFDJGIR8ba9GrpEEAWHUrYDN1/gRqf9DK0gcePROD88klwjEbepKunuyyXmHveJSvnkOq+9GZC3K98ILRGoLTxhE9HLD85UCxJV/HcSf1wY3sQ4e+cm/sEhzwlMV3MgSbivt7I5P2I8tILOUfZISeI4J9lEGmuHhUEtaoIfBQyA6Wfnb0fqoBfQJqaJfSvqy9OY6Nx4ttJi3yOfKrFlureUrx98+5sZNwZTHkG++a4iHN3YYfN2b25lKfwVCATvA=,ChvLDArmGCiBGkGholbp/1Z493To4eMsEKgWbg2HXRxjugpYeT96/AncLgoy0dpZGIuV7Y69bBvYeM7HvWLU5Q==
437,2026-10-05,18:05:00,21,2026-10-05 16:05:00Z,56 52 81 70 9 98 1 36 43 4 90 77 7 74 23 60 66 28 83 64 86 53 86 54 13 89 77 55 25 71 8 40 13 79 87 59 39 75 83 14 59 66 38 31 10 93 70 92 45 85 24 36 38 44 82 31 56 96 8 38 86 23 46 75 87 9 81 84 12 11 12 59 16 64 42 8 12 67 28 42 2 3 81 80 69 62 18 8 31 99 46 71 31 86 31 96 49 65 50 96 8 80 35 17 46 41 75 8 55 6 93 26 38 77 20 20 58 76 14 23 94 31 41 8 26 52 55 44 56 38 18 80 70 66 4 47 52 74 89 33 47 18 68 71 70 99 91 30 59 17 81 49 35 20 13 3 30 15 34 76 79 12 42 88 76 32 73 19 87 11 99 53 100 92 67 91 40 32 32 22 2 15 25 25 82 72 62 35 6 71 93 69 98 73 35 77 51 86 53 95 7 9 45 56 61 81 73 59 69 38 99 51 84 70 50 54 79 93 57 18 72 75 55 82 90 52 32 13 53 92 22 59 64 94 70 68 97 77 46 79 63 95 79 77 61 12 68 59 62 75 44 67 25 80 89 11 80 82 71 71 95 13 91 71 81 91 2 25 39 52 38 17 15 99 99 76 81 87 92 38 40 81 2 61 30 63 85 69 98 43 28 60 50 98 24 76 34 2 7 75 80 28 74 76 3 84 54 59 90 33 89 86 59 3 95 7 16 65 63 71 26 43 1 39 42 50 15 3 99 69 90 99 99 36 77 18 58 48 15 53 17 83 17 48 8 3 44 96 19 29 72 95 5 83 45 26 46 88 39 100 11 22 81 89 67 47 58 15 42 84 17 85 60 58 30 57 26 95 74 75 91 66 50 21 10 55 46 47 68 6 97 100 27 52 44 55 59 45 73 66 100 86 30 36 76 61 41 59 1 3 77 71 50 95 72 50 28 31 59 20 19 60 91 31 83 25 68 98 63 37 70 42 43 33 30 6 56 49 89 61 65 54 66 27 35 100 28 41 41 66 89 91 32 93 73 46 37 97 33 19 9 96 41 20 97 98 79 25 10 61 92 59 49 29 47 72 71 90 57 57 18 67 75 94 80 98 91 14 15 55 55 88 8 9 62 11 51 80 27 57 19 28 92 48 61 75 36 75 27 23 42 96 19 71 12 62 55 46 7 32 7 13 27 18 1 46 64 79 1 58 70 64 21 90 37 36 21 10 62 3 70 76 81 95 63 75 5 54 12 77 69 26 22 12 77 96 3 76 30 24 90 6 26 92 58 71 54 27 9 100 75 40 3 16 7 14 24 97 28 3 100 62 25 8 25 60 13 64 90 42 94 33 9 91 35 58 34 15 8 50 66 15 39 52 91 50 34 21 8 28 13 76 88 89 94 70 21 75 13 25 63 14 63 66 21 1 49 97 79 93 28 97 20 56 18 76 70 87 39 87 23 75 14 89 44 80 89 22 73 43 68 92 92 2 88 63 56 93 14 55 39 58 53 6 76 79 21 29 92 3 2 97 24 28 5 55 17 6 9 23 46 39 5 9 62 65 35 70 54 8 86 17 55 73 86 28 75 86 98 3 75 99 51 37 45 50 39 22 12 62 23 31 79 22 92 6 84 54 32 75 72 50 99 79 12 32 82 87 36 46 31 21 20 8 9 58 54 74 49 20 80 51 44 61 46 97 57 48 18 92 39 20 24 38 5 50 26 95 13 3 52 75 63 6 58 73 31 96 67 6 5 15 37 14 93 40 4 60 52 54 100 93 48 50 91 29 79 76 100 78 4 62 25 78 47 3 55 66 15 53 68 83 42 100 28 1 28 75 50 17 97 4 51 68 2 21 66 85 68 82 59 95 28 69 87 58 45 70 56 93 91 81 25 100 13 11 69 41 25 94 68 6 10 78 96 23 84 60 55 98 90 41 1 89 41 61 2 53 51 26 29 12 22 19 30 100 42 27 92 52 51 31 87 1 6 74 26 86 44 79 23 62 23 81 27 93 80 92 91 88 44 57 17 95 9 59 8 72 2 47 92 28 100 20 13 36 12 16 94 69 2 66 97 59 45 47 76 53 76 89 84 26 82 4 25 80 44 18 27 31 92 26 43 4 36 48 60 81 69 70 87 69 82 23 83 98 88 65 43 65 47 97 96 6 84 32 47 79 49 46 100 73 40 66 66 56 85 77 52 95 19 54 16 69 54 93 35 8 14 12 30 57 21 29 17 90 30 53 89 6 90 99 82 62 57 83 46 28 6 62,cV0pBe+7ERSSPDgy1U9K0EtiMdXkX5H3QJipXolTvuCHUZ9jnqGT9fedvfEQsK9xaYZ3rB9ZS3udrKGKKvrqPjY1rvi0LnaUm0PW07pJ8JgZ3RkVYRGTgQLkJUVnd35Tcr36ANwz5YKzRM4U/a+JS6kLbWM0Tu10HC+3hguBc8vYJXyI7fG5oQmilR+vCqVlFTcbXcbNAZHkZZgkssVepve8A3vuXzTjrnqlm07pigSPkpAxqdW8a0oAQHJ6aNr+V9Nu0uF59XZUbzI/AdZnMwghaiks/8tKghvaIemgfPE25Uvk+qfBZ0g1TWECtVML3HHFKOGG/WFEp6Orz67yw+/HQdpv5h4eFtJbZV2c3M5gNH0iFOtwGDtjzPSx0Kp5rrs8ky7XDiTz8wzCdCry9zr6ymJEgon5rjgf4XGs3o0PuIF2iprLAuzymXOVt+SXUhtghHBRiUjJhB/dMhHwld+lk3/0EMRkEVcbzagtzaRJgX+lx/teNQsKOxv/UJrgNUdrVmLafF8+nh5GFuSwVKQUipVbDbNF4kwTvofRLJ0PpCXw3I63dDZRBlistsIYOsrFkn3EMs/uf0GpzSduW2Pkw1/u0jST5iufBizvN4mr2avMp+RPuR8XVl8Ikblvh1HUoft1Dt0SKRhCFTyy6fUhk08XaF8oZH6P6/UMGnU=,ChvLDArmGCiBGkGholbp/1Z493To4eMsEKgWbg2HXRxjugpYeT96/AncLgoy0dpZGIuV7Y69bBvYeM7HvWLU5Q==
438,2026-10-05,18:10:00,22,2026-10-05 16:10:00Z,5 64 52 49 9 90 16 9 98 5 86 59 68 31 18 11 85 43 70 44 87 11 96 14 54 72 49 44 79 29 25 68 26 93 87 96 63 50 94 50 80 3 10 4 22 84 29 38 74 93 99 26 68 17 3 36 40 41 94 38 77 52 9 97 74 51 8 15 68 74 77 89 17 62 11 8 6 61 93 45 84 99 83 78 31 75 76 28 87 96 67 40 73 67 12 51 71 12 6 59 17 83 43 89 12 49 58 11 43 69 83 19 78 8 46 61 7 28 89 30 70 96 52 38 68 21 51 84 91 57 78 35 72 73 74 53 61 11 85 14 64 72 81 3 3 49 97 4 3 66 95 8 26 74 99 56 99 41 76 49 97 48 79 13 44 40 22 74 85 87 76 81 35 85 16 59 54 73 30 28 89 29 55 88 3 28 37 76 24 36 2 62 49 45 87 88 41 67 9 62 51 31 61 38 7 78 53 65 48 38 97 72 76 4 35 76 48 6 54 90 75 59 9 23 22 96 41 81 28 8 84 44 82 50 33 17 42 20 100 87 81 19 74 3 38 30 82 47 70 90 41 89 16 29 67 65 18 24 3 75 75 72 96 27 96 31 58 60 61 2 8 91 19 54 37 8 71 74 56 59 49 77 90 43 25 56 4 3 53 45 4 64 12 58 53 93 12 8 71 92 44 44 53 46 86 33 81 71 47 60 31 70 80 27 77 78 55 8 49 83 63 93 98 51 52 11 80 60 32 97 95 96 66 29 25 40 56 58 32 33 68 23 44 35 59 15 89 89 74 75 98 10 92 30 49 100 12 69 26 63 76 3 68 69 26 63 84 96 21 100 17 73 59 57 42 61 49 97 20 48 55 63 46 98 59 66 57 5 63 18 25 95 34 66 5 86 48 14 53 90 100 75 18 25 72 5 85 100 87 76 50 95 45 83 7 14 13 98 31 56 42 16 47 18 83 83 100 72 16 5 95 56 81 5 84 20 21 85 43 43 47 30 5 94 96 36 53 98 49 30 31 55 52 19 25 2 28 9 21 97 42 36 96 81 75 66 85 46 79 34 55 86 79 91 94 83 68 30 34 60 90 44 12 57 7 64 93 90 57 56 50 78 37 57 50 28 50 57 92 43 69 84 74 70 21 74 64 98 54 59 67 19 28 9 40 38 98 44 93 85 50 55 29 52 15 51 42 49 5 50 64 19 57 5 38 68 69 31 2 62 5 42 90 9 39 48 21 2 78 40 4 75 45 89 56 98 69 70 49 57 89 31 37 73 65 20 91 92 97 59 19 79 83 15 63 79 56 91 73 34 73 31 71 14 22 13 27 61 36 3 91 80 75 17 22 14 32 36 22 36 67 55 79 47 63 13 98 40 7 43 47 80 8 61 39 81 59 25 88 41 90 77 91 32 97 4 94 9 76 39 7 53 26 43 21 27 99 38 30 74 51 13 93 59 33 38 38 41 3 32 47 54 15 14 48 83 25 86 86 40 65 36 11 38 73 61 47 26 18 96 24 96 92 41 5 54 82 16 28 29 38 47 12 79 55 94 51 57 61 61 77 25 22 2 71 33 61 57 24 100 87 61 79 32 54 44 70 33 40 60 41 59 63 79 54 86 79 17 81 12 9 2 87 48 89 7 88 54 21 40 21 98 78 53 25 77 94 57 88 41 13 60 4 79 95 91 79 80 13 64 13 42 29 4 88 6 98 64 93 14 25 35 3 55 79 89 85 65 38 18 3 85 37 100 27 98 84 4 75 74 56 5 21 23 56 74 51 39 83 31 91 95 36 10 26 9 58 34 62 17 99 52 98 72 81 95 16 29 94 84 63 19 23 75 80 73 24 15 43 36 97 3 84 1 50 3 72 19 25 15 18 44 99 14 92 13 19 16 62 60 78 73 23 70 50 55 96 50 5 78 65 50 2 87 29 66 50 46 6 2 78 70 51 12 53 77 22 46 83 54 17 18 68 34 2 62 24 84 84 32 5 55 48 12 46 79 13 54 54 43 12 40 19 25 85 72 20 1 9 71 42 28 87 60 39 27 49 90 26 45 60 35 62 59 48 39 7 86 7 86 78 84 99 5 30 55 52 89 40 64 94 13 9 3 48 6 19 60 3 97 48 28 75 3 21 96 36 90 72 68 3 68 78 26 89 51 65 28 85 45 4 8 21 42 8 11 79 76 6 39 77 52 97 12 80 92 92 13 75 64 46 44 33 69 38 72 75 96 86 31 39 4 39 30 58 1 67 49 76 90,v17caIg5BhfPEmD8z4+TgdB4u2ZhST1SXs9ct6ziJ7GSh52+ghrlxv+x8/Y0RBUurr7s+RwmC/LjDzrxrS1laqim6+AmeiwYDAjBgY7t606UHZzZ0sHSH21VBfVyagwAJFt7J2KXADVsefVNZJpYl1A/fVKYMbXE70GFJNbXEQPX8gAY4b8K24k3I4wSfz0AUAQE1D4pa2r8i70vcmtY5c0yy7mcxtQYEGO6TZdZKWtPHuJK9JyGav2HU0Lto9xQKAmZEYKs6OBbn91vS0em3PY7ObPTMi9WtMJ8zhgcMn/eL4XA6Bv5bH581/IhzzFYswkcrVhaydknUl8nCKbvcIk3L7fGDH1tNe6Mypf+pCSKAaZugAHG/RoNoG1pHxHKzwKeK+IVWUtWp6eAK8GM/7fEPWQdq24lPeZQIud5WqAVko346dcMfvupxsHe93SmBY9/W7Ky7prXVWbo7UEglNZTN2ccG/oBFzBrlsaCVVBNrHPoEjP+oSnTMS7UbOaL9q4b6YY8u91GVqpE61HRlPTF9yNrRGruBkVLQZ8rMUKy5wil0V7SjZFDvNjKP67Evxfx1kAtDIPIbbT2op5YSlj3owkXB1XaEtvOIjFxHTOWgytPXb9Z6btoMVdeqVPLMNK5XJsMP14Xe1zr4zQsPcSLcAC6dcGaBDVrfTu2rII=,ChvLDArmGCiBGkGholbp/1Z493To4eMsEKgWbg2HXRxjugpYeT96/AncLgoy0dpZGIuV7Y69bBvYeM7HvWLU5Q==
439,2026-10-05,18:15:00,23,2026-10-05 16:15:00Z,96 60 90 72 64 61 45 33 40 93 78 40 34 45 17 4 53 10 21 9 57 96 20 21 7 45 30 96 6 89 9 75 32 39 14 17 5 5 94 64 66 82 85 38 62 2 2 80 99 23 90 16 21 26 81 19 97 22 44 7 62 67 20 87 81 11 2 78 65 4 85 76 26 2 59 11 75 19 58 95 84 42 26 35 8 93 32 48 50 90 100 85 65 49 98 45 4 61 38 44 82 75 87 23 42 86 42 68 6 15 42 52 41 36 25 60 63 16 91 66 85 89 30 26 30 90 21 100 75 23 9 40 78 19 72 17 66 89 1 44 84 61 82 84 89 12 70 73 82 94 10 92 20 52 56 52 2 34 51 83 96 71 82 63 71 33 66 42 89 30 50 5 17 87 40 62 85 93 83 53 56 65 97 13 49 98 37 47 20 36 55 45 36 56 45 46 25 63 35 79 90 33 87 76 86 9 25 57 1 77 4 66 7 86 75 57 32 80 44 85 14 96 42 1 97 57 12 5 74 60 58 63 38 78 44 48 70 70 39 4 23 93 45 15 72 56 85 31 66 12 64 86 48 28 27 95 70 24 73 58 8 50 82 84 48 86 81 55 85 61 92 43 83 16 46 51 83 10 6 59 12 68 10 2 56 31 82 44 80 97 97 81 17 40 66 87 36 75 76 51 10 32 84 25 41 82 75 58 63 15 27 35 3 97 60 79 93 66 66 83 41 71 26 29 14 69 52 53 31 86 27 19 98 23 94 47 3 87 36 57 8 29 37 28 20 25 64 96 12 86 66 72 20 67 47 5 21 26 60 65 86 37 86 68 75 69 58 63 48 24 78 43 12 77 59 89 98 31 25 4 13 9 100 95 5 50 76 41 19 5 41 96 30 17 2 83 86 48 90 40 14 87 3 24 4 100 83 28 35 86 63 23 32 39 63 24 51 22 15 64 72 8 67 34 81 18 74 39 90 76 46 40 68 48 42 92 28 52 62 47 49 55 46 4 86 46 63 70 92 85 41 95 15 3 28 8 91 49 70 41 15 43 42 84 33 6 70 25 34 46 77 29 44 32 24 41 41 13 12 9 63 90 65 21 55 16 99 72 4 30 10 47 42 14 7 89 1 71 83 60 40 38 67 56 71 89 32 74 16 69 100 95 58 88 52 50 57 70 65 69 20 78 55 66 60 72 78 90 50 94 89 11 19 61 24 16 75 73 96 70 42 93 21 30 46 71 58 38 87 14 38 14 8 25 58 38 48 31 8 57 46 53 43 44 36 65 9 58 97 82 2 76 18 33 6 25 18 30 78 94 16 12 46 29 46 44 66 23 56 10 14 66 22 78 84 91 77 75 33 97 92 93 29 92 27 10 66 46 13 17 1 54 84 86 69 42 58 17 44 68 86 59 9 89 97 2 92 36 12 71 48 88 72 72 82 94 24 93 99 57 13 50 18 73 34 41 36 23 79 66 2 91 52 3 86 20 49 39 25 26 61 69 21 10 83 27 84 30 98 46 68 79 85 66 10 79 79 46 73 93 93 12 76 29 5 48 54 34 48 53 57 34 16 84 11 18 79 12 12 64 66 89 10 82 78 37 51 9 59 59 44 63 84 22 15 33 87 54 100 10 18 61 10 15 40 51 58 35 60 90 13 70 94 55 49 8 92 79 51 49 53 46 9 5 100 22 8 65 85 85 13 43 27 7 64 94 75 97 75 25 73 5 4 48 7 80 73 93 79 87 92 50 83 77 78 12 85 7 50 14 82 9 5 23 79 27 42 62 51 24 38 44 14 75 35 91 92 33 43 89 1 35 9 73 35 59 39 89 19 94 15 12 18 57 38 30 51 88 75 45 97 89 36 61 81 92 2 50 16 67 97 39 96 74 27 66 64 33 27 97 49 72 83 39 73 76 70 61 56 43 98 10 51 2 57 86 70 46 19 9 76 42 99 72 7 21 79 36 31 38 5 55 84 83 99 26 51 20 24 74 96 45 53 45 62 75 2 69 48 32 5 42 7 18 76 41 100 27 97 25 61 60 82 20 71 57 40 72 86 22 24 73 97 22 61 12 63 36 40 13 12 4 61 67 22 45 14 12 10 74 48 36 1 61 91 98 70 78 14 45 10 55 67 27 77 50 71 53 49 91 83 49 25 85 99 27 22 71 70 52 21 98 49 16 26 86 90 22 11 69 7 98 90 83 96 50 97 3 44 74 50 92 96 97 60 93 88 37 79 5 10 2 13 19 75 75 26 60 65 56,kKk1d60hfvSnxL7u4E+W3VJUHsXooLBtmyXUuzk7Wk7dD6jQBiLaCJVORW0J9COP1idNuOlVKBOuidMqg+baANHBBz9OKKSiTGfUbWZvYUGd6hhTeGp9N9+KWUHD9gjU8sFCTF87A1xhw93wJ5d3Wu7CSZ3NPX47EnmfkomLRLL5jWoLdIJFBQvCmGp6LIcGT7UD/ZFUSqlqKZPSU8Bt5Rt8M+7B+po0Xbg16YlZGJRZoQnyU9ZQaBJwVIIcizyIVsrzPoeKKuprs6KLiv+J0Z6EyHQDbS7NB4KEaT14IAREBKi1xBn8rr1dzLnRZBfPz9lk2eBlTAKsi88YXXNEmJb+zoXj4+zCPTd+LkONw9NU2pstWqm3bSaO5kvTWz8cyMOGH2AXV3wpMb9kvnmTrM/sfUxYlsCqaD6P7Rnm65o+0KubLlOt0fqht7sVQcuGH2bLxgbRThqOj+3Y4ixJNHwfQdGF919U3gj+oj9IN4dcqJN36H7GRCp7f2p4XW7CHccpHrA5O7Z8oXX9aEd2BK6J81GXeh22ryTt0Svb3rpXFPYIqfW5Ba4/3sUDC9kwxsLgSeMsKd4o2yie7YNzveJcVYG7jzfXwuLcGOn+4sIV+l42K5UM2YaCDnJd5InszJtnxqe0uezD5KUDVqcHQoSAGRvrLXrF8e94CMnlJKo=,ChvLDArmGCiBGkGholbp/1Z493To4eMsEKgWbg2HXRxjugpYeT96/AncLgoy0dpZGIuV7Y69bBvYeM7HvWLU5Q==
440,2026-10-05,18:20:00,24,2026-10-05 16:20:00Z,94 44 84 16 13 18 30 73 16 13 80 98 40 61 35 49 47 57 33 79 50 17 37 21 87 13 43 15 96 1 63 72 94 16 62 48 91 16 86 55 80 55 95 90 62 5 47 17 3 52 52 37 23 40 82 67 4 16 1 49 22 25 91 94 20 76 44 23 60 69 48 68 23 19 54 55 56 97 100 24 76 26 59 78 62 11 30 3 1 58 74 54 17 36 29 27 91 35 18 78 80 65 40 5 22 13 66 37 2 56 51 89 90 27 62 55 21 7 35 34 4 82 35 16 17 85 18 82 67 3 40 6 94 87 28 6 52 11 23 56 13 91 36 17 94 89 36 57 43 28 42 68 8 3 69 48 45 23 94 66 59 48 71 18 79 54 68 40 13 86 45 69 49 71 23 30 55 40 94 54 33 20 87 12 3 84 74 29 44 1 31 34 57 55 79 22 51 37 33 30 94 1 7 30 30 83 55 34 50 93 82 4 59 55 95 57 28 2 62 74 37 92 16 25 5 86 79 4 91 44 28 75 90 31 12 6 77 69 81 19 30 61 10 52 85 92 85 64 25 13 74 55 26 79 48 65 12 2 11 83 31 59 23 30 53 38 30 72 8 75 48 30 16 35 39 47 46 31 90 86 100 75 75 53 95 61 46 55 40 43 54 88 6 12 95 3 23 62 94 63 16 60 74 27 94 100 13 88 77 11 65 51 81 41 77 64 88 10 76 73 75 100 38 75 58 39 70 26 7 7 88 38 79 83 100 9 21 59 13 67 91 61 100 42 96 79 65 18 27 38 75 45 89 87 51 2 94 2 5 85 60 1 43 100 69 69 45 43 22 9 33 20 16 69 20 89 40 75 80 13 82 67 93 39 22 40 98 69 48 85 99 18 42 86 31 81 95 19 21 11 64 27 30 88 48 26 41 24 98 33 13 9 12 94 35 77 99 23 83 36 98 20 79 10 17 86 95 3 30 17 43 92 27 86 8 36 81 64 41 82 98 70 33 34 73 26 28 27 88 74 67 28 98 51 26 77 39 67 2 87 92 38 27 66 36 55 90 48 56 38 60 38 19 85 66 20 82 44 46 85 58 46 4 38 13 64 19 19 64 42 53 10 38 94 50 50 76 73 53 52 5 22 7 40 83 47 89 41 14 74 23 33 69 27 11 22 21 14 12 60 24 55 6 4 19 45 35 28 96 48 70 46 51 100 68 84 5 89 78 46 30 79 7 45 37 3 27 90 56 2 11 77 52 60 45 40 10 10 36 86 79 6 35 46 81 61 13 79 94 40 66 90 44 98 52 90 38 5 15 24 86 59 71 33 94 55 83 67 40 84 48 41 11 83 32 89 39 21 65 46 29 28 60 94 30 100 74 31 50 75 19 36 80 51 88 63 88 54 85 2 73 46 28 39 82 14 29 5 79 100 37 7 64 63 12 90 36 90 94 87 70 57 29 94 46 40 79 96 43 73 9 87 2 42 16 70 100 50 34 86 90 64 58 11 89 25 71 48 52 53 96 80 84 38 65 35 59 61 55 54 65 33 28 95 54 5 65 78 79 52 89 92 94 4 37 53 81 24 43 94 72 55 84 15 46 50 19 83 27 71 64 34 2 28 84 84 38 38 77 60 33 77 52 86 99 20 66 7 60 47 83 71 24 20 17 94 71 10 82 49 40 49 75 53 48 36 14 60 16 64 71 14 63 88 28 91 89 18 80 79 28 71 89 63 83 51 35 61 28 59 46 20 33 15 27 85 64 56 77 57 71 92 30 26 3 71 77 18 33 69 65 22 80 83 45 39 100 5 64 72 97 92 78 32 68 75 66 23 48 98 50 27 26 40 57 63 4 56 82 30 53 11 88 89 21 11 79 58 14 26 80 68 1 44 17 4 2 18 81 18 75 43 84 56 89 32 55 64 80 93 44 62 1 51 37 95 35 86 18 52 84 30 1 44 20 72 21 99 76 74 52 71 14 84 6 90 84 99 49 65 10 6 91 94 46 15 39 26 32 10 61 36 89 74 86 76 84 45 53 86 27 9 76 43 9 14 41 76 16 34 85 79 100 20 81 24 25 100 29 75 68 71 61 2 37 36 80 29 49 81 88 24 95 38 60 33 54 66 43 5 7 57 51 9 93 95 90 69 90 77 40 40 54 40 96 49 83 28 63 59 24 14 8 81 76 99 12 62 55 44 81 30 31 7 17 19 100 53 97 95 16 71 84 97 87 70 41 74 49 27 39 43 73 78 8 7 25 100 90 6,7GAPHFeRFZdIt0AyyXo86nAM0gGJtsXH1iNxO9taQIEOXJ67LxL42KInXwfQUaU8riLOvoLqshStoDP+QQ8sNnzjXibRTYZQQ9jitbUn3dZZzO8HootnrLWFhPN3AJUzEolZMKghSbdI64159E+03C3+nbBQPSWdrJ/z1a9SM9gdldeeyfGubbULPBIGLEc+NZ+kBPczUYckZE4ymazA+XRu4KaOvo+PQawivYDmVkhkBlXtgbhoVlhLIzE7IkAUhB71/ZxVnyCbsinfGVpvi08R7EzSz54IaLl381BrIzu4QZsaTDKdZ0OATnox5hXty9TxU+F4zGuYuSBLVfby10g+wjFXeLwDenQ4ylSlmnnyu4DKmSsA2+ovRtbWFM2nqA2i/DthtJ3wVxz7eZ861jtpuV42iXunyo4LEB04aUxNA7HeFtUe7GpecpLFeuwv9yjs5zQnYUThkoxrFSFib2k+KH1MS+bLb2rqf9bv0EcdemG2RBTVoiMuSVy2U0/PGItK20bczA6LaOKYQjwe9J3SO5BW4yd32tOWw0QRr5D+K6lgyYBCH9tHLMdJqlPQQP192s8G8yMzgge36B3bODePmnO1En8HzaQI5u4xNughvsZG1QecVajVLQuKMe7qmsmTfqoEzhmqiK8AXXiukQdjYHS05D7HP+V4YYAcY5w=,ChvLDArmGCiBGkGholbp/1Z493To4eMsEKgWbg2HXRxjugpYeT96/AncLgoy0dpZGIuV7Y69bBvYeM7HvWLU5Q==
441,2026-10-05,18:25:00,25,2026-10-05 16:25:00Z,10 20 35 28 8 63 55 40 89 47 2 11 1 14 45 81 75 84 33 34 68 15 29 92 53 97 50 6 53 98 64 75 18 65 21 15 13 17 12 68 71 52 10 30 35 21 32 23 52 74 84 31 28 26 47 99 60 30 20 40 25 75 84 18 4 42 81 85 90 42 40 2 90 39 63 76 42 74 2 98 90 59 14 86 9 44 68 52 73 66 34 26 45 93 4 93 1 64 16 42 39 40 29 41 84 79 27 76 32 99 84 90 22 21 68 36 9 4 38 70 30 28 12 69 61 49 92 81 74 65 58 100 59 73 49 1 8 89 62 98 16 91 62 73 43 11 8 21 42 78 48 50 4 38 82 56 19 47 47 46 22 33 30 45 64 51 10 43 7 97 99 7 30 30 29 34 3 54 25 62 57 97 31 15 34 40 65 46 57 68 30 40 53 56 1 72 44 23 83 36 60 54 44 68 57 86 85 52 89 47 81 13 86 28 14 61 53 23 29 58 35 21 10 36 5 99 39 86 31 89 64 1 46 82 67 84 35 5 73 28 100 61 8 82 15 43 93 100 49 65 9 23 32 71 60 44 5 80 21 87 18 21 52 86 35 40 65 38 85 24 33 43 99 60 7 86 64 53 84 52 55 37 80 10 84 47 56 69 29 76 23 46 46 44 20 93 8 79 55 33 23 13 15 56 6 85 17 36 28 78 39 35 36 17 37 98 78 51 3 31 36 80 29 65 71 94 13 24 57 19 100 45 91 63 2 3 45 77 37 62 34 48 87 88 42 62 1 84 2 86 75 94 85 87 30 75 64 65 44 77 93 64 77 13 35 64 61 4 55 100 91 94 93 65 58 35 45 39 95 73 59 66 94 56 16 60 4 70 33 28 77 27 13 82 4 31 37 99 43 64 15 9 41 32 21 98 46 57 52 44 21 48 25 72 41 60 21 94 65 35 64 55 73 12 14 51 97 54 98 26 1 3 73 61 33 2 16 61 39 47 86 64 15 20 1 3 40 3 50 76 27 40 27 19 53 81 54 12 39 48 28 97 25 43 43 74 4 71 13 73 15 37 76 58 16 57 83 22 90 85 38 10 99 17 99 47 81 44 63 35 53 1 46 19 56 52 92 21 10 86 76 29 95 45 52 43 42 98 91 47 55 97 72 25 86 65 82 21 77 58 19 30 52 8 6 31 80 23 6 79 38 70 97 65 93 75 75 88 9 47 76 72 69 6 51 81 80 54 65 47 65 84 8 16 2 1 53 88 57 98 61 89 17 22 58 73 84 12 12 12 24 22 11 16 69 54 36 26 7 76 76 2 86 100 44 45 14 31 82 94 74 19 65 13 65 22 38 76 48 28 75 84 78 65 50 2 29 60 36 98 47 89 94 84 94 39 95 50 19 53 100 44 95 33 85 53 77 88 48 58 31 38 26 59 70 62 57 31 31 68 61 58 48 87 92 53 91 50 95 23 2 54 7 84 39 42 56 6 27 72 47 82 19 56 78 32 89 31 16 61 16 94 67 54 20 1 86 43 74 9 9 91 48 28 18 87 33 60 79 63 62 83 7 82 90 57 53 81 56 100 9 6 2 85 87 29 2 66 5 92 100 37 94 44 18 62 55 45 57 37 57 93 30 84 70 73 94 77 8 100 88 81 60 73 47 100 36 4 31 25 50 4 64 63 39 33 44 76 8 7 48 40 24 39 89 78 7 32 83 53 10 70 57 64 24 22 81 94 64 34 62 16 91 45 36 22 91 68 42 34 94 93 42 80 69 25 44 71 25 74 70 53 8 96 15 69 29 74 86 90 12 86 71 17 47 58 51 11 81 46 95 14 16 57 14 33 82 29 64 77 46 24 82 12 12 31 28 7 76 67 83 15 28 34 95 98 100 48 100 59 42 96 13 58 33 22 58 12 76 76 97 20 51 94 84 79 55 20 19 30 94 79 7 69 60 65 83 85 63 14 73 20 82 92 52 99 35 66 15 99 28 92 81 51 43 19 99 32 25 32 78 1 91 43 98 96 62 97 1 81 79 61 55 79 9 55 15 69 29 52 46 16 94 5 96 23 18 65 85 68 22 33 46 20 83 5 33 14 66 76 71 24 63 25 36 64 1 11 74 71 3 1 64 63 10 35 67 89 20 72 44 26 17 64 70 39 11 85 36 66 46 34 37 63 31 42 66 73 73 25 35 69 25 20 13 14 5 36 86 62 94 65 37 53 84 30 64 75 42 26 96 71 73 43 49 29 66 47 7 77,wkLJwp+d0nfyA+lGeyYYV60wks4lvTa02UndRez2BAs/35upu3Mt25rnyL0NnLw3ZDv+bFdUHdbwjiiQuCI0mpzeshZvyNQjDs6Rmfzp53VWWlmKjjbvb4df8S318Im/z5FKBCcgRfPF8H8haO8BvpqetKzcTHLS/GE2mF+rB4YeJnJEuYbMhJzTBZfq+ie9YeIcNn2qcY07u9u1inNEfu8uzUgSBaauXDnMkjPbYE7E2o6IISeEOQ7pncNp5F14zVS3G6p2PsU6BdRsxPtecKT+AObLceXjNJqjVtnE5mY9ZOv+HBlbWQNWQqphlmc0GadY1FBCmoi/+TJa+38UD5h29PU1QpRdP80U1W2yF3xDqBVB6FAyX8jyWb12AobIODuabhoSMhIAL1pxZ7vYKLDHjfy444tup+dKeOwiAr1Z4LmyUgZX5demPpueIojgjNLFV5eGw5vA93XoizPl8XgR8Ilf8bRiU5a+Po7Soi6vxHSF1n507JAJSOv4grd68NdKTnTj39blrgtG94BjfspA9+ST277hA6JS39r6iqQrFI5w5CwGptQrvNeObhrVu2PkOgI+F22gNnslcSpqgOR/6DZByBmCpjJjv35tTM5u9IM1KCrVE7q8IofeXewx7J0zqX7SVjM4Z2P9C2Y2tZcfvJdUw1XXviYjFcbOfCE=,ChvLDArmGCiBGkGholbp/1Z493To4eMsEKgWbg2HXRxjugpYeT96/AncLgoy0dpZGIuV7Y69bBvYeM7HvWLU5Q==
442,2026-10-05,18:30:00,26,2026-10-05 16:30:00Z,3 54 51 91 66 9 29 93 100 43 21 19 5 4 66 72 47 56 13 63 55 17 20 85 57 73 11 88 21 50 75 37 18 51 82 76 94 8 51 98 72 92 46 6 5 55 85 4 7 32 98 41 37 55 91 81 23 27 100 59 34 42 63 95 97 4 5 31 16 16 12 49 82 78 36 78 42 100 35 23 61 80 72 54 99 18 9 53 9 77 22 36 41 39 76 37 31 48 25 92 46 42 38 82 95 76 40 40 4 55 84 35 34 84 93 81 49 30 27 73 31 91 44 31 99 76 11 70 48 37 12 77 27 15 75 95 80 24 23 8 69 72 19 13 8 79 50 94 19 97 39 22 73 17 61 62 73 21 33 30 83 21 19 35 64 78 53 70 93 59 53 62 94 56 67 29 54 43 29 38 37 48 82 70 8 80 56 24 77 1 75 4 34 65 76 4 89 31 88 48 27 27 61 56 42 64 16 27 31 33 63 40 75 7 37 51 76 62 95 14 88 86 75 73 89 64 33 83 37 89 17 82 84 46 60 99 32 15 12 69 3 77 41 85 10 47 29 41 88 93 100 28 79 78 97 76 17 18 90 90 75 83 91 51 75 88 52 27 49 36 66 25 56 51 7 22 74 97 72 66 45 70 89 48 62 91 55 87 54 8 6 11 46 55 56 96 43 31 34 24 2 16 37 89 89 9 29 73 69 82 100 79 39 40 9 82 87 88 30 79 49 86 23 65 86 100 51 7 85 27 14 62 33 30 5 82 76 44 94 89 54 58 4 87 11 31 51 98 68 20 62 1 87 47 42 16 72 12 10 25 73 15 33 75 31 52 89 26 37 56 81 35 57 35 67 21 47 67 84 8 58 92 79 89 97 42 7 26 82 31 57 16 29 75 82 43 41 3 25 5 48 71 86 72 55 91 85 34 61 59 68 30 72 100 32 85 40 95 48 92 22 53 51 37 29 27 92 33 82 22 46 39 22 68 34 52 44 99 40 12 32 78 15 29 96 81 39 3 71 8 45 30 92 26 33 20 12 25 91 73 49 90 98 33 88 5 75 29 48 79 84 39 19 75 30 6 53 89 79 56 23 72 17 64 34 49 88 25 50 67 52 94 88 16 23 29 3 47 79 44 54 89 22 8 30 34 75 75 38 41 66 41 12 34 3 9 63 89 50 90 15 65 84 35 12 16 23 74 94 38 17 42 42 57 10 6 54 44 25 10 55 71 87 25 48 35 19 57 18 93 86 54 39 4 56 91 46 84 13 50 22 2 100 41 100 93 75 33 8 14 34 34 67 88 37 47 59 2 32 58 75 96 51 23 57 23 100 1 95 86 63 56 49 90 15 88 81 1 55 25 74 85 100 100 97 89 79 100 81 57 81 70 30 12 26 34 67 36 43 38 61 31 7 49 44 63 36 92 50 10 64 80 55 83 2 23 38 6 14 83 76 89 15 41 4 52 44 72 37 13 55 32 14 59 66 14 92 65 78 13 97 38 19 73 93 72 88 43 95 34 51 68 70 43 48 51 75 44 98 67 89 78 33 18 73 93 36 68 67 82 75 8 10 30 95 56 48 14 17 40 87 26 47 95 33 9 52 44 85 15 11 70 22 70 87 87 9 29 13 68 41 83 44 53 16 61 60 56 70 96 68 44 84 7 20 97 32 16 74 53 69 83 39 7 51 35 36 78 42 93 58 48 68 44 30 86 96 97 16 56 88 30 58 45 78 76 49 5 49 7 31 62 18 82 62 90 57 53 75 57 66 16 88 52 96 13 39 2 100 35 66 76 49 87 17 35 93 60 23 75 64 71 4 85 64 37 43 40 84 96 38 37 96 37 12 79 59 40 73 31 18 82 41 65 37 57 65 55 88 35 43 38 96 73 23 78 59 66 51 74 57 90 15 44 94 19 98 71 29 80 34 41 1 97 97 83 22 22 95 70 48 97 5 30 48 51 99 63 99 42 99 42 57 49 54 56 49 71 72 51 41 83 21 27 25 83 78 2 60 34 100 54 93 20 63 56 42 38 35 89 82 82 6 49 83 87 81 87 30 98 86 80 76 2 9 79 58 82 36 47 83 2 60 85 55 2 66 43 100 5 14 90 2 19 18 97 86 9 89 88 2 1 59 51 32 82 46 56 46 14 41 82 41 74 1 12 64 73 37 72 15 42 36 73 16 2 13 15 5 96 85 61 34 39 21 84 3 84 82 3 53 64 92 72 68 8 17 76 5 87 29 86 90 78 20 49 87 67 93 27,NZAISlbBWKgNEsM/wqrdYvi8CYGzWZEv9F+RgU/uHJjS5qC6MI4uWua6x10/e5BwjgWCwTEYdb79k+iadkTbFncwJMnjg1AjSagmDeiHkhGo1IrUEvJBZ2wSOMMn/d6e/FvWA4jRn43aZvslBvTVBjZaulizR+uRCsSJWDwEDhXC7kQjApojDyvoTVjAGH4DsdufQljZ1SQ41nzgTK06dFx9oJc/ikGoFvO4EL8pK8pifsI/IcwPmo9cNMlcNTR/wlJutE8KzuUMpyG39sYCrPyROR6KVi+8AR0+A8C/nPCkyKksW96WYHal9RRhK5elB4QvSsjyjj4NosHAb6U3pcIB1XGyQTtN/NODOX/ewfOMQpVnMFQYyrPFnZ3lp3kjm534bCcjTPQDvbtxm5e04MkZlubUvBbUeOeFhedcRe8ZRYs78bmToEYwThy6FQf3TCQiQcSRDpeNoE+3AiB8iHFVIvbN5cG+01IpXuioCDwAw1Lhn0YOYYqR7VqJsgJ07MLtYh5tKF+MNeFPd7Y3lGVqSeQXSJzJ52Z2q3szvH4yPUYg7NvqYmJuLe5wBq528vcl9lla0WXpaU3x3k9eECRBZm74F4xUfgUSJrOKoMVoWXAx3/EbRnF4njUicet7QXSsztRppgl/6YHsSlQkNJMdm7G+UYCK7aLldVvxyNc=,ChvLDArmGCiBGkGholbp/1Z493To4eMsEKgWbg2HXRxjugpYeT96/AncLgoy0dpZGIuV7Y69bBvYeM7HvWLU5Q==
443,2026-10-05,18:35:00,27,2026-10-05 16:35:00Z,77 29 99 83 94 60 85 8 13 81 6 64 47 30 84 72 34 38 48 54 18 31 76 95 91 38 75 10 17 59 81 64 69 43 16 46 7 9 82 8 59 24 34 11 14 21 35 77 9 26 61 76 40 87 20 6 73 24 15 37 70 79 20 68 55 24 24 36 55 44 70 31 79 22 94 62 17 92 1 48 85 70 8 48 15 99 50 45 6 25 32 47 53 34 40 9 48 26 43 44 50 82 40 50 63 44 37 32 26 38 9 49 6 37 99 7 69 23 24 6 51 58 70 70 92 23 47 77 20 77 38 84 53 68 100 34 51 41 1 5 66 46 84 48 42 68 95 41 66 93 82 93 88 58 18 78 53 29 47 27 89 66 85 95 37 44 67 71 96 70 89 72 22 60 63 53 95 6 40 18 17 51 78 98 95 47 35 26 47 8 59 78 31 28 1 35 85 16 2 9 10 23 38 74 78 22 53 61 66 46 46 59 26 40 21 75 100 31 27 50 89 10 85 79 100 19 40 73 99 60 79 82 38 10 20 61 43 33 10 56 70 47 3 6 65 70 76 4 3 39 86 15 2 25 2 66 55 36 7 40 65 14 6 62 59 71 4 56 48 34 20 96 76 17 75 54 67 42 56 54 44 28 17 90 97 59 32 60 6 73 29 86 35 47 6 45 65 95 44 52 64 77 100 20 74 78 48 39 65 79 99 93 76 30 18 8 51 79 75 92 14 42 6 10 24 16 6 46 68 100 30 66 69 95 64 74 34 95 3 75 66 66 3 95 12 50 33 96 72 84 35 74 85 29 36 4 61 27 31 55 80 6 38 29 78 22 84 50 61 73 51 76 73 23 70 36 92 51 62 49 2 72 78 19 57 15 29 20 57 96 61 6 34 71 36 64 93 7 90 85 6 32 8 87 15 64 92 34 94 71 21 87 59 78 11 81 59 2 67 34 2 43 56 93 81 54 72 75 71 24 12 90 39 62 6 94 66 52 87 13 21 99 36 24 88 46 81 73 38 63 96 94 14 15 84 2 73 7 6 91 59 32 41 47 80 62 39 22 26 50 27 46 34 62 14 26 72 65 59 21 30 96 82 4 34 62 82 80 87 32 72 1 76 56 86 54 56 81 48 25 51 15 20 98 39 98 36 15 73 59 16 24 26 100 2 25 11 98 38 95 47 95 82 64 43 9 16 56 74 82 56 75 26 19 53 100 77 64 15 95 45 53 97 93 71 56 73 26 40 35 22 8 45 70 53 3 52 75 30 94 83 37 14 6 64 13 25 59 99 93 12 8 89 73 37 75 38 30 34 70 6 7 92 71 33 30 13 20 44 93 38 83 1 67 16 89 78 74 66 70 79 92 91 72 49 46 52 25 38 39 88 90 67 41 88 68 82 59 5 98 12 81 78 47 25 66 68 70 29 17 96 86 90 33 34 32 61 80 44 47 100 69 59 40 88 27 3 3 24 95 87 49 21 4 92 10 23 6 17 38 28 80 43 32 16 81 62 65 70 51 42 99 7 22 62 97 67 25 18 73 32 75 34 59 13 75 90 10 2 83 32 8 57 8 2 45 73 97 51 97 87 83 98 60 58 12 29 99 84 73 43 89 64 60 87 78 8 54 66 9 26 7 38 45 26 71 49 87 3 6 68 60 54 12 50 60 10 60 42 38 18 16 6 41 55 22 18 69 52 11 55 88 72 31 11 51 69 8 20 22 1 54 6 40 3 90 7 82 49 99 55 94 71 40 75 33 67 88 41 47 13 16 64 59 23 83 84 12 79 19 87 41 5 5 30 39 46 90 17 53 93 8 8 65 55 38 68 1 78 9 58 8 32 89 45 1 94 40 96 99 71 77 58 90 98 90 40 26 95 53 19 92 42 32 67 99 45 45 77 44 9 9 84 65 49 51 50 81 56 93 41 86 70 14 82 52 65 69 79 84 69 13 70 29 79 83 21 17 6 45 4 58 19 100 77 76 87 92 45 32 53 20 35 34 86 94 89 32 10 71 98 79 16 50 34 93 56 42 89 76 87 46 35 54 98 5 73 99 78 8 70 20 85 3 15 80 55 44 47 17 84 61 53 54 51 15 89 42 71 44 72 41 40 71 24 20 82 74 66 11 28 77 60 57 27 35 87 84 37 30 66 15 59 77 68 59 96 95 87 42 78 68 23 21 60 56 2 10 3 31 30 82 89 84 81 25 18 63 59 77 11 9 84 83 6 48 1 54 33 98 97 58 32 93 88 12 48 48 63 10,E0Z19Voj4GLvN1D4luOVjM59l3KJtoR3RvHGWJWHE7B/91WVpRV4riLZFGGVp3XauNb/3tJDavDfHESMSiIlpT/vpBBiptIzJPZjygvkIOdV5XFR3zXLuPhtUmgZ9N7rgE8H6KCgX/I3P0nBA56s4GNrU6lfmxfqmES3iH+o5I2UzDYKMR0sf9yk7sZd/FRH6UFXONehLqQeRoBYfc0YS9tUFonYH0ZU79TiEoZiRj0QMXV9YtCfe13ed36d9Dtl/47znrkJVzCXmdUx5ujRQmevb5wP63NSFDI9bAzxYXzUetJN/IoajHWhCZfD7+LHyXPSmNgYJ1zxtZb7xTpwyZ7o6OUNj0c8bdH/5hwf4oX5Ys2785K013+e/y+7P1zPKzNtDSJsaZHtDxixcwHPc8Laa1MbNNQShuSE1fFuqJgvv40aNMxaPITCE9c46dUUnN5+FrEhydiUrUqNa21JfpMbwe8oHLruEUNhwW+tKjkyme/AJ9vAz4CjSa6Th1Mn4IKn0bqZPX9IvuI5+TfTcEcTNhVQEqVtBETAwJ8+sy8SN82j4hqDrD1U8DGZazR18RrGfrNdEON+LA0UuZi3q/OIxNfHkFqwgkYAwKsiIfZu6TLC3/QIGtDNkECiSuQzWQlTo9aDEdyJo20VKBH6Kg5vYkcUIFaG7fWLneYz42k=,ChvLDArmGCiBGkGholbp/1Z493To4eMsEKgWbg2HXRxjugpYeT96/AncLgoy0dpZGIuV7Y69bBvYeM7HvWLU5Q==
444,2026-10-05,18:40:00,28,2026-10-05 16:40:00Z,78 32 66 50 78 38 73 14 24 44 13 86 2 43 32 68 87 55 100 59 97 64 46 81 68 47 59 89 72 89 86 2 24 36 30 8 30 40 38 30 94 14 81 97 53 72 67 44 87 99 65 57 20 51 63 83 6 80 60 19 18 46 99 36 40 60 75 53 58 98 70 65 21 8 36 61 41 11 30 22 90 70 13 54 16 78 85 37 58 66 51 75 5 15 95 20 79 29 90 83 73 88 37 28 94 48 28 7 54 8 30 36 25 56 63 100 11 47 33 58 83 63 40 6 43 3 34 2 80 9 3 17 50 72 54 28 74 2 99 62 11 9 71 64 84 53 50 6 14 66 83 53 95 78 59 71 85 89 17 38 15 67 37 40 40 26 61 23 92 38 73 88 39 73 64 37 53 62 88 5 28 27 11 90 86 61 51 67 4 9 52 11 6 29 93 25 57 90 62 90 71 69 74 54 17 75 26 39 82 93 56 30 34 69 74 6 60 31 36 79 24 32 17 26 41 69 10 59 87 27 59 77 74 81 97 31 8 28 24 70 93 27 83 38 55 67 19 17 81 63 90 69 25 72 93 73 84 90 37 62 71 74 64 95 54 61 92 53 79 42 51 17 81 69 55 13 72 1 25 75 59 55 59 100 8 60 88 82 47 70 75 57 74 13 64 58 47 14 52 6 96 49 11 94 69 84 84 6 52 97 10 85 75 15 3 59 86 66 51 23 79 12 76 37 74 73 57 71 89 40 37 73 80 58 52 91 96 14 63 66 49 1 23 66 17 83 70 33 4 21 44 47 4 20 79 33 66 77 63 9 80 12 22 53 47 33 29 42 98 71 51 27 16 90 83 94 12 98 2 67 31 52 66 31 66 6 66 49 21 14 44 29 58 35 76 45 63 78 8 57 99 1 53 42 97 69 58 11 91 67 23 46 74 20 62 90 28 71 52 9 35 17 62 53 83 33 47 100 97 41 99 89 15 30 51 80 32 69 59 99 24 49 52 55 91 9 97 100 96 48 40 11 10 12 63 89 9 92 7 96 95 80 34 38 74 73 24 55 25 51 54 84 76 11 4 53 68 25 94 50 5 44 20 77 84 43 93 16 20 5 70 65 43 18 29 87 55 44 47 29 58 21 19 82 47 38 14 24 27 46 10 36 63 61 47 97 53 37 57 78 54 66 57 51 64 94 53 32 50 54 49 33 37 47 59 20 42 57 36 33 75 77 11 83 48 69 19 81 83 46 85 90 54 94 100 12 94 28 38 54 86 15 5 80 32 41 85 82 3 50 7 74 26 24 74 59 10 4 23 18 80 53 45 9 15 98 70 29 57 7 78 57 38 27 6 66 71 76 3 8 98 65 65 25 14 15 25 22 18 82 78 15 3 57 100 86 13 45 47 76 40 54 27 33 7 55 34 43 42 2 62 35 15 12 76 69 35 92 50 100 19 4 16 96 32 11 5 41 19 94 8 60 87 90 3 13 13 47 10 39 8 18 90 75 15 83 65 87 76 82 8 86 68 31 100 35 28 80 18 64 64 85 50 58 18 77 48 40 19 27 81 25 14 71 81 73 95 54 61 33 57 32 85 29 26 58 82 81 45 31 86 72 56 64 28 9 21 86 91 17 8 4 35 42 89 4 6 23 8 34 11 82 90 70 44 72 9 83 27 56 15 70 94 32 75 63 21 80 52 26 10 50 40 12 39 9 11 100 88 36 56 85 8 97 74 62 77 66 31 18 36 91 71 21 99 79 34 28 93 91 24 10 90 65 11 20 100 67 5 61 81 74 97 31 43 57 99 14 69 89 89 22 8 92 5 51 65 93 67 76 44 36 59 36 44 37 1 33 26 15 76 81 22 87 12 63 68 23 11 1 73 81 84 27 55 9 46 93 27 99 91 4 69 16 19 13 52 4 6 21 86 100 13 65 72 73 42 34 59 28 56 49 36 50 53 28 43 85 3 72 27 4 74 59 48 12 21 92 30 94 54 19 78 78 91 77 76 71 27 35 13 67 34 52 94 96 85 73 23 60 74 92 64 46 20 46 33 59 63 4 50 96 27 73 64 92 87 57 99 59 11 75 95 23 5 39 25 64 14 19 53 31 41 75 1 100 53 78 51 2 58 47 20 63 71 79 58 12 25 49 38 11 64 23 75 43 30 94 19 67 50 37 24 19 27 71 42 55 51 68 71 26 49 71 77 2 10 62 68 6 64 78 5 51 39 98 18 71 25 22 90 76 39 98 33 66 29 90 17 78,ucxmbFncNxhxAOLZYfOxnX0uo1PtDUvmJ+KiCIrrFF/GfN8mbiOhUHEYYWOG/X46E85P5DtplHz9dqS5R6FlKYgqJuyHPOJDicQsy0lXKkub3uqlzggd9X4yPwvpjyjpCC2lFRBgAZmhuGVIz1wSNI8lH1DdBRiMUryoDAzcRH5mFlPgzFoRa2zAI3Edun4v+D89IG08KOK4foWSo0ghS7Ko1f3UOuY206mwmkohJSwYV+rIf50M9Wf2eGqAtvqXezAIEkREt2oqa7a3p1/DyFFp2bGHYtaV0W3RjdH0glbJ0HDl8lDBvI8Xy9+GAVhsy2Y7XyPtFRxYUErrFSAgSa1JFjx6qC+sX/ZaNKOxRUKjcbqHUsQL63/4F/i1WwdoINCA47Gggj2aJtcDzaRO5GcISB3bEWbHuU4Bm+ID55eeSBfTtcw3/E/gMik3KvsnEHoiuyAjYFqEWXlt1DqVXMNIhl6f23f3I4ByDH3Fbz0gXPGqnLTA3FKKyu7YpGz09RKqhlopcFh13VjCKb5C9qLcWfPL3T4ya8uqhe6NFof1BpsLg3JXENMUCEd0RtZUCxyNHU8lPkJqqU5eE1TmQekYqL+erLfy+53Mk2yDdfvbBEcmfLLfUb2Tl8McVMmFGCCSx5eSuX6LU68xSaXCmXElflkMaB1vsgN52pryUgg=,ChvLDArmGCiBGkGholbp/1Z493To4eMsEKgWbg2HXRxjugpYeT96/AncLgoy0dpZGIuV7Y69bBvYeM7HvWLU5Q==
445,2026-10-05,18:45:00,29,2026-10-05 16:45:00Z,38 4 81 71 28 62 33 65 71 24 3 71 51 62 42 44 55 86 89 94 67 86 6 22 47 91 89 89 13 41 57 98 41 66 36 81 2 19 91 13 99 71 17 44 23 89 24 44 12 9 97 59 38 56 39 23 91 89 62 87 23 65 60 57 49 41 96 87 52 10 6 85 24 89 17 67 64 99 19 70 88 22 32 21 95 79 34 65 38 95 79 6 3 99 81 45 6 34 9 24 46 51 47 85 30 48 88 49 27 84 23 48 24 59 74 14 56 9 37 55 49 46 56 9 81 70 55 65 69 69 22 83 74 42 45 90 32 18 30 33 53 46 69 33 21 45 48 50 95 88 68 68 16 29 75 15 88 43 34 28 65 53 46 35 82 74 48 43 72 38 68 14 86 30 58 32 5 77 74 2 23 84 100 53 4 71 71 46 27 38 10 50 48 33 99 44 84 93 8 77 77 37 34 37 88 45 58 60 42 10 87 77 50 45 24 40 20 90 41 61 50 24 29 81 6 35 45 82 88 13 69 37 47 98 79 54 27 51 68 8 50 33 17 74 97 61 73 15 82 47 52 97 33 68 6 85 61 46 94 59 6 17 46 13 71 27 34 79 47 62 56 67 44 33 63 53 35 12 78 85 93 49 53 15 48 20 71 42 16 25 12 13 41 39 27 70 67 85 82 97 98 59 64 93 27 19 9 57 83 83 73 74 44 9 12 1 89 76 32 72 23 60 69 47 38 9 15 98 27 60 35 88 22 49 69 32 48 18 9 21 5 20 63 30 73 66 90 1 43 45 97 100 51 28 20 82 98 77 66 72 97 2 26 64 66 23 48 20 62 19 9 89 6 68 30 52 62 92 80 42 99 60 85 35 68 11 68 39 67 97 73 93 58 31 19 51 31 42 36 86 18 1 59 52 32 69 30 30 84 84 15 2 29 54 54 64 80 100 99 25 71 30 91 64 24 72 25 6 89 35 9 62 92 89 100 98 47 40 84 75 29 28 51 93 55 74 23 78 42 54 59 39 88 91 72 12 71 18 54 1 14 2 59 4 14 87 92 44 22 86 40 97 94 100 98 85 36 40 62 59 19 26 83 45 98 3 8 66 77 69 35 48 41 65 29 21 65 1 37 68 20 80 33 12 3 43 62 38 20 47 90 100 22 39 49 32 39 65 57 35 69 10 47 12 15 72 27 39 75 41 83 58 7 54 50 26 37 19 22 31 32 77 34 96 10 69 50 28 4 7 46 10 94 30 53 70 45 7 48 93 58 69 99 80 51 93 29 63 39 93 56 80 10 1 37 67 79 49 5 50 40 29 54 23 17 25 51 39 93 98 64 57 63 50 3 33 28 57 15 61 83 25 67 16 70 11 36 52 92 62 59 83 61 24 21 73 17 69 73 72 4 32 55 99 94 14 80 31 65 25 93 91 94 22 32 12 59 31 2 9 38 99 42 27 11 49 1 92 63 87 29 15 86 81 37 45 41 95 19 27 5 66 21 58 100 2 27 28 33 41 11 14 53 25 16 83 29 69 37 69 52 67 96 92 31 25 98 54 100 50 100 6 40 56 58 23 67 14 42 8 82 26 63 96 46 60 96 13 44 61 100 4 81 39 100 32 56 75 45 37 31 46 59 39 58 17 65 96 93 66 11 41 99 2 49 96 28 96 96 25 27 98 9 43 3 73 37 2 70 11 52 12 68 89 66 4 74 49 67 17 91 65 69 58 67 36 13 73 1 16 55 67 40 98 63 66 62 53 59 44 79 96 41 20 29 1 32 89 14 92 74 83 53 42 38 92 37 68 50 100 88 10 25 87 42 88 54 6 67 11 31 36 24 73 81 56 59 20 49 90 100 63 59 71 6 18 32 13 93 65 89 24 74 61 18 4 20 63 36 15 53 7 44 5 96 28 45 22 72 96 71 4 89 14 5 48 45 24 60 36 17 3 12 11 57 34 5 69 34 43 72 73 28 16 49 79 63 64 91 18 92 83 61 52 96 53 41 3 66 88 38 51 5 18 92 63 9 87 92 81 40 14 23 47 19 16 91 61 4 27 8 58 8 58 12 99 66 48 94 84 51 94 48 78 79 65 45 41 83 67 83 43 98 20 29 80 16 47 25 42 45 55 1 84 100 14 64 64 75 20 10 24 67 4 46 3 75 83 67 77 61 72 64 38 32 12 97 61 57 55 17 80 14 98 34 75 1 37 59 91 55 31 63 58 62 26 9 25 19 27 66 91 81 69 44 72 73 84 3 60,g+0SRweLNQpE7iQ9bBBmWxBe8dJ+VyjqdM9bZK5rY7wvc55H39V54RS4CFf3pUfbJ6YfksLlLs8iixS+/trd+1bai33v0i8pVORuv9klOIPN7k7WHy3TMSROqjBOeXTOHdGB05aO4dViCAV83eaot5XtHcJdy+uygQZUR9cgrqY0c6XPPSb+KWy5btqUOnrqZS2oiLMhb+3NtuZiuCC7MEjr7vSr0bw9mzAsFOm6336MvaZm6U/HFOccFIPBx2cFMB2jCMcQp2fHlw0h3F5VJMqFeoaHdLfTdxSyBeFVzqJ8nhzlMjX/loOa3UMVlI4vLWIJg+3/MpK6hqHprRH2pWhmNZZfkZ5iQ88IIrKDpuTy3hpf5ODOsxeDwi0atnS6gTF/fylOx4QJ8DecB088H4TDKMkdbhgUkGHKLjMCwAolOjFeqiO/YnhiVIaDmROTZw3ZJ0lj+gC9jC/P3bqv3THzg4FNvi0duzv6dWTu3BNpvoIxRECABeZjQl+w8Rz+/QRy8G1Tq7TF7yGEH0oezHELYmEx4eK5yuOktVO3j4+x0iTf29QC2fiHV36/Ymlhc2fCPqEvv0N1QAWUC58FDWwUnMQ7aRJ8VI2ofF0KXVzaNr84iPxWEOg7LNDu9YWCUvwS/ICRo/K7dzhLoFC5YOob4k53IYxjkFBt04w0xPw=,ChvLDArmGCiBGkGholbp/1Z493To4eMsEKgWbg2HXRxjugpYeT96/AncLgoy0dpZGIuV7Y69bBvYeM7HvWLU5Q==
446,2026-10-05,18:50:00,30,2026-10-05 16:50:00Z,6 75 59 50 80 13 15 69 16 81 53 29 89 49 4 92 19 33 13 14 85 1 48 25 61 76 23 13 7 93 13 23 15 63 89 24 79 98 51 92 8 21 85 90 22 79 91 41 75 65 26 78 79 56 96 1 84 75 37 71 82 9 30 39 52 55 97 29 76 48 59 62 21 64 92 24 85 33 7 100 22 36 70 49 43 58 29 12 35 99 46 8 83 12 5 27 32 88 22 80 99 100 53 55 83 90 89 6 72 76 51 10 27 13 32 24 63 38 98 4 66 91 84 5 25 24 34 42 96 56 45 53 5 26 62 36 54 51 19 17 51 42 97 14 29 41 1 89 82 82 77 57 100 64 39 48 62 54 21 77 58 56 84 27 49 65 64 48 87 67 98 88 32 87 4 4 4 97 100 14 66 2 25 15 66 76 75 74 80 42 69 69 46 74 57 25 30 8 76 30 81 96 58 60 47 43 92 13 73 29 4 63 70 87 94 93 87 96 48 9 15 37 28 2 38 86 35 92 36 7 1 52 83 46 20 99 88 62 41 25 55 55 64 38 16 53 75 38 92 25 92 94 72 83 77 19 66 5 98 1 92 18 18 52 97 18 55 44 31 12 53 61 46 6 87 100 19 34 75 52 54 2 7 97 25 63 23 39 53 13 98 62 80 2 25 62 92 24 20 61 83 79 87 38 73 27 3 74 1 43 87 56 7 25 95 43 56 33 72 42 43 89 67 15 76 97 47 19 52 49 71 5 14 75 60 35 42 34 57 29 35 95 2 30 43 64 21 78 100 19 76 28 72 32 92 44 31 94 91 65 63 10 34 63 21 80 24 71 67 83 45 13 74 23 47 40 23 7 1 64 42 59 22 80 41 92 77 3 24 72 68 20 40 67 67 56 22 94 21 33 12 24 24 72 24 90 64 28 78 74 40 5 28 80 72 49 9 57 68 87 76 10 95 95 16 26 89 23 57 21 76 70 63 42 31 18 78 88 24 71 41 95 69 35 61 44 48 58 25 61 58 78 100 18 84 26 57 68 33 3 42 27 17 12 36 72 64 24 71 100 49 20 5 24 94 68 54 69 16 68 25 18 31 32 54 31 19 69 14 21 86 47 62 4 93 49 32 52 94 97 23 86 69 10 43 76 79 18 12 47 41 50 18 92 81 79 44 61 89 60 80 90 24 78 6 63 52 84 87 78 60 52 5 38 18 29 38 29 48 41 29 43 67 85 74 64 24 38 89 78 29 2 33 67 99 4 82 19 42 99 33 58 15 26 2 63 32 92 69 7 80 86 29 35 88 82 87 67 77 61 51 49 20 47 7 56 2 59 43 79 83 97 22 25 2 89 5 97 31 10 23 59 70 63 1 51 49 34 18 55 29 83 26 94 69 14 57 7 4 99 30 1 56 36 14 64 21 56 73 36 55 75 50 17 70 5 47 60 17 65 1 68 31 31 99 90 50 83 71 37 94 73 8 40 30 25 50 70 2 95 100 55 99 68 16 6 55 14 35 86 90 80 39 20 52 48 17 82 35 99 37 34 67 51 29 24 75 6 30 41 4 91 14 83 74 91 63 64 94 7 42 1 20 78 95 99 38 98 1 33 50 43 39 37 40 41 46 85 42 52 28 96 61 100 81 71 52 20 82 68 54 90 10 52 26 55 58 34 27 30 82 67 99 25 74 21 15 13 14 14 19 86 41 45 84 5 58 25 6 92 23 71 89 73 34 49 50 38 82 92 59 56 19 31 98 60 91 21 38 96 100 43 80 31 6 34 2 10 78 60 50 75 56 97 95 87 26 41 64 81 56 20 27 5 13 40 67 6 3 92 9 92 67 29 55 54 41 14 89 4 51 24 62 65 99 97 96 60 3 97 99 52 35 49 1 92 40 66 51 19 16 60 91 98 41 5 55 8 31 41 4 87 70 53 36 29 5 94 90 21 62 28 66 50 37 52 1 7 11 70 23 55 34 11 19 44 10 77 54 84 3 94 75 74 37 41 71 8 53 69 33 9 79 29 66 68 12 12 28 93 55 52 77 15 44 6 4 2 68 50 12 46 77 91 35 17 87 12 12 43 3 72 70 29 73 90 41 56 37 74 55 34 73 42 82 12 27 64 7 76 99 92 58 75 13 78 22 97 29 16 21 37 90 73 89 25 82 64 65 6 34 82 69 47 62 92 1 16 75 4 83 94 72 29 45 77 11 48 19 63 94 4 43 68 9 89 25 24 30 84 33 96 73 21 40 93 40 9 50 84,Dj1wqSXqcNhfwCgCP582ufgTznjKh1m+F+MlTUNisMtU88GOm/lmcsOeNPLyz5oCFmAZGAosXpBUmkdLC1TdFOzoWxQ3chcK5kmPxCGhwKgVHoEu2Pkupu8vioJ1PRQ3P+ZCsYoh8W4TLCqFrGBQAxo/OKDfHiMw6KOdBKonKMHMqCMxYCrRPl/vP5P56ZFGp3Nd44mXpuXqnU2Bal46FL5Ii8FOexxN5tvDxZAL9lpDj+5/TSXa3VJa2fe0ndrSNpFYLWzVt8uE+mrCf0MDNpVtSpR3fD5mWYy77qV7HoHgTRdXNjordHGZmaAQO6Udy1aR8QVWrQux0uqDtG26fmj0WV7EfbnQ9+4d7CoxK0PWx32d0+J335cdFyvWhRWagaPehvxRDDM0UGQY+U9PtPU17qdC/O4aXoqMkcCwp4hwjXp4MlMgI147s66PZ0aDLBfrUcvRbV2D5K04qpwQ8AuE+FMSPrD/6/eoySiP7mNIvZ2ZiSrcRuKBI+xPFYihYwlSp30GxSQKWZdS3oNFzYmdk/saGTvZ1AQ//fZJFtQb7fEkISVoYlUvMkSMyFuvneqRwYkYzXdfTo836PH7aS3SUoeRhXOOdbAxJ5xOuIEu8NpU8WWZAVQUNRqsvnn7Gkn+OlK+OE3UKLYD7ovQVdZGqgYq1+LCL9994jcn3wI=,ChvLDArmGCiBGkGholbp/1Z493To4eMsEKgWbg2HXRxjugpYeT96/AncLgoy0dpZGIuV7Y69bBvYeM7HvWLU5Q==
447,2026-10-05,18:55:00,31,2026-10-05 16:55:00Z,29 82 52 54 65 30 41 91 24 86 81 38 91 36 11 76 67 1 28 88 73 19 11 87 79 81 9 62 25 15 69 4 76 26 60 15 9 53 21 90 90 65 32 40 76 91 55 13 61 81 64 29 18 98 90 57 70 85 1 22 98 29 99 53 15 76 87 83 82 60 88 43 78 98 28 91 12 62 19 14 46 73 56 33 2 61 69 4 53 35 3 22 93 88 36 57 48 52 17 43 44 24 74 17 2 78 63 94 86 58 41 76 50 54 100 89 31 79 49 41 80 68 88 25 36 8 17 40 81 60 31 97 54 79 73 20 13 88 92 100 42 63 29 94 26 94 8 29 4 57 99 72 98 77 93 37 73 76 1 15 72 37 68 1 32 62 95 76 13 8 79 32 5 9 74 75 49 57 65 41 13 86 13 4 82 35 82 10 2 66 49 4 14 91 40 27 64 76 53 97 34 35 49 69 79 84 29 80 47 88 76 25 31 24 77 33 88 20 5 97 10 58 38 60 22 4 53 61 99 72 15 94 22 59 47 68 39 26 87 64 97 43 12 42 2 55 16 64 96 54 76 6 14 66 51 26 66 72 45 85 75 30 68 63 92 20 44 23 55 40 88 37 25 77 1 86 67 49 84 87 57 89 8 39 87 9 8 10 46 76 15 52 62 24 77 82 74 49 3 51 89 95 43 41 77 31 65 38 44 76 70 80 51 49 12 67 65 2 9 26 90 54 6 31 56 32 85 64 69 91 42 17 85 85 61 23 11 24 54 18 59 100 62 76 100 32 96 39 52 51 46 82 77 40 27 88 76 12 40 36 39 24 43 50 76 34 69 26 58 56 35 21 26 80 54 66 72 3 98 100 68 34 66 72 90 4 65 17 65 73 74 20 27 30 46 2 86 100 5 69 97 14 6 4 69 4 3 84 27 12 32 10 59 58 85 44 28 86 78 50 81 5 21 64 71 89 100 54 63 58 40 70 40 53 84 25 23 100 27 46 100 96 99 67 55 5 27 55 85 27 91 19 54 78 10 14 5 33 7 63 98 47 69 88 89 24 73 25 11 23 86 73 86 33 85 65 99 1 43 28 64 68 80 2 66 93 32 46 8 76 62 55 12 24 7 32 40 54 79 66 51 68 30 26 65 5 92 98 2 36 88 56 42 28 23 31 43 48 45 58 81 24 63 8 15 42 19 71 59 31 63 100 86 68 63 76 87 33 9 28 79 63 77 36 70 40 29 32 75 61 100 35 80 45 33 2 40 45 68 65 95 46 1 2 19 15 99 84 36 57 51 12 69 30 16 90 76 13 53 82 79 92 88 25 59 49 81 1 67 30 9 82 70 33 92 21 70 95 4 88 51 56 44 35 96 23 54 70 64 56 78 21 80 53 91 22 13 2 72 12 87 33 11 41 89 79 46 4 92 67 35 61 72 94 17 54 65 23 45 76 64 59 30 52 74 63 77 74 85 92 6 58 79 33 39 33 15 91 38 62 24 5 27 78 2 23 86 32 1 79 44 35 5 69 82 97 98 10 49 21 45 97 6 76 76 45 40 22 37 69 81 11 60 12 79 88 95 36 53 2 62 61 10 14 42 24 21 28 45 31 46 93 63 13 55 65 90 31 70 42 61 10 59 69 46 90 40 91 6 80 89 38 5 73 74 2 59 57 50 68 14 33 20 80 36 33 63 6 60 87 86 83 2 24 1 23 52 92 36 28 88 91 48 36 7 12 61 19 91 34 51 91 36 70 55 83 74 48 19 54 22 77 77 59 62 59 39 12 90 1 46 39 12 7 92 7 82 27 63 13 3 36 24 22 68 80 5 59 65 16 83 96 93 56 29 88 4 34 3 88 91 49 74 5 91 94 88 53 11 92 70 57 72 69 97 6 98 23 28 99 85 60 17 47 21 69 44 51 73 9 33 3 16 29 86 100 94 20 64 52 78 35 32 49 74 80 27 87 14 18 75 46 84 100 40 30 87 60 86 66 18 68 91 71 58 74 91 16 86 87 56 4 76 19 33 3 63 13 73 40 79 24 86 3 49 45 90 15 9 92 32 15 21 22 8 44 46 55 74 26 27 79 93 85 1 95 87 67 81 59 100 7 4 92 91 58 55 26 13 30 10 60 24 88 15 46 52 74 77 29 91 84 56 44 25 40 52 29 53 36 17 16 2 7 30 63 87 70 70 15 44 96 31 40 90 32 78 78 16 100 63 80 62 19 24 3 64 33 28 53 6 33 43 1 34 44 10 43 63 58,LVZicNvB8RM63XAE6Hls0K06JOjxkxdZHcmLwngdanzzMU1Bq6rsxmro7cxmzxKvstVzT8h3M38RWjG5iu8JbfV/h6SW/PdRvOxYdTXeZKxFrV+d+QAc0CdDk69ra8RqgrvfLAiEeBogPAR3ouxIMCA3xiEd7oDf94BLxEQVAaMyOT3jgYQ09+IYVuIikMv6dAeUavNP5S6LEkj2vv3u7xaPvPVETtVBVUG5eFNQO27izIOnvd6Ny1TImwvqHjIuSLdnUwTHawPJTI2HS2PFnRycMSQFeoTpoAYLM0ElfV3h8nleAmehQuGZWfg+EWDjW+daL8JytNGzagY1AJ6tiKBhYmk+UkSzzEHpV4aDIz4b6SdZ3dcXuYvv8201TWXo2OEqQeNUaiAEd/PCOmMoFiVdlbaIT3GzauqDsy8Fo29rnafXlQ6lxNRvd/MKaBBWCL/K0oPepkPaS9aYJd6o3CpAR387mT0Ema13FsCgstNPdqvuPZUXP2d2YSrLDi/XiWhQP39SbFP7wLaHuYBFOJ1QqI8ny36yVS4gvs44K8AMTHexgepaPqar21bOqAxpuseMSwBfq9rKnpgl7UxW0QlwZOLZn8yYQ9FXFx5u69WLF03GVoz7fEs5vU2UrUQXgD6bgY0e9FwiGkNCyFOqSCpYpG8cw5AW4T7a+O+5zhg=,ChvLDArmGCiBGkGholbp/1Z493To4eMsEKgWbg2HXRxjugpYeT96/AncLgoy0dpZGIuV7Y69bBvYeM7HvWLU5Q==
448,2026-10-05,19:00:00,32,2026-10-05 17:00:00Z,3 98 44 44 58 66 36 90 17 59 9 85 93 54 10 51 16 76 54 88 26 58 17 2 23 11 41 38 59 10 79 94 32 34 19 39 7 90 38 84 44 3 55 14 1 87 74 80 8 48 3 37 27 1 68 8 9 4 86 23 45 69 37 6 69 65 80 40 13 79 51 33 89 79 38 98 21 67 66 79 50 82 17 54 1 64 75 2 72 4 77 1 12 30 2 87 25 14 96 52 59 79 26 89 90 65 25 25 85 10 10 50 70 1 12 12 61 92 65 15 12 68 49 93 51 7 22 76 26 6 25 28 80 7 87 64 42 10 99 24 8 41 77 67 13 42 38 61 97 88 45 87 57 97 95 28 26 27 69 77 13 23 85 99 37 92 27 17 84 29 100 37 61 37 93 88 99 9 26 72 90 86 88 4 74 66 92 89 40 2 91 68 72 82 19 47 72 34 87 93 63 82 65 60 62 37 69 97 89 65 41 78 78 78 69 97 45 42 73 43 35 57 7 40 18 21 44 83 68 70 4 85 75 92 18 4 61 69 33 78 62 57 71 74 52 25 36 9 94 24 4 8 64 14 24 81 47 68 55 53 66 52 62 53 8 16 41 76 32 70 61 15 75 7 8 55 71 55 70 63 99 56 37 35 55 11 80 34 61 4 70 1 82 19 80 70 26 59 77 65 67 19 34 88 17 65 67 9 7 59 43 14 36 96 93 63 67 90 88 71 74 87 36 41 39 48 14 99 93 89 86 22 5 14 51 5 83 69 83 49 38 71 53 27 47 30 89 24 92 56 13 60 61 67 64 92 82 32 53 84 68 74 49 67 1 3 60 69 34 57 55 39 78 66 89 91 36 74 2 31 28 37 30 55 64 29 70 25 25 25 33 31 18 16 76 45 70 10 34 89 42 32 39 53 86 96 9 43 71 84 28 48 65 43 62 64 42 32 37 5 39 57 88 54 35 55 22 88 39 30 50 19 78 89 66 12 43 12 28 4 74 48 36 77 13 49 100 42 43 44 74 15 7 46 61 1 58 24 48 30 31 72 44 47 78 32 5 61 85 48 74 86 68 33 50 6 70 97 15 86 94 94 93 87 45 82 60 33 28 78 37 58 73 32 43 43 46 19 28 98 25 64 80 23 19 12 46 4 100 64 38 20 53 34 23 32 76 100 72 23 95 38 18 59 25 27 26 74 24 80 8 2 31 54 43 77 28 70 1 12 100 75 58 90 91 51 14 33 50 57 34 40 14 66 97 85 7 53 27 3 52 81 73 34 59 88 3 19 39 26 88 30 58 73 26 65 19 45 83 52 89 11 18 73 65 63 66 9 44 32 38 53 69 93 21 19 38 31 66 35 3 19 1 89 10 66 71 37 80 85 73 23 18 61 72 89 2 41 81 82 17 28 47 5 40 17 21 65 45 65 58 2 62 96 31 58 98 75 66 36 14 2 72 8 83 79 88 82 57 26 29 24 93 21 41 16 28 48 72 55 86 97 77 37 25 17 77 33 68 95 66 95 11 67 62 41 54 67 40 29 83 62 18 34 23 33 41 27 69 24 8 12 69 25 63 27 16 67 8 84 85 73 70 11 33 74 47 29 50 50 39 21 47 85 8 85 83 33 32 97 73 52 6 97 91 35 13 32 89 99 79 62 40 34 100 77 24 67 76 68 88 29 6 73 62 52 31 80 52 78 36 57 46 5 97 77 93 61 97 67 76 43 1 99 12 33 40 48 88 1 14 99 52 33 60 1 86 15 92 39 26 84 90 43 57 49 32 36 38 61 15 1 100 28 96 44 76 9 42 6 59 15 84 86 7 47 18 11 36 53 55 96 68 15 32 91 67 7 43 69 60 80 52 31 91 24 38 15 56 46 74 42 38 83 9 93 38 10 76 57 40 97 6 98 12 71 5 12 42 37 29 30 12 5 15 67 32 42 24 20 55 65 41 53 74 59 80 100 90 64 91 67 24 18 20 35 27 93 66 58 41 51 14 81 28 67 70 78 41 98 31 58 91 74 94 28 65 77 7 1 54 90 54 17 84 88 81 65 92 91 89 100 99 92 45 79 73 71 79 51 24 93 2 25 51 24 37 81 27 60 91 92 89 8 33 48 6 22 100 24 40 8 6 45 30 96 76 10 75 6 57 89 6 74 79 38 86 100 48 60 84 60 87 10 18 53 14 13 37 64 75 54 45 66 88 32 88 47 17 58 10 14 18 16 79 34 25 75 87 59 21 23 59 100 57 41 48 71 51 64,pZZUz/LhO4HN72c/vQqMi0y51nPtN1exc5Xxb1W6v3Gk6AVo50FttQgfDQcumeUkckuGc1UO74bixxid6iiZuNoErfD/Esxe8Y9AOo41f8iRZfQvCRnoGvlYKC/GMDWqIH3xeGBepueE+vinIFswd/R3FHX3Gd7C6enStbj/g5RaIXz0UEqS5Jd77eKBRLiPgO4u8g54fW+JexHdy7CsFsl0kb0H/2tYeA3SAz19AXUqs4F6L/bcCqLOeISBEORcZZTUcVo3cuKWutU+asLahQ4waKtR7hhrF6XGCp2FzoYfB7SROV7QLi37bK7mxxHr5Dbdz/TIe/i9catq5QaLP8wiRAD/62Xy/Y6XV9vmGdLk88aa1c0HWLCq424kNbmfy2cVSGhXjfbm04rD+j4l4qwUocKTMyCjaREkfRrHBG1oJJwhpHki7V7wKZdvCbpSfxE7pn0mAiPGNOJn41AAEy0qK7nAZn+CloudfS9YUJ+rCA8jvVbXPrB0e5JCS/HSwryJqoz+qGxIgfS509dVWgHM/pOkp5h+FQtx0vr/rNaHF0dHH2yOhj5m0z9i86t2Gc4v2FOPrtotLiRcnhw2umylqqjEKh+v4T07T2f8qzbSryWE0z+Dv1bu24ZNnPRQ49i8ZTer678t8hHMXFB5AIaE+HQQpimVJUL9pCpUNME=,ChvLDArmGCiBGkGholbp/1Z493To4eMsEKgWbg2HXRxjugpYeT96/AncLgoy0dpZGIuV7Y69bBvYeM7HvWLU5Q==
449,2026-10-05,19:05:00,33,2026-10-05 17:05:00Z,74 28 75 42 53 23 17 23 60 56 25 48 84 47 76 38 67 63 19 18 95 29 84 14 45 19 95 100 44 24 2 100 62 73 59 3 44 100 25 97 77 78 2 67 89 78 40 47 11 48 82 34 98 42 5 100 95 74 26 89 87 1 45 100 29 3 23 83 84 65 14 48 16 92 30 51 21 99 27 29 27 42 81 88 34 58 23 65 13 83 90 30 44 59 58 88 21 1 44 48 12 29 58 93 5 95 8 94 3 47 77 59 68 36 67 97 5 64 84 57 27 35 57 56 67 51 70 19 82 50 68 89 99 43 31 6 57 47 91 100 91 75 21 76 99 80 59 79 81 16 15 48 34 70 87 89 49 90 65 55 20 21 72 20 32 37 76 15 100 93 62 89 48 5 89 74 75 48 75 71 62 49 40 20 19 36 54 34 95 92 85 3 57 60 69 88 87 32 21 54 47 87 41 18 77 92 37 68 36 19 48 73 55 55 9 3 52 46 82 40 39 30 77 69 99 87 8 12 89 53 89 93 82 38 33 40 78 90 6 79 46 15 96 1 55 47 40 51 30 100 79 97 86 21 79 7 77 18 60 32 86 39 38 22 2 99 2 54 5 30 30 65 16 20 90 70 83 22 45 7 21 95 67 15 21 93 67 88 9 66 40 30 69 28 5 61 48 88 20 84 73 68 19 61 70 96 7 97 96 5 67 36 31 47 54 2 87 77 31 65 18 78 95 32 51 82 80 94 18 15 12 88 11 90 71 32 63 3 78 3 83 55 87 81 19 36 84 43 21 68 33 28 56 37 77 5 56 66 13 67 44 10 14 12 11 100 28 59 64 86 98 70 51 73 72 13 100 49 21 6 57 53 93 29 73 8 18 4 27 8 93 38 60 76 65 2 51 57 7 34 78 29 32 98 2 86 15 59 1 78 65 71 16 88 82 76 12 61 93 62 45 79 86 61 23 76 44 93 20 26 60 27 6 47 57 78 14 80 56 45 19 37 40 86 94 86 21 30 91 93 22 30 80 19 51 6 82 27 98 99 18 96 91 60 96 15 56 30 40 30 7 43 76 44 15 72 99 47 49 24 40 99 73 47 11 77 58 78 80 49 45 73 82 60 23 25 38 96 55 70 77 10 70 62 46 35 73 13 61 27 79 26 49 35 30 50 66 41 26 76 41 27 82 78 89 33 31 13 12 6 43 23 82 49 56 2 8 67 52 32 93 41 61 6 54 80 16 11 88 18 14 33 11 3 47 97 2 74 44 63 66 92 32 4 70 29 91 74 82 27 42 39 63 93 72 93 48 14 64 31 99 11 80 58 29 80 75 73 25 41 31 92 18 5 68 5 43 81 89 27 75 23 98 51 61 65 29 24 30 37 8 34 38 8 66 93 66 59 13 27 90 73 84 85 94 100 73 21 36 49 37 98 69 92 16 91 36 95 34 69 25 4 91 60 9 74 82 68 3 92 85 85 64 73 17 90 91 75 44 100 60 85 67 77 79 18 8 9 50 56 57 84 3 25 36 42 20 11 80 44 38 33 36 41 69 72 59 45 34 22 99 86 72 92 11 77 72 24 20 85 60 26 8 55 58 80 64 30 73 1 9 18 90 53 94 51 77 89 100 91 84 55 53 24 11 6 33 61 1 43 54 18 53 1 72 24 5 90 78 11 40 19 77 56 11 52 47 48 14 85 50 47 46 41 34 95 63 46 87 23 65 36 40 88 43 35 86 1 38 32 10 34 35 76 34 91 23 72 61 32 15 42 36 83 71 72 61 81 12 72 82 61 16 100 35 18 82 23 50 45 45 66 34 15 56 96 28 36 64 4 3 64 11 78 60 26 48 2 6 36 21 2 6 47 47 67 92 44 49 88 74 65 30 46 12 32 74 87 20 95 8 26 1 32 36 26 30 61 81 77 22 25 7 41 64 26 8 95 49 81 67 27 72 83 95 59 85 13 27 8 50 58 51 74 87 68 88 43 58 16 1 80 79 59 54 60 63 85 38 37 53 43 94 78 53 22 30 48 15 34 98 31 6 56 93 33 4 67 97 9 73 75 57 51 50 18 74 9 38 95 41 36 48 99 20 28 12 50 22 55 25 23 58 66 84 49 5 64 38 5 33 46 24 4 11 75 91 53 32 84 66 37 56 18 84 28 98 93 54 51 37 5 65 36 6 35 51 78 77 87 62 22 84 39 9 14 38 64 12 7 97 47 65 55 88 37 13 48 96 14 48 71 28 77 50 63 10 36 2 32,3O7Ie/fpD3kG+gOJIqQQVZzKmKMuYbGcO86VGQgVoZmSAZq+eA6VlOd1lB0TRqog47pK4Od4espEIcsKvIQ/q8YUV5vaFW1pHxuSs1VjZIInn1enTrCi9nEqMeF+n2A1P0jFhUoV90IhvCQJAHkVwcifGUr3TcSa3geayp59nPllU8DaCxQXSZm9Qhp3IM1MKeOfKW3icUXyGoFsTXLxd57zII0Qr+cyu16RvZaCVjM9hUZJCFopVf91RmDRCbeLCQp56RbxcGI0hQpsrBkc+gtM/5pe25hjJw6F9QltrvjtsHSYT/GOJnmAIMf0sgyM9LNtjpVApNA6rAWDLSC0HRdn/dHCy5OIYEgepIaRG5uhGKBvqCRz2X/95NVCJviQxWXshPr+8O9djRb6FqTEAOAbPo29QFGgdhNdTwQKz5xwHaEppfWJOIBnxzjWvRXXB0lwfMWB3Tr5uWHXKW0FE65Y+XcAXKGYZEly05hnINZL6WMJ5bNuhts0EZwnIjlB5VmZm9SAlWnK/HRHDaaBXpfVWq1CSB9hMsbRy5KnL+9OHad7b7fFsJRzZ+bEG3FTBb1AaZ5yhQ7YfdOIsCUbpgAO5O6k0hKi7dttpVvAmgDyg9tFwf5FV/P4m8dl9eGeipoWnAgoDBIfLu3FR+DZYEFQ1+y2Wcewp+Z4gkSNJtE=,ChvLDArmGCiBGkGholbp/1Z493To4eMsEKgWbg2HXRxjugpYeT96/AncLgoy0dpZGIuV7Y69bBvYeM7HvWLU5Q==
450,2026-10-05,19:10:00,34,2026-10-05 17:10:00Z,7 74 53 21 42 48 79 91 7 40 63 50 98 36 12 79 25 27 51 58 37 8 99 41 64 83 35 83 14 9 44 41 99 2 18 41 73 94 63 90 10 45 100 64 30 77 69 49 86 80 96 95 86 63 25 94 59 55 84 68 33 33 4 64 6 9 54 85 43 71 89 60 81 18 47 98 33 35 86 98 43 56 44 45 63 100 7 6 60 77 43 51 61 36 6 44 27 48 15 4 48 72 74 80 42 9 50 21 51 27 96 87 30 49 36 3 42 64 12 25 4 99 65 99 79 26 71 47 76 57 49 22 34 56 52 39 76 51 23 61 53 81 20 91 53 38 11 100 76 42 83 88 32 63 78 90 70 32 37 70 43 80 14 93 29 54 71 16 62 32 55 34 87 94 66 10 41 40 70 69 99 98 51 26 46 64 8 54 5 52 60 52 44 38 58 46 47 55 62 66 13 35 61 81 49 94 35 98 66 89 36 39 67 48 93 46 73 42 43 16 47 30 58 54 54 13 99 14 82 59 27 5 18 64 39 98 91 98 8 15 93 20 99 22 87 49 60 20 100 67 95 66 70 3 64 36 14 31 75 7 31 18 31 73 42 62 35 10 65 81 64 79 65 39 81 60 6 62 27 6 45 48 5 38 20 42 62 41 51 91 81 17 87 25 53 96 32 7 84 94 35 34 45 60 80 25 67 95 55 50 40 78 5 98 42 70 80 16 30 21 10 56 65 25 64 42 26 58 88 22 30 68 30 64 79 41 56 74 75 68 97 94 30 88 6 76 51 99 68 75 66 40 65 91 43 5 54 51 80 59 20 38 10 19 88 86 91 57 88 47 24 40 47 4 80 18 62 64 30 21 55 46 46 81 44 1 34 32 46 47 100 66 11 83 81 74 54 68 49 35 4 80 15 100 71 44 46 50 58 39 99 35 88 64 57 13 17 5 9 84 70 20 45 60 52 60 33 45 11 97 43 1 77 84 99 80 86 57 86 66 82 38 51 78 68 75 16 45 22 49 35 13 28 5 94 100 51 3 80 91 57 81 41 74 23 76 84 29 85 55 87 11 50 93 86 37 58 88 21 30 74 31 5 36 10 26 35 95 24 1 19 50 82 13 87 27 22 27 60 53 17 7 30 63 49 15 72 90 91 47 91 22 83 31 81 44 46 97 66 45 90 8 30 45 84 6 49 23 72 19 92 17 38 82 53 18 58 90 25 32 100 93 77 19 43 43 79 72 57 28 53 18 99 36 55 3 84 14 24 63 13 25 43 13 27 85 32 38 69 4 80 71 54 47 19 56 76 34 63 58 40 94 73 82 3 6 99 97 14 71 93 65 50 68 35 36 57 67 65 56 6 82 67 13 13 69 51 25 87 13 88 71 72 52 66 90 67 41 32 64 33 38 89 48 69 61 18 100 41 83 32 37 68 39 86 71 78 91 93 66 25 20 37 63 30 25 61 68 5 12 15 97 57 88 6 79 96 66 71 12 88 83 28 2 77 57 5 38 2 76 31 88 29 61 40 60 99 40 88 58 20 9 77 24 62 40 14 99 30 27 49 23 27 100 30 47 46 41 24 77 92 6 62 36 38 24 27 45 80 1 79 31 58 17 86 28 31 59 92 78 34 88 50 94 58 76 4 100 83 52 78 54 80 70 92 9 32 15 42 68 19 39 25 83 42 72 34 8 48 11 7 65 3 32 32 53 81 69 64 56 49 66 44 62 76 38 6 53 8 50 92 28 89 86 61 21 4 56 8 81 29 4 26 29 56 81 79 81 77 36 62 29 66 60 24 16 29 16 82 65 90 6 64 28 47 71 5 5 97 61 20 7 28 7 39 81 77 90 64 59 23 25 53 45 87 86 98 70 57 16 36 81 42 62 10 78 60 80 92 9 33 37 58 70 87 41 76 85 51 13 50 76 34 12 47 60 52 30 41 92 7 69 50 56 58 26 73 61 71 82 49 12 22 73 1 47 34 74 15 34 63 70 25 6 95 5 61 68 88 80 51 37 75 8 67 72 61 65 23 56 18 10 62 97 9 48 9 53 99 96 81 2 9 36 47 58 13 10 68 16 41 89 49 85 12 3 42 30 77 65 52 29 78 3 92 11 1 50 45 58 79 73 83 71 38 22 77 37 61 75 54 68 67 75 61 46 7 78 44 79 55 56 28 24 27 32 12 78 44 21 25 38 48 9 10 40 5 88 70 15 1 33 48 95 19 84 19 45 51 51 93 59 91 37 36 10 100 45 41 70,2x/S0Vt3sPhOmoTGkuIKbV0uQsEXDcxxgXifCrOh4A/7WLmUPEb7G4Vrm4CmYlY9sunZBpDE8cR5Yl9wtAeg+cEwlGiAa7H1tWHNKDw9h9Pq1NxTa+FXPmXmIdCOqjXK1ZCv6dxR7b85ruqTbHjobmWtEHOLg66jIt/l4GwehuN8CHIQ++n65GHvZT07by0psfPEwxW89Nm5K+MIYf0T0gpWSYE05LFCq2suP1NUFHlQq5mzrW6MFvcQLfAi6d9Qi4xjKN/jTZIaQqDd1GbNGFVK2Qab0YRyunwqFLDfef8xY3TeIlFGExSgS9dVfmO69BKljlpVLIFxbQz1Zu8ifWl9nD3FLZ+jcLCQZ+dbifQku/MjCHkslgsoO2rQc11fvdv4xCjZGXLWXeKSfn8IAumRPrUlm5/o45XMkVZRJPhgDypsce1p44bPX8/APtqpEQTOctT5UpxWQF7/fVia10BMaYcivv5+NTtDZVjj0Pg0v2rrLwzmgbWnuWv0Ob03loEGEacwwaaBUa1/2+ViKxc5DHvATuWow78uf0o2SvTwR7HR8htlI2jG9hAofw7KKJ4y3D6XdVwRm1u0NyRs2/sARiFk8FTVjho365vVCTmpqYG8TGSH41rcmi6DCfb/e8UXfdcVDLDLMii3Qwo5pMwKbzDKNV9nn+DHqa3KRm0=,ChvLDArmGCiBGkGholbp/1Z493To4eMsEKgWbg2HXRxjugpYeT96/AncLgoy0dpZGIuV7Y69bBvYeM7HvWLU5Q==
451,2026-10-05,19:15:00,35,2026-10-05 17:15:00Z,76 18 36 75 54 3 74 94 60 32 45 59 40 30 84 49 24 43 40 15 75 4 28 49 5 18 59 1 24 65 15 41 21 5 94 35 45 69 18 13 74 13 58 25 36 46 30 100 86 47 90 35 78 59 33 49 66 50 53 3 77 56 48 93 81 6 9 60 16 89 7 30 3 17 9 34 47 98 22 40 2 20 92 23 49 23 96 32 82 43 2 76 11 53 67 10 21 50 11 42 12 21 82 2 66 78 52 21 86 44 25 58 46 95 38 2 92 58 80 70 95 88 48 28 93 22 38 96 14 33 60 75 9 79 21 46 66 19 39 82 92 95 19 21 57 72 46 49 31 26 48 21 10 10 14 16 25 9 1 86 18 52 37 90 79 50 8 71 2 40 32 10 52 94 60 71 97 63 24 77 94 2 72 50 90 7 80 31 13 81 66 56 33 1 91 33 53 19 95 4 71 72 62 37 80 97 14 85 65 31 34 48 15 83 79 21 66 11 12 55 61 1 51 26 62 3 88 39 89 64 43 72 4 22 12 11 22 7 93 86 32 41 32 1 22 60 26 12 36 24 99 89 51 45 99 37 69 64 37 16 6 9 84 78 59 35 3 73 94 36 7 62 32 60 11 56 91 75 86 95 73 92 48 25 95 85 100 60 99 89 10 60 9 53 47 82 98 86 30 98 74 68 2 40 10 75 98 13 3 46 91 48 94 2 65 39 23 76 26 56 5 75 59 36 31 11 73 16 54 95 57 44 29 53 89 60 16 10 95 70 88 58 15 73 40 78 24 91 25 38 70 40 32 68 32 27 88 48 67 79 69 22 17 8 1 41 43 56 48 99 28 54 68 83 32 13 68 93 97 26 81 58 56 87 1 82 36 89 11 53 27 65 99 30 47 58 99 25 69 98 53 45 31 57 92 66 39 78 92 55 6 100 86 72 19 91 97 58 80 5 98 100 42 64 84 85 10 47 38 18 29 35 69 100 29 28 88 84 32 69 17 1 53 87 68 92 73 23 17 50 13 52 55 37 42 57 29 90 20 63 17 54 39 74 93 16 31 54 85 25 96 60 85 1 39 56 39 90 31 93 71 5 24 68 34 94 8 39 98 19 72 71 74 57 100 93 86 54 3 62 50 18 70 45 22 68 32 57 63 81 21 46 5 50 21 86 54 79 90 65 66 87 40 28 86 23 30 51 20 17 20 34 95 20 25 69 90 14 68 79 73 46 27 57 25 77 88 4 30 5 57 56 92 31 94 28 74 100 30 61 40 87 66 78 59 61 70 15 41 95 3 21 58 88 9 8 89 82 79 6 46 40 59 19 40 58 11 78 45 5 86 12 76 62 46 100 5 13 13 90 95 100 78 15 15 89 4 23 12 16 34 44 68 7 26 33 16 53 79 29 21 78 92 7 19 81 39 45 100 59 69 18 70 93 63 38 46 91 84 89 70 100 69 58 83 62 92 84 90 45 86 84 96 44 77 73 28 12 13 100 14 55 88 63 97 45 55 59 49 95 85 46 59 85 34 9 28 52 44 60 83 62 43 50 75 37 20 99 50 50 63 98 55 90 76 27 24 92 28 32 54 53 100 6 26 10 56 53 45 79 15 88 37 23 48 42 61 87 60 34 16 34 62 58 95 31 12 4 17 6 77 85 4 15 86 59 51 4 43 24 25 94 33 70 85 23 92 81 56 75 18 95 71 87 53 63 85 43 23 83 1 57 97 21 79 41 57 24 87 20 25 73 26 18 28 49 9 89 79 84 41 86 81 6 63 36 53 91 11 45 19 19 83 29 89 25 70 77 37 55 38 20 6 27 71 63 55 27 66 98 23 23 42 45 83 9 55 49 85 59 78 70 42 70 88 8 58 36 37 84 2 92 40 93 44 35 99 66 24 13 47 13 75 83 57 58 61 70 60 84 98 23 50 50 39 51 8 55 56 11 73 71 17 68 88 91 99 76 20 54 87 21 96 10 83 85 69 63 22 1 15 78 44 18 66 56 99 61 9 7 57 84 18 54 12 39 54 7 82 25 32 47 15 87 89 71 76 41 24 12 39 6 30 98 52 14 40 40 9 7 39 85 96 64 4 32 43 36 16 38 74 96 20 88 82 10 53 59 52 32 97 99 59 49 60 63 75 4 80 50 16 82 65 63 83 31 81 61 49 86 94 61 29 33 66 58 8 47 18 59 89 28 33 14 61 30 47 41 54 53 38 59 18 56 41 8 84 50 49 21 23 6 45 71 66 5 85 27 35 61,3M1Q/rzPxei02q1JoJWVVysrWKKAoFzNfnrzKc+ABEu5Ca03b+8xRXL5N97KFytjaGVo/EvIBn8lb0IXxAwCVd1Y3WizaGD7THzjYy9az/eAA8ENIzbCx+eh2xlTZwGmEB1VQUGvIEZiQLJ1ANvBBFpL9XqFlN3h0uimChMB0M9X6YZ6pKBukyAGi/u2p7f1bXU/uY3hzRuDpR4bhklVHRVJ1S2RqXnLw2yULJRaxGauXbnI6n3PQc06qTtdtbMDvNe01QQTr/3zuiGmbGBt5AXpkIgjF8x1OVMZf8lIaj6h1xGs0eWOstWDkWZIuttZJbgWb/dK8C4yONDAWEVZrX7cGRK45nxFV0UQMcZxY9NnV/G7FTRQJDDArIXw+8zkHo/2yHuEylnOSGIpUnYhukiictSk8cfp/D3lr99Ty2mebljlouY7XXt/rV+MioqdvDep2X6fkteMGxGepwFVygTror1KHEOrvX0rSUhm+N5S/SNvXf0th6IZ/z5S9c8+biE/UcX4uK815Ri9zG08JUlAWoYVzf3rRrHGyncykWKSPERTrrqT/LzWtGosrj9GJog85++UCClWeNVy+zP+2D5cpxQeS9grUUThNSYqHCJLUMHQirvAn+QPg12I5YTjNCFMnDt6TaVV6FRbKwDMsrDB2Jy1J0JzcNfrJXpBHYk=,ChvLDArmGCiBGkGholbp/1Z493To4eMsEKgWbg2HXRxjugpYeT96/AncLgoy0dpZGIuV7Y69bBvYeM7HvWLU5Q==
452,2026-10-05,19:20:00,36,2026-10-05 17:20:00Z,32 1 58 33 85 72 40 20 64 92 63 40 7 45 63 68 97 82 1 74 21 56 38 14 10 15 64 46 77 27 60 95 6 34 11 47 91 13 60 50 39 71 85 17 82 25 67 98 82 62 10 46 99 98 28 32 84 67 26 90 88 37 4 94 92 91 38 52 80 82 48 55 97 57 3 85 90 18 53 9 41 11 46 26 19 69 56 7 20 27 86 80 29 49 51 91 25 22 93 68 34 4 49 16 79 22 57 94 50 69 46 29 89 92 54 51 22 21 67 11 41 98 13 9 72 90 93 67 25 74 29 49 14 49 19 1 38 5 98 64 18 85 37 11 92 35 96 31 20 21 58 64 64 22 85 97 39 86 42 56 28 24 32 89 63 54 63 79 89 25 54 10 37 84 47 56 98 6 27 55 64 71 36 65 6 11 63 41 82 49 39 36 86 81 71 76 46 51 63 82 76 75 57 43 98 17 72 58 57 13 50 19 7 96 48 41 63 2 100 50 99 6 53 71 91 77 29 3 63 26 39 22 81 3 17 61 76 82 66 2 60 82 70 77 31 29 2 21 22 90 6 99 68 67 2 70 25 78 1 11 80 36 5 67 91 62 43 25 2 43 72 85 61 38 94 73 52 32 5 66 79 11 52 14 30 33 53 63 55 82 45 80 32 81 71 78 79 66 38 27 32 66 66 99 43 28 23 8 55 27 22 29 5 3 100 95 57 74 14 62 44 86 29 21 65 74 85 49 84 40 73 3 95 50 17 48 9 79 88 67 67 16 6 74 7 14 54 77 61 93 4 92 15 49 22 77 75 91 97 18 33 73 18 44 34 91 92 66 33 83 74 90 16 41 42 35 54 26 71 15 39 46 81 14 66 52 74 85 81 28 70 7 25 51 1 51 36 22 65 69 4 87 9 17 51 88 74 36 23 31 78 89 45 68 7 73 72 18 37 76 2 57 56 64 17 59 83 48 99 26 34 15 71 84 47 64 22 4 5 74 73 2 43 48 87 92 39 66 20 43 81 32 68 35 5 38 93 75 53 30 47 68 51 58 59 74 83 81 68 43 42 52 78 14 66 86 40 39 51 13 27 61 98 49 14 35 77 60 61 98 88 42 40 30 34 59 35 31 93 14 47 12 43 99 37 78 96 44 47 15 26 72 5 65 24 55 100 71 48 14 12 96 9 87 32 75 91 22 40 58 51 4 94 15 27 42 46 42 86 80 38 37 26 96 80 53 73 17 41 94 35 34 23 30 17 20 97 15 14 15 53 62 74 16 49 36 32 36 24 11 93 94 84 39 33 45 83 45 89 36 15 23 68 17 83 29 76 41 100 3 5 60 94 45 97 87 47 9 76 97 82 20 25 74 53 86 73 82 29 22 84 39 49 6 64 99 43 51 86 42 54 19 88 55 15 92 93 48 92 98 26 69 5 80 11 51 71 90 6 98 73 93 74 12 62 16 83 30 53 60 56 24 47 67 22 41 73 94 19 94 86 6 94 20 14 85 57 63 53 86 64 40 67 19 42 75 85 47 46 56 78 2 52 50 71 50 76 2 73 94 21 1 43 66 14 95 71 99 5 33 63 4 65 44 2 56 49 89 53 38 27 61 80 80 88 55 100 93 37 81 36 69 87 77 21 16 7 25 55 3 13 67 6 53 42 78 66 69 96 22 4 1 73 74 80 21 99 74 14 22 83 28 48 82 67 68 41 76 10 63 12 49 68 67 61 9 28 6 25 68 1 32 64 54 9 89 40 36 80 2 1 65 23 39 30 59 76 98 3 40 26 20 21 45 85 2 75 34 74 67 11 95 48 7 37 9 50 59 39 62 92 18 96 23 68 80 66 80 21 53 76 27 60 25 66 87 1 59 71 76 2 44 56 78 89 47 88 78 52 42 60 57 1 72 36 52 84 56 31 65 51 4 28 43 58 54 84 11 70 90 84 99 55 18 37 21 75 70 67 94 39 50 37 51 16 11 44 65 59 48 75 50 67 47 65 88 91 55 88 91 3 5 26 83 99 14 55 86 15 42 94 47 36 20 94 37 77 28 52 10 68 57 1 74 97 15 18 85 38 98 86 100 24 55 60 11 50 91 59 31 70 24 34 87 87 33 83 19 29 68 20 44 71 41 97 60 84 16 14 25 60 42 72 31 66 16 71 89 18 34 90 74 10 80 63 27 75 36 50 87 57 64 98 33 58 100 66 16 59 52 39 48 55 96 53 74 25 37 63 74 63 42 90 28 35 76 13 73 22 92,ipeekmZUh0mUeIN/7Meh3iFFnotsmmbrkMosxyPTDsNiPM8pPmq+MV5nZVg5BdPKG9hvPQNpIdy14eAvFQHOquQ03AGETYh55oceMHA8c8bUkG1pnE9ds4UxWgPib5HHBGPoB4+kuLPWHTaLele8ADWNA3SfTRX5TJjbeOZ/K55Q84qD/RlpjfJ8revuLfRsnz5+clq4xrEV2oR0cYBq/E/wlohY3U5Wv7q9C2AQ1Jvrx+aWhQuB4eFYsY0tzCWog7TUsNhw16RcvHTxt7AVCSf7rhoy7xnSGDv0e3VH4LURg3mGHnz/Up3n4EbwZB+P1uii+v/3X6tcNTRaK3C94Tl8wQhMyK6Ci4al3LVMg7MY/8ou5Pg3unVGNN2lN7U5sX2u+2rsg+BwkpAb29G/8k+1vwxzCa+Pyt75pcciivDDjSg94lvtv3cfVigf6PvBFnevYJQxLl9IPumqKLQFrE3Er3PkETKYbFi5DVRV3sYgJrmkRS5wJS6sHPsRIzVYwQ9i00obtKrGCElnsjFLTCAvf1zfYq6+i3nRK4SfvDn+dVRunaRavVoos0GBw83IRZpnRbMS/uZZbXFEhAabJJ/022tqtIcqxhO0V2TTS4F5vV9dEuIfE1ZEEWOnZbwHk5QRFpAh85nljWlhXMC5TLXeR9nZBhk+kgwZKUKaytQ=,ChvLDArmGCiBGkGholbp/1Z493To4eMsEKgWbg2HXRxjugpYeT96/AncLgoy0dpZGIuV7Y69bBvYeM7HvWLU5Q==
453,2026-10-05,19:25:00,37,2026-10-05 17:25:00Z,91 36 47 62 69 47 78 82 82 61 33 89 5 51 29 26 24 19 86 57 8 99 1 64 45 78 89 59 66 65 87 52 71 18 95 2 5 46 82 98 68 75 58 59 5 55 1 36 59 9 8 38 50 66 89 96 78 66 17 9 100 49 9 71 37 10 12 2 72 44 33 37 58 65 59 68 82 91 79 6 89 18 48 84 34 8 20 41 90 75 3 10 87 13 43 85 14 76 9 17 74 90 77 75 26 75 9 55 98 16 16 9 67 50 87 22 93 1 43 2 12 45 22 27 97 3 80 86 25 79 5 33 63 3 25 22 57 87 2 98 32 70 92 72 30 14 73 77 39 32 1 35 23 89 46 85 100 64 50 47 80 79 58 73 68 40 75 44 6 20 41 15 98 8 15 75 46 21 82 41 52 88 36 93 35 14 18 78 75 42 64 54 53 84 23 36 1 19 52 65 93 5 16 58 4 45 15 64 41 75 36 8 35 91 49 98 72 86 82 65 58 13 72 57 28 5 51 1 68 45 51 95 74 21 99 95 38 34 58 81 92 47 12 43 40 23 95 19 78 28 26 34 84 64 67 42 14 50 24 53 58 76 7 32 25 18 46 20 30 2 92 70 25 10 73 81 40 24 63 51 26 33 29 31 63 15 66 44 91 86 47 3 72 44 23 56 90 61 76 3 20 47 24 13 76 97 25 97 28 99 7 28 84 2 56 47 59 4 88 44 49 49 45 58 34 55 18 46 50 96 97 30 30 66 60 44 83 5 59 96 36 46 25 38 96 48 82 93 51 71 87 69 67 72 88 20 86 82 58 33 98 45 93 5 50 18 69 31 26 99 83 90 75 73 96 88 98 79 99 46 62 6 2 90 88 46 98 40 76 18 63 68 1 38 94 66 71 27 95 8 86 13 69 9 97 19 99 63 85 10 52 2 92 29 30 89 21 48 37 4 33 22 40 52 73 79 84 31 1 36 46 52 18 30 67 40 66 12 52 31 1 44 35 42 83 59 41 100 22 60 39 16 55 40 13 20 3 6 47 15 56 62 10 14 80 76 67 28 51 66 8 47 83 29 15 41 31 7 7 93 41 21 39 70 95 91 90 76 28 37 30 84 41 5 43 13 64 71 94 97 52 42 55 69 89 6 57 9 61 81 1 22 83 36 32 1 100 100 59 36 46 69 77 9 45 13 95 58 36 91 56 50 12 41 28 71 50 50 14 57 80 5 91 99 50 47 49 53 72 40 52 61 92 15 48 42 47 57 6 32 30 67 68 88 86 35 84 30 27 46 80 23 56 80 24 6 79 25 88 11 99 7 81 39 69 41 88 70 89 23 33 8 59 41 28 51 46 87 70 59 56 44 51 88 39 21 13 18 52 49 52 53 61 20 72 58 57 29 84 52 81 66 5 44 61 24 61 65 3 53 26 86 82 67 47 2 41 37 42 62 84 22 64 45 28 63 24 82 39 50 64 28 60 85 2 81 52 50 82 38 56 48 66 31 34 12 1 21 25 30 51 77 91 76 9 89 7 65 7 31 67 80 10 33 69 17 21 62 98 60 44 4 32 28 77 26 50 88 25 97 37 21 34 2 4 34 7 9 4 89 10 56 95 68 26 90 63 57 27 73 5 32 76 65 80 23 72 33 3 12 50 89 78 7 56 27 80 89 40 46 27 46 23 80 34 17 23 100 98 85 46 42 97 79 73 37 97 89 23 97 63 52 52 89 77 5 11 61 98 39 28 99 92 53 74 96 83 37 2 5 42 27 38 34 1 14 6 91 25 69 43 32 30 34 99 15 71 20 45 18 75 48 85 20 57 75 100 97 19 98 75 18 48 93 34 67 71 68 85 80 57 10 94 77 16 27 22 30 51 13 13 28 96 34 29 66 88 14 53 41 53 70 59 5 91 14 23 80 1 70 93 45 74 42 43 59 80 44 50 79 59 12 46 58 89 87 84 63 25 71 34 20 15 53 66 22 70 87 33 43 87 6 86 46 80 72 63 12 8 10 86 6 49 77 41 20 19 47 38 26 84 9 19 72 27 88 61 24 51 43 40 37 98 99 60 97 5 16 27 42 55 69 96 73 26 2 28 93 7 67 34 92 94 70 87 38 43 27 59 12 16 57 19 20 28 49 64 68 60 57 84 77 6 39 50 3 75 90 95 15 30 63 2 72 98 95 83 54 17 47 94 74 47 18 37 81 21 14 82 18 50 50 92 70 85 54 13 95 65 12 99 15 38 51 87 41 62 78 75 36,u3S+u9N/0T3Cg3Mh52T6W05XVnn/P1dPxyYNu8Cb+HD400GIlkUOdfSwNY+DsvVMTOYHGK10lOBI38jCksLZdnlNyxR3saLRmGEmkC5RSAL1oVREtQgu93MUYi1dmbQa7gmEE1Xvzr9L6w/ecWEwkWpII3FMmUAR+7YaTGC3a4DJEpvn3jLunoX8BmRX0cssotVYIykNfU2MMhfXREMEKH1Rb/jvUoPzhN4iLNf7xVSnYZqFb5mCTpLUzzWDAPCGcx+STVzT4DOfRRfiZQ/wHDUZxhWSwKExotqdUfFVpQfczf9N/xD5llWI9ErqcKy9FKGl+407aRMaTRgjCZb6oxB1ZxjZ3lsYKu1MqxlWow7oJOaMg3GeNTgZhcgG6Ifz5MQFvy4b26T5wt5Mk0JPef1Ksh7hSOauEFV2YK2tnm86Y9TzsmatALRYsHbjhg1SxrKq9O9vmhVpdustr2zTFBvW0y8GH2HL9kcMbUtZC1aD9AYkxI9WUM9sZPU4+DZZ+3iAR0vbkyk/LxZvQLj1C1c9pZXC5+Nh3hamkQbB6cUGXe57wJQhQl6qZb57kivm4QGEJaq8se7OrVJKUK/OKgStNkuwMy1iIu+f/ONJ+oMOJ410o/7evgERqATBeKJTkPjZmzwJljdKuekpvsKvXoNDxJDL/gtDWJTuHs7FUCA=,ChvLDArmGCiBGkGholbp/1Z493To4eMsEKgWbg2HXRxjugpYeT96/AncLgoy0dpZGIuV7Y69bBvYeM7HvWLU5Q==
454,2026-10-05,19:30:00,38,2026-10-05 17:30:00Z,66 23 45 56 60 74 56 30 53 6 13 90 46 69 45 21 62 46 77 97 82 91 42 48 55 32 29 56 35 44 18 62 35 25 93 53 77 99 10 45 22 36 96 82 100 76 99 76 88 14 93 72 55 26 24 95 25 82 81 16 63 30 42 64 13 3 93 27 44 84 20 29 41 45 21 24 10 25 80 40 100 54 92 7 16 3 29 29 46 46 46 46 81 45 48 55 91 5 15 75 35 38 46 45 92 58 41 76 10 44 93 96 56 32 83 38 63 94 96 1 32 23 56 64 70 14 65 3 74 89 30 10 35 59 4 73 37 33 27 56 98 71 40 5 78 62 28 84 78 75 82 13 81 45 28 27 51 1 38 93 59 97 73 84 35 96 60 63 69 57 97 84 5 40 41 54 13 7 90 55 50 15 66 52 8 26 98 24 61 80 34 11 55 98 82 52 81 72 33 53 54 26 67 21 6 24 54 65 87 21 23 5 12 78 23 57 20 16 44 98 63 19 6 23 93 95 80 46 17 76 100 33 64 48 66 89 67 87 17 26 45 72 27 69 52 11 93 80 12 49 29 97 97 56 62 23 49 10 60 3 74 69 95 38 32 45 18 72 82 18 72 94 31 63 65 67 25 76 36 42 70 28 31 3 39 44 37 90 26 46 82 89 42 99 43 47 54 100 1 28 67 68 32 21 28 84 94 18 15 52 4 64 36 5 43 58 86 13 37 34 18 17 98 62 13 94 44 26 64 70 89 100 64 32 44 12 90 96 6 75 44 34 27 29 10 58 10 29 96 38 2 71 19 41 26 36 38 50 47 56 40 45 9 80 15 57 66 33 83 63 67 72 35 36 13 75 46 5 14 72 11 9 64 27 37 8 51 70 15 85 51 22 32 87 95 10 90 77 28 1 79 75 14 55 72 76 98 7 6 22 97 72 27 36 35 62 59 47 55 75 33 54 10 28 98 67 57 8 7 91 15 21 91 75 19 85 42 15 82 86 76 69 72 96 3 60 59 21 10 47 67 88 83 44 52 53 1 26 63 65 91 62 65 87 80 29 67 93 37 20 36 81 81 87 19 71 88 10 14 4 81 38 92 34 41 52 77 13 67 47 36 59 44 57 51 43 65 36 65 35 83 13 82 78 73 61 73 75 51 35 27 29 79 61 88 62 89 51 85 26 23 32 53 40 30 10 66 35 82 43 32 59 77 87 46 61 12 30 20 6 47 72 26 25 73 51 65 97 83 23 27 97 95 35 25 56 88 12 13 51 40 86 10 68 67 48 20 13 94 97 17 16 93 20 52 50 33 93 5 40 78 46 7 79 97 55 13 23 79 32 94 70 57 36 28 1 20 69 19 39 17 36 81 63 32 23 47 4 62 16 9 54 35 7 94 93 43 31 54 58 19 48 10 99 83 65 57 47 92 26 12 44 85 74 45 14 47 56 88 83 74 43 72 50 31 40 5 24 3 79 72 24 22 96 49 87 31 60 25 6 75 8 92 40 69 40 80 30 96 42 53 90 64 88 32 35 24 63 35 28 58 1 9 55 25 35 50 26 38 21 77 44 96 47 19 57 35 24 44 100 18 88 8 78 29 94 68 76 59 47 77 68 36 49 86 99 39 2 91 76 99 33 55 67 5 55 31 96 93 82 43 9 54 73 73 99 23 27 12 21 34 45 4 12 33 95 41 58 28 82 50 43 54 36 75 12 63 8 79 30 72 100 23 25 34 16 90 25 35 58 66 87 7 5 65 35 26 43 65 51 22 51 15 73 82 10 32 32 37 86 18 65 48 79 14 26 63 8 80 78 80 42 63 76 86 53 53 77 40 9 96 97 48 36 52 1 66 90 19 12 12 61 22 17 48 61 100 95 4 8 25 76 71 27 56 32 27 76 16 67 38 8 40 73 7 43 77 92 32 88 1 88 47 13 19 25 46 11 88 11 13 74 20 37 95 26 57 34 18 41 29 56 7 37 82 90 35 64 10 32 23 55 8 89 99 91 34 16 60 41 8 78 24 59 65 49 38 92 17 84 54 41 90 6 92 94 46 41 2 31 45 88 94 82 81 4 8 34 66 36 56 70 50 91 20 23 100 75 49 100 22 77 55 5 78 81 6 33 32 23 32 74 94 16 34 39 57 83 1 28 34 9 67 84 27 100 41 92 16 82 56 69 13 77 30 33 93 49 72 35 38 30 81 21 26 13 73 64 23 60 66 80 99 69 57 51 75 36 91 91 10 87 54 38 9 90 72 10 98 47,jHZ7Fcvawkwu9UmDIMcitW8MVg77cdlAT2vpxojleF2i9ecm1xHeW0xnt80poZJXTBVuzS78QDBNKSERv0x1HeDqWvSeDkDysevlBOSGbOYbeWVW/XHcA6wNbHZwGlXue3MIo8rI771dn7P6i+ma/MxyONyDACR9ttZayuu+p0Zi/rcRzyYS6bXiC7zhcDV9YNzhDR2ew/GBxO8CXkRjqQ4KAc3w4jzbVPEBzkplWth1qZiQm/HLlpF5GDOyUPRfaK4OUmitY6NRBH6VEX27nig/AzdjBM0ZpKBDLuN2scen4yHO6pb7HsdY6lXeWPggeySZ+fWghZyf/Z4gtZr44mtCEUcb5ADOAuhyvrclnt8HIZoFZ0N5x8jJaeuDn+yIfDdqrWDHxSu/Hjvlq8j3Wk62dgZZEGlbxpJTcP68KiEaZQGYbI5wHPNuHugWWhaV6TklbKpPbZ60MCf3FwXKNN6Fz7irdV/SoHsXCLcVexeSaQv5DgZBCMvJDWY7f2r73Wyazf8gCwtYXt/paoi+/c7hO1my3/Q9sNgoAh65FVHyBOf4qyOZJ61toBLs2vEEjXPSpw1YllPubpZkzzT1gEjWpiDYZOh0rN89Iv1d9HhCqJmnKqWPCBZn/L8Yuwnz4Pskpu1ATjx3qZSXWp0KZX/yum40IwXOXu2f5n5/OqI=,ChvLDArmGCiBGkGholbp/1Z493To4eMsEKgWbg2HXRxjugpYeT96/AncLgoy0dpZGIuV7Y69bBvYeM7HvWLU5Q==
455,2026-10-05,19:35:00,39,2026-10-05 17:35:00Z,58 21 22 80 52 86 63 62 20 54 12 100 3 64 27 14 26 74 82 48 38 26 51 50 24 91 27 24 85 86 93 96 64 80 4 11 100 43 35 71 66 96 81 10 61 3 16 98 100 64 45 13 18 3 94 72 26 9 35 77 99 96 41 71 96 34 71 55 23 5 30 38 53 68 16 65 74 19 47 45 71 33 72 89 69 67 34 24 72 65 15 1 44 58 86 55 90 12 26 62 58 68 68 2 67 49 56 99 56 62 44 68 12 33 71 98 80 26 7 19 58 72 34 73 56 48 12 57 21 35 90 67 71 24 9 94 64 35 77 47 33 96 70 29 76 20 63 56 67 36 37 60 22 47 45 61 69 59 3 7 99 12 12 54 34 9 26 71 81 55 69 37 4 20 80 40 28 89 65 62 20 48 80 83 82 18 91 55 92 46 39 62 79 66 40 69 85 13 7 75 99 19 2 64 64 83 79 39 81 2 34 94 70 75 93 24 67 83 10 44 46 13 92 83 68 92 78 95 69 21 82 78 92 31 71 86 62 27 85 35 93 69 56 51 1 10 51 24 73 22 90 64 65 98 39 48 28 82 50 59 85 62 39 61 97 27 30 33 62 11 66 13 95 76 93 21 46 92 36 94 98 31 79 99 97 47 50 24 49 88 43 49 94 80 56 33 80 47 58 40 50 38 74 76 45 92 56 75 82 43 67 87 16 9 95 93 23 21 24 62 99 75 28 60 79 36 3 55 65 67 2 51 96 58 70 68 20 52 80 24 48 26 96 28 47 68 58 37 10 17 19 27 74 69 80 97 13 50 55 51 44 87 5 57 19 22 70 88 50 96 83 97 33 4 58 11 29 53 60 55 55 74 92 56 96 6 96 62 4 40 66 67 74 100 13 42 92 75 57 61 27 93 37 52 23 29 100 84 97 17 24 51 55 41 69 48 43 11 46 33 73 80 10 61 61 50 54 72 79 72 63 82 48 80 89 46 67 48 16 75 4 54 47 47 45 35 27 4 65 86 78 49 78 68 23 62 64 69 76 11 83 88 17 80 35 51 60 31 87 43 67 96 48 94 12 34 30 69 94 92 34 27 60 24 34 60 7 99 83 9 87 25 14 32 63 73 88 30 86 54 34 24 33 46 3 3 16 75 75 31 80 90 15 77 32 91 29 92 40 50 98 7 30 48 85 73 99 88 19 99 75 51 85 68 3 23 1 8 30 27 71 92 50 58 49 55 72 78 15 89 60 75 11 1 9 95 21 47 31 88 17 88 27 85 85 39 49 79 22 57 68 100 1 26 55 56 14 45 36 26 82 100 34 42 95 51 95 22 11 58 45 8 97 64 83 56 34 73 31 73 16 90 86 58 77 15 84 34 63 65 4 73 96 72 48 50 45 42 26 63 31 20 73 70 98 34 31 28 60 47 85 50 71 65 68 72 15 99 32 34 33 28 43 62 41 56 59 7 97 72 100 72 94 24 74 13 86 90 28 95 99 52 61 6 18 2 52 57 53 16 71 96 87 35 52 1 85 44 3 17 56 83 21 23 1 22 42 43 33 83 34 3 32 19 45 68 76 81 89 71 76 15 46 22 11 2 64 68 44 19 60 93 60 82 55 22 22 17 49 63 81 73 40 39 52 53 67 61 62 29 14 40 56 70 84 97 94 48 92 40 52 56 67 23 52 9 32 32 9 24 71 34 7 81 5 75 77 84 82 24 94 6 16 74 41 33 93 41 39 21 73 57 7 55 47 91 98 16 43 98 30 37 10 60 51 83 48 62 88 69 54 46 50 71 59 5 90 57 76 86 94 12 97 63 27 89 9 45 65 81 68 87 63 5 67 99 81 37 14 22 12 67 27 96 26 41 99 61 28 7 66 8 70 83 6 7 38 25 54 10 78 1 25 79 60 51 86 6 14 9 77 43 97 61 100 41 55 40 93 42 64 68 63 83 36 47 25 80 65 41 99 58 49 34 67 93 66 67 48 71 76 38 63 56 77 36 38 17 75 77 44 75 38 89 27 9 57 73 86 56 37 66 100 97 9 61 51 25 51 55 86 79 61 31 47 57 53 32 80 43 90 85 97 41 9 64 18 33 100 14 94 48 10 75 48 56 82 95 12 58 20 46 35 77 94 63 95 100 13 4 28 30 53 27 28 22 65 84 26 78 67 34 49 68 5 63 15 81 54 64 27 46 12 13 77 37 13 11 57 84 23 92 54 47 5 13 19 25 91 48 20 84 34 30 53 38 35 7 80 35,ugzn3KFdSTuhjhIz9TDZDvHEwoXAjNwaNUdDqwwFFl4wVfKXgtQp1yed84QDcJ6qDq4oZJMSM9dfbxqOHKx2/joboK3o4QEeiFeDrcy6pvg+0KxF1QyFmBpdyUUwvBbR7SvLV+ZAhBhCDAlQ4rsMtqFsl878TlneM+ASZfPC9YxOTlEyeTJKXpbgsZetfa4m6F+4cvexhi/cDj9F0Ams+BmMGgBYst+Qry4anx3TbsNTPt/qn2+KULcqrYuVw2Qky3aTyPCaQcYDaQEZPi2+1R1nbHKxTP7u6zew3ncX/ccynqZWM0PPW+Krgt3UU0pxC2FSH/LcuJ15IbrfVyhD1Are09MPtCPRBsxlymkE55SqtYrqWoMoi0nYLRWkYt23yJsRGR28VgIiBAIeib5C4u76oMceZ6ytyMzNkEgIGrA+keDAqEP7KFP5dCSzZuWszMkrcVuoQ5Rgx6PTocel9dBvKn+khwL86XI4k57qx+OmzHOn9oVGgUx443ububjdbX5/0XD6fkIrYFhiqleFNinnqixburHwG8az+geeNHf2KUVBu2plmpIrME9CHp3oQpLUOVI/F6kz44xhfO8zdOBFXmLVrhuan74r4vCBox6rAd7A0t/0NC/IMOA+/aNYTD4TpxmoFy2ngTfahWVguu1Uq9iBSUNzp/emC2YL6wE=,ChvLDArmGCiBGkGholbp/1Z493To4eMsEKgWbg2HXRxjugpYeT96/AncLgoy0dpZGIuV7Y69bBvYeM7HvWLU5Q==
456,2026-10-05,19:40:00,40,2026-10-05 17:40:00Z,10 42 100 59 16 90 55 94 57 55 3 100 84 48 100 81 1 95 47 42 74 60 98 37 75 60 6 26 39 42 25 80 79 60 53 80 43 91 12 70 19 28 53 35 32 22 33 18 39 2 33 22 76 62 67 38 17 76 30 31 45 45 87 70 56 89 3 14 56 2 17 44 36 30 35 91 16 89 21 20 69 65 4 48 30 31 9 17 93 90 56 30 40 49 15 69 3 11 86 67 78 53 52 18 64 97 36 62 62 63 38 75 65 99 74 17 33 84 7 62 36 65 65 17 16 69 24 34 35 12 41 25 49 66 7 41 100 17 73 89 57 75 67 19 36 29 91 38 59 17 91 14 77 18 64 27 75 30 82 92 47 87 72 31 57 84 38 91 83 53 4 70 45 81 49 70 89 24 45 88 100 46 64 91 36 75 60 17 96 42 32 85 69 87 15 41 49 28 67 7 24 89 68 90 85 69 44 40 67 22 25 1 96 5 3 94 9 22 11 45 88 34 29 12 31 83 81 44 25 95 6 85 73 21 48 93 27 72 3 29 53 81 13 82 98 13 64 34 48 19 15 36 30 43 95 36 17 54 95 42 26 26 13 75 41 39 29 20 94 87 51 49 52 68 95 70 44 26 38 27 38 72 38 49 32 41 29 27 81 14 70 51 89 24 95 11 56 38 1 9 48 78 79 5 27 84 7 28 89 78 58 58 33 12 77 60 87 37 65 49 62 10 7 2 96 19 23 60 71 35 30 20 75 36 44 64 42 62 30 81 81 87 57 53 49 45 4 52 16 20 98 16 36 27 49 87 36 26 44 99 53 72 1 53 47 57 28 31 84 31 81 13 78 52 22 59 94 36 98 62 65 82 96 91 8 98 45 10 15 36 16 47 97 55 46 31 53 92 9 18 76 85 55 71 17 59 96 74 54 12 46 69 62 29 78 33 29 20 5 88 88 58 74 23 92 1 69 71 72 58 50 63 31 36 55 32 45 31 85 45 78 4 12 15 82 15 82 8 1 27 91 97 25 69 14 76 1 78 7 14 68 3 38 43 78 83 41 19 78 87 25 32 24 38 83 51 78 35 98 90 98 34 48 9 63 72 24 55 98 69 74 89 38 69 2 77 41 45 80 18 12 25 31 21 38 80 74 7 38 9 88 34 74 13 31 78 38 20 85 32 47 52 77 59 2 28 83 67 23 88 69 93 92 18 96 45 95 41 53 95 96 27 84 57 20 13 93 51 62 72 84 57 92 54 6 5 31 64 35 44 49 62 32 73 9 80 18 71 60 85 22 57 66 80 32 23 28 2 100 79 50 29 92 44 90 75 48 31 90 60 67 35 89 59 79 26 54 89 13 97 29 34 29 23 57 52 70 2 48 100 24 77 9 65 47 55 10 41 27 68 90 17 51 82 16 83 74 25 24 93 24 17 36 87 30 85 98 96 36 6 88 42 23 66 44 66 45 38 66 10 39 59 48 19 24 1 38 16 14 12 9 1 3 98 50 27 9 57 3 99 7 42 84 19 16 97 89 63 1 51 74 6 25 92 39 43 1 22 18 89 33 80 15 16 3 84 20 69 41 63 69 84 25 16 88 90 30 13 26 10 29 100 13 73 71 48 19 57 2 65 14 36 48 12 69 76 26 68 95 3 25 89 55 87 50 14 95 98 55 47 49 18 79 44 53 55 15 70 23 56 37 19 13 54 40 78 99 57 52 96 24 41 74 18 51 28 88 68 50 75 79 82 54 14 73 93 1 61 13 55 23 55 89 53 5 12 90 20 53 69 80 67 81 78 29 60 51 99 45 51 28 99 37 50 62 31 73 73 88 24 62 46 14 35 51 44 82 93 22 85 24 81 60 44 74 22 58 52 39 68 68 90 26 87 60 30 63 20 13 12 93 74 74 44 54 18 38 79 1 37 21 81 3 43 28 65 52 89 18 39 66 14 86 74 13 72 8 3 34 55 24 43 17 81 75 79 19 93 11 97 3 48 39 14 56 11 4 41 87 26 81 54 35 97 21 45 19 17 11 84 20 60 60 44 7 35 38 14 67 8 22 15 16 15 74 95 69 80 14 67 25 27 23 32 76 73 66 11 44 63 82 10 58 23 38 38 21 43 59 92 29 23 13 34 6 78 40 21 96 33 71 15 71 57 97 84 59 26 50 90 36 3 35 94 79 68 65 3 6 72 40 5 39 76 51 82 39 28 30 88 87 3 87 3 20 33 40 27 54 60 81 47 60 83 81 71 6 25 97 19,uaIejsfajGjz6IsM6piMDGwOnajv2sM9qHXzAHUAOEkbwBlfc0VceCz85+if55G2sOHphkYmgmKeXbcB6Gw/eVL+gCwqxCvZZsZzMzOa9IQgDPIYEnIeA4/S4T8jvFlp4d3ul99t97ueUwjd5LJHUalG94lEiVObhyJn3v5EJSCiPrTWvS0lHG7LNTCSxpf6MNEPPjWu7I4h/d39XHw/DydVn7OnHaJHOzUQguJr4sIz67rFnJ/2gIJN7nf2MFuWEJbBIRvjXJlsShrqFUYurj9ZWD71h/IzciXJ0dYVQwtwL9Du1NFhyjCZMzKKJVgxwrhj1NLb9m2zs7ByyZPxlqaiSWWLB0POodQrO54ma0gad+haWMFIG/KOCJPPD+e4hZrqK9jO0mAOm0WA6bXzmw7GGt1wwNrSB5mUnb+avRuYpC4RKB8yBXHhiYF9T6h5ODMCK2SSN70tsVblW+qc87EoSczl9pvcoDEmV/t7UHKmEI74M8TKkTL6T+5t5Zf33YvXMATYH5HgPvEJC2qhYLGifkfeYHpVaeg9YIVe9D9qtBJym/liXq0YZdG4fOC0tt5Yk4OCmWqsuoLzOrylsUcva+22amQQRrmHLhXU3Hkn8oxxzRMo8Ct9r4G7gNL2JkVwNihWu749vLDXYUTk/nd9BM6ZD36w0zBNiWIk6TM=,ChvLDArmGCiBGkGholbp/1Z493To4eMsEKgWbg2HXRxjugpYeT96/AncLgoy0dpZGIuV7Y69bBvYeM7HvWLU5Q==
457,2026-10-05,19:45:00,41,2026-10-05 17:45:00Z,87 38 16 80 19 70 3 89 57 90 70 20 18 94 17 82 32 82 43 68 54 67 74 63 93 81 59 11 66 44 4 99 7 73 66 99 31 29 84 30 61 28 29 39 22 18 77 30 41 90 46 59 75 19 3 86 13 15 89 45 75 72 57 79 8 24 4 12 22 38 6 9 22 30 91 25 37 34 29 5 62 85 13 34 57 41 28 19 92 52 7 54 9 10 60 34 27 43 35 59 16 43 44 37 88 100 11 6 32 43 95 73 51 19 17 98 32 90 100 59 27 84 82 94 99 65 93 42 53 64 81 40 94 31 80 29 29 38 53 43 36 33 23 85 84 42 6 42 9 21 87 96 64 17 63 67 98 30 56 65 30 15 50 45 100 21 6 49 22 100 91 8 9 37 81 33 27 97 98 17 26 5 54 90 96 30 78 79 96 35 28 63 81 67 3 41 49 27 50 93 37 48 78 60 86 35 97 89 2 13 80 35 22 59 24 51 49 29 34 45 80 89 99 43 69 27 76 41 67 67 36 11 36 59 100 70 94 15 94 45 12 60 27 39 91 79 93 54 39 37 79 99 92 52 36 12 35 54 27 5 66 60 99 55 15 44 27 93 55 100 33 7 90 63 84 7 31 77 98 23 30 27 89 97 4 10 3 66 80 57 41 93 39 18 99 5 92 99 74 9 51 52 22 40 90 17 4 70 73 40 26 67 71 91 12 3 10 96 20 40 23 44 98 27 91 69 50 65 31 36 33 41 50 37 28 43 64 85 75 94 18 34 1 49 81 54 68 66 58 95 77 45 8 28 60 93 63 12 90 29 54 12 75 87 93 7 44 27 47 67 47 19 59 8 52 37 31 83 15 30 90 30 96 45 47 86 87 61 32 73 57 51 87 8 7 30 73 5 62 3 33 80 61 79 34 24 32 37 60 26 95 95 4 61 90 65 77 7 8 36 40 61 86 60 63 17 16 59 81 74 62 74 18 70 68 47 63 57 46 22 78 55 79 77 41 77 100 9 51 23 60 23 93 81 85 75 71 68 89 88 94 30 1 35 22 11 46 34 67 60 12 26 99 18 24 84 10 22 66 34 32 50 10 59 65 72 75 34 1 77 97 36 33 23 42 37 17 6 75 75 90 19 58 77 34 98 66 60 95 17 75 42 25 18 89 22 74 73 94 69 93 37 99 33 79 62 52 80 72 80 54 13 89 62 58 91 41 66 22 70 63 63 40 40 58 45 20 14 18 63 87 89 99 69 4 32 24 18 6 92 58 73 16 95 36 44 77 80 73 10 9 85 36 73 25 83 70 51 22 12 16 100 77 6 40 95 11 12 91 41 19 67 87 36 68 10 7 45 38 12 73 76 64 42 31 98 62 66 48 21 1 56 35 19 21 12 94 84 59 4 93 21 85 27 57 65 84 2 4 7 88 70 100 85 46 45 61 78 14 72 38 7 74 28 20 6 31 24 53 34 26 39 49 16 32 69 60 49 72 46 89 7 46 59 31 19 60 46 100 80 83 78 3 43 23 68 61 50 46 94 77 44 98 60 18 98 78 66 69 93 68 74 8 21 87 85 81 7 95 88 81 52 72 21 63 71 82 10 14 85 48 64 64 57 78 49 41 54 51 18 36 91 8 94 69 60 64 78 58 49 35 66 83 53 52 97 77 96 45 95 24 39 82 98 46 6 76 68 98 30 85 80 75 74 74 4 45 2 55 92 70 96 20 20 86 38 64 5 93 63 28 68 39 100 39 84 83 88 28 4 91 4 35 38 61 67 25 72 74 98 83 97 55 14 14 26 90 44 97 79 24 49 5 50 8 64 95 39 31 81 25 3 9 39 54 13 73 80 30 81 8 63 89 23 59 30 96 3 20 67 79 9 53 6 34 31 19 94 58 4 84 52 87 54 1 83 82 42 47 100 38 31 38 41 88 20 4 58 39 26 44 5 28 77 64 67 59 30 40 99 63 97 28 31 17 93 15 11 65 55 18 82 98 18 28 55 10 49 35 10 54 21 7 17 8 75 31 20 51 64 29 35 87 43 25 51 37 48 63 72 63 22 64 44 44 11 23 61 26 18 91 56 69 95 71 33 2 66 52 54 6 58 94 96 1 75 46 17 60 63 37 1 17 8 89 52 88 5 12 31 22 31 71 67 65 11 24 70 66 9 31 52 42 6 48 93 9 29 95 1 87 76 95 100 62 22 9 69 66 57 100 71 55 56 95 18 69 74 93 45 27 96 40 84 62 14 94 93 60 42,4yIR23OXiLSpXS1lO8uZPJ454RwAIbnxCYuZaaxGufrjWHAt4ZWWN5OE+z3cFt3DgiZ1Pjj3wlHqS1TxaG2A+iA02J6VYnvb0PPXhJwoYi0X/8UvlfEldfCrd+ROcEFYCWOgYBRSisK/FMWqwmSLjsX1COdWAbazZ71Pl/CTZzyM03WOL/kO+AMI6Asb5uOzx774TDEWP9pCcZ/I7NqJ9KHz7i513bwUWLY+wOHlyXCgjvTToRK13q1sEqSnxsWRs/PK+fIx9f6ncBwIKA60uSk2eSPNnKtd8zK7gyoYj3EiAeaDijwdEpyN23Fd/zD7UrDWJmGeYDxRnskTm7TXQertoixrC55YFDe86p+zHpdwYEPk/1du7UYeFYc123UfmyR93mVVaoyXWf2UZaJeA79AHWj70W/kHakqGFpE/Rix/pbIzvegZdn8zcfKZTTGyQ6J6OpWA7odS3Ip7aVpFwBzmIfFG5/tdrsag1NRy6Xyxw+hWb0b4q8HPctoEPCSvylENgnIKjtVs2xV+4cSB4+ylSIljjSlfWEMOUwzkLAjr+y2zrvm7DNc6iO09/4r5UHudUP3yNhdbG5Z6bGw/C0KmjNa57jsNP3UJUn99F/YCDTQK04oe6EzIoFhVUlNeMTETvrcmW5Iq8l76M/HSzjPd0lC0eoT5Jpdy+i2z7M=,ChvLDArmGCiBGkGholbp/1Z493To4eMsEKgWbg2HXRxjugpYeT96/AncLgoy0dpZGIuV7Y69bBvYeM7HvWLU5Q==
458,2026-10-05,19:50:00,42,2026-10-05 17:50:00Z,83 88 30 95 23 58 22 95 94 13 94 26 69 57 14 86 100 99 72 80 61 54 53 79 60 90 49 98 100 2 85 77 37 23 80 74 39 97 37 44 32 54 68 53 48 93 52 70 19 24 45 43 69 67 41 67 11 78 72 93 33 15 64 86 79 95 37 98 74 25 95 30 88 9 37 57 33 31 18 45 98 85 95 88 16 84 57 23 14 31 90 63 15 74 37 6 50 52 59 11 14 96 98 16 80 85 72 21 50 25 18 76 78 60 69 49 44 18 26 5 55 57 97 4 4 47 89 13 32 75 3 27 23 34 83 94 8 100 75 66 100 69 43 52 16 91 29 77 75 100 77 64 79 47 42 2 46 68 50 96 88 16 30 81 55 57 45 16 100 6 5 80 11 12 34 28 36 1 59 52 56 75 54 33 33 38 96 15 46 55 46 87 40 34 91 21 88 17 60 35 96 80 79 64 41 17 37 38 79 64 30 47 40 12 2 5 67 28 37 25 12 76 17 4 51 10 26 81 88 29 94 94 84 54 61 6 7 16 66 42 68 52 42 14 74 48 88 48 93 77 52 95 48 75 18 32 60 16 29 36 18 16 60 43 95 56 67 43 5 83 62 65 88 85 92 32 58 85 5 29 70 11 44 33 50 77 17 7 60 59 77 73 8 20 41 98 30 50 40 77 36 11 4 55 48 32 4 62 72 55 3 10 62 32 3 19 27 100 7 66 19 25 49 80 93 24 39 16 6 64 92 82 87 14 73 19 57 4 80 11 30 86 25 82 82 87 54 36 71 25 3 19 71 21 61 33 2 64 15 32 36 72 83 57 91 23 81 79 62 40 77 21 93 47 97 98 33 25 47 22 98 36 72 53 80 28 27 38 73 85 38 43 22 48 1 62 55 67 97 12 38 2 78 4 76 13 73 55 57 4 4 95 8 56 51 49 9 54 84 8 99 89 47 9 81 92 67 79 87 21 54 25 91 4 36 63 46 6 6 44 67 66 44 68 89 2 15 29 86 86 5 89 25 16 15 25 47 71 14 83 91 24 54 6 100 48 69 63 49 60 21 22 9 47 60 52 59 19 83 98 95 32 71 71 83 10 67 49 55 61 88 38 32 35 50 43 79 26 89 80 68 40 56 18 63 26 89 64 20 86 52 15 89 88 46 19 68 20 90 32 85 94 40 20 14 14 47 29 25 86 33 31 7 3 68 63 57 81 47 55 80 95 20 28 20 62 69 20 35 51 58 20 48 17 93 77 9 93 21 6 93 27 44 67 26 77 91 95 80 4 21 74 29 54 38 54 13 8 2 89 12 47 41 42 28 50 14 8 12 59 62 3 52 23 85 4 15 66 71 41 45 44 41 30 15 24 54 36 51 3 18 61 28 5 76 93 35 45 39 15 34 46 90 96 38 63 44 25 5 95 92 16 70 95 96 82 33 57 99 1 63 36 17 16 68 79 28 54 54 52 81 68 52 21 78 59 71 42 66 53 63 73 99 36 87 29 2 74 71 57 9 30 16 30 85 35 8 59 5 21 26 13 97 56 90 80 98 29 14 43 63 46 36 74 73 67 35 2 84 44 72 89 65 30 11 46 6 12 93 10 24 28 23 70 69 96 10 53 42 86 7 71 6 2 86 18 40 73 60 52 42 59 33 57 36 16 78 85 94 72 54 22 71 74 37 13 79 33 27 46 61 87 75 59 14 48 30 61 43 71 18 8 4 41 46 76 31 45 98 95 27 41 44 32 67 80 99 32 82 83 28 40 57 13 16 28 12 12 16 41 73 33 63 68 76 45 62 50 96 35 46 17 26 8 73 28 96 81 92 4 2 46 84 85 56 34 13 43 2 51 5 6 96 70 45 79 74 72 32 6 45 27 54 86 7 30 45 42 59 85 63 58 22 7 42 50 41 50 47 100 95 40 73 64 83 86 28 36 81 44 83 55 58 36 85 20 69 86 6 56 2 1 4 65 44 17 30 82 34 35 83 29 70 30 42 10 7 42 82 20 4 29 52 40 26 77 95 73 48 57 36 94 67 48 24 37 57 24 93 3 82 49 19 9 3 41 51 75 78 13 85 40 52 31 43 70 32 26 72 53 39 85 69 6 67 75 61 100 81 46 47 55 18 97 17 28 8 34 62 6 27 6 27 78 46 3 63 2 54 77 13 47 17 82 52 64 29 24 43 53 90 20 47 62 1 39 18 80 19 4 31 26 67 12 50 80 77 76 83 54 8 33 95 48 5 20 97 71 85 31,W+AW7G8ht5t3zsS65EL2dbL9M+jzvNklQWIg6VKx/VE/2agfMC9xIXXdztSQ//rRvLfRjgZ10OADP2pQqWRha1lvgMeFpk9HKcLOzcsLsFZgFGRzy/hR9gSCyggrkro5qaPmfy4H/j+jpyitMeXzEOq81WXbquuxEtJJ/8qlyFIwc5hnzVQVxiYIP6PGXUxP7A24oNAEe5bcdiqSGiuwlW7Vsy7ayaX5Js4T9u466b2C7wGRhVL5R4GgqS54IIkybF5Lu6uFKFmHWvEFEzGQjTfFwt1+O70EFNl5qugPPi0uhFgoNRkndgwnZlTRuoy1WUOACJrZHQSI96dAebhlEuXryAK+i5V7RY5PiBd5teMrKGO5oCAIXPW81osX04UVvLm0AiXKc0t4QHZ3TTGgdusSTlwVr5zr3LfpIAZ0uaZS692rWdxpOrRPNL2C09dHvYJVHxKans/wetVAPZzgGLEtXnMwvEeXWdVmT71U/KT6ADdRsBjg5hWyKrvDFZAv6pG7NwzgmqUYShdHnpkhTHdVXU4XZRBGrEYaUEP0wRaVS3sdvj7Ip0mpcIfFxcMbv0OcCzrSoPmTyaM2nA/IUoQkQyJ7GMZslePCrX2YTNcLuPKwrJGldwQ0xsh9/5emZ+8MLsyLeJj7BS2YvA9XQmlEXBx0jZlR5EWoCFAu9Lo=,ChvLDArmGCiBGkGholbp/1Z493To4eMsEKgWbg2HXRxjugpYeT96/AncLgoy0dpZGIuV7Y69bBvYeM7HvWLU5Q==
459,2026-10-05,19:55:00,43,2026-10-05 17:55:00Z,73 22 59 7 29 62 64 74 33 34 48 94 40 95 16 24 69 49 18 79 67 38 13 90 72 69 7 70 69 44 61 14 13 38 66 64 56 10 53 49 52 55 11 13 85 58 97 32 31 48 49 58 92 71 5 4 79 28 55 14 39 12 62 25 35 24 69 60 44 68 42 68 5 74 71 52 79 58 43 69 67 85 60 46 58 62 97 100 55 83 2 44 81 74 64 50 14 78 29 27 59 66 27 2 50 93 54 91 78 27 24 97 7 74 48 63 93 14 43 98 69 59 58 13 16 20 79 74 98 59 36 59 1 36 54 83 3 20 6 33 50 74 89 53 22 70 18 44 36 45 21 17 91 35 53 25 43 92 44 58 31 32 42 64 4 95 77 32 46 64 97 12 97 74 68 86 92 10 22 23 49 69 56 41 66 9 72 91 87 25 85 88 90 48 62 60 94 63 29 100 59 73 30 45 79 39 78 100 33 46 69 12 31 56 77 46 12 92 32 28 44 40 45 82 8 70 75 18 34 1 99 76 1 87 57 57 90 100 78 99 11 45 33 85 47 54 8 75 97 58 57 23 76 47 27 41 68 95 90 66 82 82 90 90 46 2 73 65 59 52 88 5 8 27 76 98 82 9 45 83 40 76 97 20 74 46 49 22 18 22 6 18 89 3 31 54 70 62 28 77 38 53 90 98 21 24 22 5 19 92 82 56 54 66 18 75 89 91 65 82 38 56 43 51 84 69 7 7 11 28 59 49 22 55 37 3 13 61 72 2 39 62 80 75 98 10 20 25 91 7 58 35 97 41 80 84 23 39 95 46 54 54 42 15 44 5 66 75 49 13 29 97 27 52 3 28 65 64 76 85 32 57 13 9 21 92 17 49 53 79 80 1 53 43 49 97 73 51 87 7 5 84 44 16 11 86 36 18 86 98 70 6 51 24 18 89 99 38 23 27 22 36 85 56 81 72 86 38 44 42 88 38 82 75 58 5 83 71 12 68 94 33 32 15 69 70 30 67 86 78 78 24 44 77 64 47 66 53 4 81 91 10 97 80 45 92 12 89 3 14 41 64 34 21 20 2 57 26 87 53 2 5 76 22 7 45 44 18 87 23 11 97 70 61 15 54 11 3 28 59 29 30 28 8 59 73 62 67 57 77 72 60 57 29 5 91 70 76 64 22 57 77 7 48 42 43 24 76 22 97 98 38 78 68 100 58 44 11 12 59 17 34 4 61 76 27 3 18 92 26 48 86 51 59 57 12 86 28 29 23 85 20 5 30 20 74 34 91 59 51 38 38 30 52 81 36 64 58 37 19 29 86 60 22 73 96 21 57 78 14 65 89 80 11 33 9 54 44 8 90 72 100 56 4 39 61 38 7 14 45 63 19 90 15 24 5 18 49 58 25 60 99 7 97 73 4 29 82 13 100 74 41 80 77 70 68 41 3 95 99 40 97 75 65 80 42 30 1 48 3 96 63 3 4 28 64 56 87 63 98 50 3 30 66 28 5 43 56 8 31 100 44 36 78 39 43 96 21 16 14 95 12 71 58 83 93 48 70 37 80 93 57 97 4 87 86 20 63 99 89 98 15 17 6 51 28 61 13 67 32 98 30 38 100 44 76 95 96 86 91 81 79 52 94 36 71 77 41 63 48 92 48 26 90 43 47 80 10 31 97 87 80 97 40 52 32 30 83 37 43 77 38 66 46 86 14 44 40 38 55 88 60 100 88 41 58 21 67 20 9 34 48 10 72 36 23 95 70 86 80 76 21 95 6 25 90 22 30 4 69 20 11 1 97 34 50 86 21 94 20 37 11 71 15 89 15 85 70 29 6 91 5 40 56 80 53 62 100 89 61 47 22 66 2 96 51 84 77 7 25 28 30 76 48 78 84 78 50 20 20 43 63 56 36 36 91 76 44 80 33 25 84 48 25 71 84 68 61 14 90 22 33 15 20 97 12 1 10 88 31 83 15 20 94 9 2 49 66 45 78 63 26 4 82 88 99 50 55 25 33 87 44 60 28 29 26 62 74 46 90 2 31 79 83 34 37 38 91 20 20 53 66 84 99 6 29 48 58 37 67 42 66 55 24 2 65 60 16 34 41 41 99 40 58 15 35 64 91 13 88 93 100 78 37 81 62 91 36 30 2 40 32 58 35 79 90 95 4 7 3 3 99 69 14 82 61 1 49 39 66 38 63 40 2 35 16 55 93 93 26 79 36 17 44 29 43 68 78 12 73 91 40 16 34 45 29 23 59 23 5,z20VCz9Y1HlE1K27+Wn85TIVLnYJZShUChauZNMV0YKnkFqciuYA4qpr+7NXypej6DRfwQjqGD87Hm7/ADG6ktKr+gXuEY2ttIqHJVXev3gQ2N0Io5+VEXiA32K+MdUHH+I+3pBeumcj+rUy4nY1rum70GZkYKWoECqY3hak0r78THnqxttfpO48retzNycBSU/d5wAZ81tYBgfMnjFHQ4z/A+XfzQiiAPJkHhYBQWbXCIAqHLhQ1VwaC5W1beXWG2qp10R+QjSDGjEm/uV+WLyBs9MjnIMF3PmjRmGtZ85JHYKwenCEFLWiQXCTfKnyRj1+UUE7yhXNGO58aXd3AA5is0HEOXI/dQLAbBNlj1mQyI721KmJbf9jQLkkpqbkl0B/ndl9ZpgW1FpDLMFcghHkSXu2OR9UEkNPgWDBU0dcWNsfcmmW0R6YyUTXB5A9JqIdzQHoLUgD95CAyF4oIg3mKdaeZRkB7qqRC8Tqu8kcSH5/oc/q2K6hk0JBFsFdmjRpvN8MEnC3u3bkqcWWgpwoszcgJiPvBeJJuttNN2krQwhMk0KDMeKI80UoG/rTYLF0MQKw4FeMY/3fdWEbhFcN13A6rfgfWzwFujfmu6j2UHLKrNLCTMBriOjudTDIAgwoVSJ97JbF0QYArSfIBH9yJv53eYighF/PqBV2+kE=,ChvLDArmGCiBGkGholbp/1Z493To4eMsEKgWbg2HXRxjugpYeT96/AncLgoy0dpZGIuV7Y69bBvYeM7HvWLU5Q==
460,2026-10-05,20:00:00,44,2026-10-05 18:00:00Z,91 10 16 56 84 38 65 79 9 34 64 69 54 63 46 56 14 66 55 25 82 17 24 69 24 5 95 58 26 97 74 33 4 78 90 97 49 62 49 13 50 44 65 53 56 2 64 40 3 47 71 94 34 28 58 63 13 77 16 14 72 62 97 10 74 16 54 74 97 87 68 61 88 13 53 81 98 39 54 52 3 19 58 12 20 87 85 31 12 86 38 95 31 98 14 51 58 31 90 55 81 67 13 50 23 10 84 19 7 15 38 25 9 42 23 63 76 45 52 23 55 81 33 97 61 23 29 60 41 39 54 56 15 15 80 97 75 22 83 43 34 12 95 99 100 21 17 64 5 24 69 61 95 72 28 72 88 73 66 66 86 16 12 15 80 16 85 66 41 88 78 81 52 5 24 68 13 78 72 33 28 94 97 67 64 8 10 12 75 14 92 43 42 73 15 60 97 99 88 90 15 34 4 33 1 21 28 36 45 2 69 39 43 72 96 90 3 54 55 99 91 17 25 92 79 30 59 35 28 22 95 34 100 39 88 29 60 24 1 72 5 3 46 86 33 6 49 8 31 26 17 64 15 87 95 21 92 71 28 52 40 73 47 5 95 85 40 38 94 56 4 29 66 57 18 65 16 18 88 1 64 100 7 75 47 74 30 89 15 49 94 41 93 69 88 4 95 61 22 11 80 98 60 85 56 60 34 61 66 100 8 32 61 41 50 2 53 49 69 7 15 9 59 15 94 82 16 70 72 80 92 29 65 76 56 92 43 40 34 40 58 85 24 1 67 55 55 48 68 36 2 91 65 61 47 29 2 9 71 13 58 85 88 3 80 2 1 28 32 99 77 78 85 91 81 5 34 61 6 11 9 21 85 8 85 14 48 92 92 42 2 74 58 16 13 88 48 31 74 6 55 3 35 67 69 37 4 10 34 7 55 64 77 82 86 21 56 80 18 70 58 67 63 64 63 83 92 18 66 26 88 39 8 14 2 51 30 22 10 39 54 23 60 52 10 95 16 45 56 58 51 49 65 80 68 66 53 53 69 25 86 49 89 46 60 48 31 19 84 58 15 30 67 65 35 96 41 16 38 96 82 53 16 20 79 10 35 59 78 44 1 72 48 61 66 13 65 100 99 4 26 9 92 12 25 35 44 48 5 25 61 50 72 49 28 91 73 3 36 73 74 54 53 10 53 47 18 17 93 80 100 16 51 24 86 51 97 96 82 17 32 31 26 70 83 2 54 63 5 38 8 88 70 2 92 30 95 12 25 8 45 26 55 94 95 49 92 92 93 81 71 71 11 20 54 5 49 5 74 43 14 73 6 99 75 23 87 17 100 38 98 11 97 38 25 100 71 100 21 19 66 59 100 93 78 29 99 24 80 82 58 80 7 61 92 83 64 74 34 27 65 50 32 31 57 89 43 62 92 63 34 6 30 37 81 31 58 100 47 94 52 28 29 91 41 96 89 98 46 3 23 35 66 54 26 26 69 30 45 82 10 81 23 19 17 61 23 83 14 8 89 98 39 44 61 87 69 48 69 35 6 61 7 7 6 89 42 66 65 76 15 59 1 67 84 40 97 33 57 40 11 100 46 94 84 28 71 20 63 66 65 38 51 95 52 53 13 36 77 19 25 82 37 53 33 82 59 85 11 6 20 1 5 73 98 43 92 19 45 72 47 66 57 79 88 9 77 5 91 12 59 35 59 57 76 4 29 64 47 92 24 15 66 89 93 89 98 31 50 90 42 90 87 32 84 4 76 2 29 67 43 6 44 14 55 91 47 66 54 52 31 68 2 39 25 44 26 82 43 12 66 45 12 90 34 12 49 68 25 82 91 4 5 98 37 5 48 61 99 19 75 19 92 17 74 14 62 61 26 3 50 85 16 29 75 53 44 26 91 75 76 76 49 12 80 53 89 76 16 49 79 41 95 38 99 2 96 87 39 52 55 25 87 12 26 37 7 79 31 57 35 27 87 8 82 85 81 27 2 25 56 81 14 62 90 9 95 14 59 33 61 92 9 70 88 14 86 17 31 20 42 48 90 44 81 99 36 17 76 70 52 65 89 99 17 3 35 35 4 93 8 63 38 30 59 62 98 57 11 55 59 78 16 54 99 34 65 71 10 54 14 19 9 54 12 42 34 97 36 22 29 27 92 74 93 51 75 94 28 86 21 41 4 92 46 93 68 45 36 70 78 95 72 32 30 22 57 70 86 25 84 67 60 98 34 63 59 13 82 52 46 60 12 66 42 58 31 74 71 4,fGb70zV79fq+kdffIZoraArXqwZC8cLbKojaGkyDzbv1kU48JHXAA1n1XaaKNZXqGgmARCtbZGnxVUc3ub7oHCmRpxopSQxeVjsMvwvQZLGsUd5DuHZDWkj+3m+DUyGNkFXNRwJog6+9whxuUkH7v8npKVfmYAY/YhBz/CZ69wBOUe9GWlLAmHBrWrOUPw5W5hDCipufjkA0v13zMhewd248a+ENC55m5xcaJEAftnqrpwao1ha52O0JQA3FSusw7qqcmOCWWoM6vNBuBC29Z9SdmotVhzdlY5Gc2LhSVTU/+AzTqXqGm4cqUkOSOnZvN0A17ZjB8ikLbTIgITm+Lbv5XTJAXNc4nDWxVAg7wl9mZlwN7JGlhlDdSdWiOjxP7XSPIbdPs1T8KAHtcrv3Fq/rHx3UiXgBGrRS0l5cwmytxS2SLS8D8mTLiI/8vL4mTU9sLpVypobMbgh6YH6Fbq6dt/SQudxpKAHMvG3t8IlB2h5M8KhB1eUvRGO3D/H3rQPHM90Yd6rw3IA4O1TA8TZFmgiVVcKA1Dfs7JMwcomUm877riJhiJU2qJJ3Fk7myw9qgDwXKwFadtVh51/dupNHVKQlCbBaCrK192WDvRUD34CvIGuOFxLPiEYHZxmxBX6o8yn997IEp2S26wG3EiOqxe1p7ysKhoSXPF/gbU8=,ChvLDArmGCiBGkGholbp/1Z493To4eMsEKgWbg2HXRxjugpYeT96/AncLgoy0dpZGIuV7Y69bBvYeM7HvWLU5Q==
461,2026-10-05,20:05:00,45,2026-10-05 18:05:00Z,14 37 53 52 64 72 77 3 38 95 48 47 74 55 51 11 75 57 78 58 99 70 61 79 17 33 78 11 48 74 13 12 78 74 33 74 15 7 25 6 59 26 65 100 12 64 23 2 77 63 34 30 3 24 65 44 14 18 44 48 68 70 25 20 46 3 91 90 90 10 61 40 41 46 87 15 34 28 97 57 51 9 58 74 4 22 68 6 94 20 14 99 92 13 47 44 85 16 99 47 38 18 64 74 44 33 64 100 31 19 92 63 87 26 54 35 88 10 62 48 65 28 56 19 19 66 57 54 84 35 30 23 78 95 84 40 30 71 43 76 78 83 38 4 57 90 99 67 64 57 40 8 42 79 77 48 77 82 53 89 72 11 99 27 45 1 100 95 1 88 19 25 26 11 47 38 39 97 53 34 97 36 90 40 25 16 66 39 66 94 18 85 51 15 2 9 20 96 58 60 39 5 37 29 88 11 10 94 45 52 35 7 93 72 21 73 20 69 48 3 61 9 75 79 7 57 17 37 77 89 57 75 72 32 75 14 45 58 9 12 89 47 20 5 35 15 84 72 17 94 78 85 91 20 9 76 78 34 1 40 33 17 51 28 19 62 99 94 80 86 44 46 69 49 53 57 93 46 100 46 52 97 57 2 78 14 46 25 61 77 4 41 26 52 46 92 71 23 16 79 59 6 84 45 85 15 73 18 45 49 62 47 67 20 39 76 55 12 14 47 66 59 30 23 97 1 95 32 4 47 10 92 37 68 36 55 9 64 92 80 27 46 27 59 100 73 95 7 45 24 42 56 70 70 16 46 68 3 74 48 19 44 62 21 97 2 30 15 53 32 95 74 2 91 62 60 63 88 25 15 38 45 4 22 2 81 74 95 100 2 91 48 41 51 15 18 1 14 80 29 42 67 35 53 66 35 44 44 52 28 33 49 10 44 39 48 12 54 22 29 92 22 36 31 62 36 33 81 9 59 97 6 79 55 96 37 23 89 10 56 31 80 21 6 76 61 74 4 58 71 90 74 86 17 56 34 90 77 36 28 6 8 73 61 67 70 56 3 48 89 66 88 93 95 28 80 75 71 75 75 65 3 56 33 34 83 14 85 75 90 45 37 99 14 20 89 39 36 21 22 31 49 18 83 95 56 27 93 79 42 12 89 86 69 9 16 75 93 65 15 84 1 51 36 43 81 59 92 25 64 47 37 23 73 2 48 78 33 100 65 63 24 94 98 2 56 36 45 22 99 84 94 14 84 47 94 59 46 50 74 96 79 98 18 36 71 58 94 93 25 98 54 89 37 57 48 91 95 81 23 79 4 28 30 7 58 49 44 33 93 45 17 42 16 62 57 76 45 30 19 47 58 31 79 99 32 54 6 96 33 92 92 68 99 48 57 19 62 77 89 43 33 62 70 54 5 21 73 82 86 79 84 15 73 12 68 57 45 70 39 42 41 57 24 67 1 37 76 32 2 100 88 91 32 21 40 32 51 38 41 96 52 9 72 16 28 27 16 43 48 15 11 76 36 53 36 29 20 65 42 37 38 80 44 96 99 40 63 1 48 48 48 95 39 21 69 86 14 64 54 12 68 49 98 94 99 96 56 93 49 10 58 11 2 90 30 54 11 37 16 5 71 70 8 73 61 57 8 13 73 88 26 26 76 59 83 7 27 57 58 77 26 47 36 33 75 97 73 75 99 92 41 56 57 15 90 29 55 73 9 4 92 53 55 56 44 66 56 73 15 15 56 11 58 42 13 13 47 41 70 78 32 53 76 6 59 5 54 79 7 82 27 44 55 9 88 31 91 70 13 100 29 91 46 62 60 58 14 71 29 39 95 73 90 43 7 60 72 97 53 1 91 17 40 64 46 22 25 35 97 38 89 84 47 83 27 52 22 88 22 74 84 25 51 33 28 33 95 65 100 28 66 59 90 9 13 11 89 44 39 62 91 19 23 47 31 55 28 11 97 58 27 93 67 57 20 22 99 20 13 83 100 47 70 65 14 41 36 12 43 69 22 41 13 30 34 7 70 13 36 16 1 61 59 54 8 64 57 57 98 40 93 18 33 10 28 47 85 90 35 100 34 8 84 29 66 64 97 35 27 82 49 14 46 93 50 88 53 2 18 26 96 27 51 96 41 17 12 56 86 64 38 4 58 57 79 75 88 14 90 40 71 95 36 33 66 88 15 9 81 77 39 81 75 13 89 95 41 96 17 28 75 65 78 34 12 16 13 41 28 30 41 50 97 79 57 6 62 75 50,iV2/UD3GdqX3mwplVcFvSiH31gHqC8OFNMxJVJTvcbURJnRMGlNMjaI9gL9vWPmnxO8Zq4n+zOB4RLI/NRolbczDiBBNcQa0Q1GKCpuaKtkNKaBqvTVduCqJWDUg85t6Qiw0AzoY8VK85/VbrcWkk/b8Fu3om+sNcsVDgc2sOGtYkTThLNqmUVDkR2ulqoWs92CPP274x/U/4t4vxa+x71tfO0iJKuhv4PIFo7Xcm08zU/gSbXK2oHcPfIoztV01fQARbvJtLQ5KXb+MToz/YMFYvQ9jbvsZFtziWQVYG011fAJJAtu76rk/FBDQeOHp6XN0GZnHeMUMcUARycVHjzLRFZXHW9nDKjOjOTaboxgS/U5XPHTZHQ3e2fPX7xSs/ulAll+wAscgCurK/9lqrkUe73LNIiRRdoiT0GRN4tAx3fgRv30jNlKWPQH0zx66XD9xYXov+9OXK1oXQz+n+Z0AY+I09F/NQZJrLwPkNlzqRHN+kSX8mddgEdH8T/dmRwIeUE8km0Jo5vg//0KdPj8Zfi+/HKmA5ukxdl3gvZHX+vrYiY2TQ2Ha7WSUIKkJlJmra8YnysS+lS+WI/jczqyk/w+8oHQ1cu0fdpugiAfCPxYlPcbBvosYvfY1wAczOKloF5/XyvbGKfGT9MDX/oNBMQJ6eetcbTXffmWAv+s=,ChvLDArmGCiBGkGholbp/1Z493To4eMsEKgWbg2HXRxjugpYeT96/AncLgoy0dpZGIuV7Y69bBvYeM7HvWLU5Q==
462,2026-10-05,20:10:00,46,2026-10-05 18:10:00Z,5 66 26 76 71 46 25 94 56 65 64 16 68 67 3 19 81 12 100 45 33 42 55 1 54 42 26 54 70 13 50 41 93 14 41 90 42 98 60 3 6 33 5 92 76 25 75 97 91 38 43 91 97 91 89 64 38 35 25 16 72 14 67 70 48 67 44 78 22 47 20 83 97 97 50 84 100 40 77 5 60 100 99 67 44 47 84 40 65 98 58 64 88 62 65 32 72 68 46 59 1 15 80 90 96 100 3 34 76 89 5 87 58 93 87 75 56 86 34 76 1 78 67 84 91 81 67 22 46 12 6 31 51 44 97 59 58 46 33 36 27 97 61 84 8 85 93 25 45 92 68 85 99 24 41 98 51 77 56 42 35 51 17 80 86 88 37 24 33 57 100 82 8 80 40 68 86 68 81 4 93 98 33 79 45 3 34 81 99 7 44 18 62 23 78 12 54 42 45 80 6 52 24 2 96 57 2 26 9 77 87 71 33 53 10 76 5 59 33 9 89 26 70 27 89 35 50 3 92 71 86 54 16 47 21 36 96 68 57 15 29 82 72 23 89 90 12 66 31 70 79 80 56 99 95 19 57 3 70 14 87 29 54 58 81 43 32 12 11 13 1 83 27 50 30 88 22 40 58 65 80 27 29 98 88 79 86 94 89 51 15 75 40 73 100 32 82 81 38 58 83 53 21 74 43 58 44 89 87 13 63 45 4 75 1 85 100 20 65 90 72 87 51 7 28 85 20 92 13 100 61 52 92 91 3 60 99 98 94 18 96 39 45 44 42 95 49 62 26 66 34 85 83 76 17 52 60 60 70 84 43 10 82 36 34 72 84 14 64 40 73 38 55 58 39 86 65 30 33 80 99 75 17 84 29 5 44 21 36 92 10 77 50 38 34 42 57 97 42 69 64 52 29 19 90 93 86 98 58 10 69 90 96 41 65 46 87 67 88 38 86 75 92 69 76 17 66 53 8 5 16 29 65 42 63 75 33 84 5 13 70 100 32 24 69 17 30 20 62 28 30 16 88 69 63 82 87 38 91 71 20 85 66 97 59 8 47 49 78 56 56 95 2 76 37 74 45 15 17 43 84 33 59 45 2 82 9 100 47 95 82 86 10 47 60 59 3 75 89 18 50 48 14 3 62 73 24 82 58 32 18 12 51 80 92 6 17 21 47 73 6 52 99 96 15 100 17 83 26 27 6 77 65 74 4 56 65 51 100 23 28 62 35 16 48 36 80 76 50 92 72 70 82 9 9 40 24 78 70 10 23 17 94 32 12 29 35 9 47 27 38 61 20 88 96 59 84 64 56 26 9 55 37 28 95 30 67 43 41 15 83 29 65 72 32 60 20 31 85 82 32 68 36 20 78 29 18 93 97 11 41 75 59 70 11 10 96 12 52 40 34 52 97 4 23 42 92 60 95 77 67 48 79 39 6 96 7 54 48 100 19 76 20 46 89 75 70 40 54 70 3 49 40 89 22 38 52 63 53 34 29 87 4 69 9 87 89 44 88 67 30 94 68 76 45 12 86 27 19 35 82 63 76 34 99 27 56 44 37 52 80 84 53 91 98 78 100 47 10 67 16 50 48 3 98 79 92 55 37 75 74 83 23 33 74 8 29 52 87 29 99 68 49 100 52 58 76 62 13 37 54 90 59 23 9 9 64 89 25 63 63 23 69 90 93 80 37 50 94 42 49 41 8 42 79 20 26 71 32 52 73 15 47 26 74 27 4 89 18 96 54 54 89 70 1 19 29 69 78 46 43 89 31 32 15 100 12 75 9 69 60 39 51 24 28 94 15 99 41 91 86 84 62 57 44 39 21 4 57 23 80 31 50 89 27 63 24 60 76 63 75 2 45 38 90 7 37 49 22 94 98 87 88 27 100 39 79 35 77 16 80 57 19 50 17 15 49 75 2 64 10 95 77 63 37 73 86 55 42 18 63 69 83 93 51 97 43 86 75 28 11 85 23 54 64 12 29 98 12 100 77 54 72 64 89 62 52 37 12 92 96 60 18 60 52 68 13 86 98 30 82 66 41 40 98 18 21 14 20 80 97 67 69 23 36 91 49 64 71 12 90 63 81 13 83 6 64 36 58 11 39 100 46 96 97 2 77 33 43 62 13 16 83 29 28 3 12 73 86 10 46 67 45 60 2 64 36 69 36 82 9 65 51 70 35 69 87 82 1 8 18 19 76 36 85 74 77 84 14 64 69 98 34 14 90 3 90 85 4 24 67 23 50 83 25 16 67 68 76 83,Nlv/bcgR0dfHS3iM3+CnX0cVr9pCrqRM/UGJkWpWwuc5n4Zgq4IxGZwXWXnNh5QYa/6yWVjwJ3SiZQqwtgZM/JuvWAWidvejI1Kw0JvPu2Oh+GBK0oa2soSXttpZWACerw0S/aGAuKYxHnGem22EOsVWRp/Hlfom7IAKfMPDDe6HI7m5jS4phDO9NZxF/61V7IzZXXePYjMrit+3XpNPG3Qf2vXRr6Ro0PyPgn6JNSeFScS7yJPNc0ImH8u5c3LK1W5LVOP7Sqd4JmeehEe6Mx4V5+fe7pbmzpPZ2xG1E5Ma4/8B7OvQX5BYOqUxTqlO5BPAzMto3003k39E7nW6rt1nqT1tIsvT5MKCnK7xezWJxkco77WK4rDA2oBlaWkq8AXg9fOnzzGPY7vwyNjWBoXwkQ1Dt3xHChWUSHGh5yAFBJdyqBWVAf4tazREXr5V2Cc8GZFm9w4ZCXoicTzmVqrglvG/DeZm3Xx6uLWXQSaxa/NZE1glYxSwlWozGGzlPhshrJVptaOO6LydSD4r4AaMtqEMeCYGRD9joPhGg/MlaHyXbtDIFyGlhs820MMjHL4bL4ZNlWOST0OzywOY+NzQxxIiVVEn6DdrGKS1RnXAHvj1em/9y+NzOX8YumZvf1EoMnEDbfnHF6/QiFRgKt+5m6nLQhK+9Q07/MS58wk=,ChvLDArmGCiBGkGholbp/1Z493To4eMsEKgWbg2HXRxjugpYeT96/AncLgoy0dpZGIuV7Y69bBvYeM7HvWLU5Q==
463,2026-10-05,20:15:00,47,2026-10-05 18:15:00Z,66 12 63 39 1 92 43 19 53 47 82 27 24 27 26 85 74 7 4 79 62 82 94 56 75 78 31 87 5 23 30 47 64 90 87 26 21 90 39 63 15 54 72 81 49 57 51 31 53 76 47 26 35 96 48 43 82 55 97 3 1 49 84 88 29 7 5 20 90 34 51 47 35 66 13 48 30 31 11 88 30 26 29 54 53 7 19 25 51 32 68 56 12 12 84 71 73 71 99 78 5 20 3 92 50 16 25 48 61 61 21 97 34 97 85 66 20 53 65 64 45 96 28 4 50 19 53 18 72 75 95 100 53 86 19 63 68 90 13 83 20 12 86 70 21 96 13 35 23 62 98 85 72 66 17 99 60 85 37 31 97 65 84 34 86 8 77 8 72 71 98 46 99 64 49 96 24 94 25 8 26 2 57 23 26 25 61 14 69 55 48 93 15 71 19 31 32 33 33 8 60 80 78 77 97 18 73 44 71 90 61 80 60 87 7 98 29 22 66 71 29 73 40 27 59 78 87 35 11 63 23 53 22 17 92 76 12 61 86 65 76 65 67 3 98 20 94 71 13 59 71 5 9 98 73 94 34 62 90 58 24 72 84 87 32 55 51 68 19 11 59 64 85 86 12 90 33 56 36 83 12 85 70 83 88 61 12 50 4 19 17 15 78 37 60 72 75 10 7 92 17 40 78 44 95 37 71 56 72 8 75 10 15 14 76 74 19 86 20 92 31 41 44 89 7 13 18 43 4 47 33 50 76 51 71 18 19 56 85 27 58 27 75 4 92 99 99 66 56 87 17 64 1 59 91 99 62 47 71 29 70 27 74 88 4 74 12 52 67 39 26 10 92 9 55 95 69 21 85 100 25 80 6 21 12 54 75 96 31 52 84 77 2 15 65 16 68 68 49 1 24 15 69 72 17 91 11 2 39 69 59 87 61 20 56 54 67 78 47 43 89 36 27 75 45 35 1 13 81 54 72 19 15 72 19 91 54 77 95 36 67 16 24 50 8 18 82 9 83 87 76 27 19 97 12 31 74 100 27 42 38 4 28 70 22 98 85 90 16 57 94 75 82 62 54 5 88 41 51 26 32 31 85 34 44 80 76 43 59 35 91 100 67 76 80 50 12 77 10 76 28 80 66 33 34 10 36 71 60 77 37 70 48 95 56 81 39 88 72 93 59 43 35 97 66 33 13 63 27 72 17 42 64 92 38 43 90 13 6 3 54 46 44 37 90 6 35 84 23 49 10 32 68 82 5 17 94 84 82 14 82 9 2 76 33 54 7 100 14 55 14 26 14 1 98 53 75 53 16 41 45 30 100 19 63 74 12 15 18 40 16 89 17 55 60 73 53 7 77 79 63 19 69 65 11 29 71 59 8 72 93 40 88 16 83 50 57 69 72 55 60 71 19 93 83 52 16 54 32 28 4 70 99 51 71 4 37 96 3 58 37 13 36 44 58 2 33 73 1 87 77 96 96 72 40 41 98 81 18 33 87 46 42 31 89 40 42 30 63 75 6 27 3 89 47 37 40 43 36 86 11 93 58 36 34 4 57 82 45 94 29 66 26 11 1 83 36 97 96 29 55 62 42 19 17 76 78 34 58 9 53 3 23 45 41 33 48 75 60 61 70 72 20 30 71 75 82 21 22 15 33 51 60 60 76 95 77 67 95 41 90 67 69 69 4 94 72 91 60 38 87 96 17 50 97 39 90 61 12 59 30 12 7 77 63 66 40 34 59 76 12 80 62 67 86 26 5 23 63 61 33 12 48 34 19 75 2 31 39 73 89 35 47 45 39 54 56 75 33 33 1 20 60 69 11 1 86 62 20 67 75 49 81 79 11 48 49 1 53 94 75 18 79 30 90 84 53 97 93 1 28 7 20 40 74 86 97 84 65 23 1 84 10 87 49 24 17 52 3 61 36 58 65 78 21 10 23 21 11 94 94 7 35 39 87 51 9 60 36 19 24 74 30 96 32 40 38 83 42 6 63 94 37 25 3 82 6 32 75 72 85 69 88 51 47 53 95 79 64 80 58 29 1 37 95 57 1 31 18 1 58 72 77 71 64 81 66 45 11 94 51 83 76 73 82 23 96 73 53 24 43 15 60 46 16 64 95 72 22 93 47 12 43 52 7 77 65 77 54 19 57 40 18 83 27 2 64 92 3 19 99 94 90 1 24 41 35 81 9 56 52 43 45 44 29 99 9 88 65 2 2 100 14 31 12 66 88 23 44 78 71 76 83 72 100 74 13 92 78 65,Y0mcDP6RD3nfGasDiCJInK49OXdPCbgyE8U5FwVApXXXRoJIGxrLvt75QTp5pYZ+xwYYUm6E/fUtC4woHaKnX+1oBxYAc1moiABqhdU3U3qROLP9FKZSfOFcDkvDck0NCcmVD1baOAQK2lnrSFf1LwC9mMLsF8fgg7nlmHVOLaRFs0D18oJ7MaWWGkCcRseiYL9m4+nQx9WKZMawnJLe5r1shJmcMJKCNcCJ45mdyf0VvPoKToUXt+y1DkyhU7QTM8PSx1TQXULLrKKKetIxq6ECK6htyUHoksVtIafTw42SxGfnMU9ofu8cjNIZoBBkh/UwxQi0VwBSTuJl3Ye8MvZlRWtPejFKcb8tTFZJ1c7JZvOdmmRWCpyd2hhSaaSv0xrCFAWJolgZJYL+PfZW2GcBc13I+8mS/+fKPq/oewU9fekCTFwv/ePLkXnpAbkmWkGZsWUcW9kzeEzSRjIqljtl8KgzbXlW8oXyZZjAFh9/8mGVROThkDE4F2/mqojyhLYUM+2W8Lcg16wUXwOWkcws5EQn7ln+aKmFfB3dpagFgYWjvPIXDFz6trAAE++CaMVKSNsWR4wCeT1Yoi2XIHzAPp6hXr1b1t9RzO1iAzbPmqq5mCk8H0no2LCeWOas35sbNb71VLDVi2eq+Uxy7ChwJVMaX5UCklo/pMrF8XE=,ChvLDArmGCiBGkGholbp/1Z493To4eMsEKgWbg2HXRxjugpYeT96/AncLgoy0dpZGIuV7Y69bBvYeM7HvWLU5Q==
464,2026-10-05,20:20:00,48,2026-10-05 18:20:00Z,41 45 80 63 71 81 78 30 29 3 2 62 85 35 12 63 5 49 63 47 80 32 38 10 95 60 63 63 91 58 59 52 8 1 67 72 41 18 5 61 98 85 71 2 10 44 35 19 96 58 91 30 14 33 1 37 85 26 18 23 31 24 47 29 94 39 88 53 47 25 3 48 67 67 86 29 72 73 42 87 59 71 40 13 94 25 98 1 31 51 30 86 96 93 45 6 12 23 3 18 20 44 86 39 30 50 81 47 85 1 25 26 93 19 17 56 69 37 12 94 57 70 74 37 42 75 57 67 85 44 23 77 55 68 11 75 77 30 76 55 4 13 25 98 13 44 89 12 60 74 29 55 58 71 18 94 65 62 66 86 52 96 2 52 22 93 41 96 17 58 3 34 79 56 10 46 19 88 21 93 18 10 54 36 23 30 32 46 35 45 79 67 68 94 86 22 19 40 5 18 6 95 50 21 82 34 32 47 50 52 20 80 47 85 53 94 16 28 81 45 94 64 88 27 37 32 23 44 3 97 19 12 14 27 85 86 35 37 96 28 39 4 4 49 59 78 16 23 37 70 79 23 20 94 83 66 22 84 58 21 8 23 87 79 12 76 15 31 23 27 46 89 80 53 27 33 43 57 74 54 94 73 25 41 59 80 95 15 88 55 64 37 11 20 89 29 100 11 61 9 61 40 39 42 3 3 74 90 48 75 59 17 50 25 29 14 61 41 29 77 20 51 17 32 32 52 9 30 87 7 62 85 38 28 43 61 44 11 29 72 80 11 26 8 68 45 47 6 17 65 39 25 16 71 32 8 23 33 86 40 50 19 84 36 48 97 30 35 10 1 53 67 8 94 22 39 34 2 86 59 59 2 41 62 36 40 98 3 90 46 62 51 19 4 10 40 51 39 69 12 89 52 49 4 73 73 76 2 55 68 76 48 16 25 83 87 17 34 25 79 94 4 21 3 17 80 41 93 48 19 57 72 36 28 19 20 52 28 54 30 63 52 36 100 93 8 69 51 78 38 80 23 59 38 33 9 66 19 1 61 82 80 49 10 6 39 20 1 23 47 68 36 60 66 34 32 37 63 58 85 7 83 3 37 32 71 78 76 76 35 32 48 15 67 70 79 21 34 81 40 99 77 50 13 80 81 29 82 32 84 50 14 15 28 26 39 31 60 40 62 55 1 62 27 12 5 82 62 60 73 79 23 5 96 26 18 16 18 100 19 12 85 53 98 22 52 19 97 37 87 92 44 4 7 31 45 62 19 12 53 6 45 82 63 39 30 47 82 29 98 62 77 63 5 40 57 85 87 59 21 61 50 88 2 86 96 69 1 26 52 6 14 55 13 12 2 70 57 5 60 14 73 68 90 37 87 44 44 30 30 60 28 58 77 87 51 10 33 11 77 55 74 81 65 9 99 18 28 87 96 4 49 28 23 56 95 56 94 40 72 29 71 22 48 19 53 30 10 6 46 84 76 43 59 5 28 62 58 20 36 37 59 89 26 81 59 43 39 30 30 42 52 81 6 78 60 15 3 70 35 21 51 90 68 80 82 33 67 88 38 64 23 60 1 84 58 19 37 12 47 9 39 62 97 71 6 26 91 16 41 27 76 31 58 35 50 86 93 54 1 46 82 38 94 35 74 73 49 22 26 90 11 26 6 76 86 75 100 62 3 26 18 80 13 96 13 14 67 60 31 29 80 84 63 8 81 67 4 1 96 68 4 55 15 42 81 83 10 43 2 13 98 84 73 80 66 5 11 62 41 35 56 40 75 76 54 35 71 17 82 28 67 73 87 90 24 10 29 95 73 81 23 61 63 52 43 50 39 83 81 50 21 17 68 25 94 47 60 26 77 44 95 17 59 53 6 58 54 71 47 19 85 55 94 93 100 43 18 56 52 73 59 46 40 60 71 58 55 16 16 28 18 45 13 25 3 6 92 66 1 86 15 79 30 77 65 5 28 86 9 3 69 25 41 25 28 13 86 62 32 65 34 42 96 92 98 64 26 97 3 88 94 86 95 93 82 55 20 81 29 61 72 35 18 63 22 12 39 49 60 13 51 8 93 6 65 15 70 54 69 71 64 41 89 45 5 68 52 24 67 78 57 25 55 92 97 19 74 21 89 13 61 19 8 12 41 23 96 63 76 90 82 10 15 72 67 1 17 42 40 6 14 5 93 24 49 11 43 33 31 60 48 10 60 75 8 46 68 62 30 84 33 19 57 6 69 5 26 96 3 21 76 55 51 78 13 90 43 44 61,Cd1wo557a6TXWzpPXPt263Rp0tpFh/WhSoiZFPDg9q6nRZAQNPTwYKXducvrRsuB7FUKfOF07/9ps0ArJ+G0wBg1RmTh2LSs4PMK4482R0/g81z6N07msGRDpinD9k9DyPQ7YjhiSOQ0z5FFQpsdI8DuXd7txcR7QxAzghxeBVIlVG3kA596VqN0R46mU1wpIox51hOVR2e6unUjPuBn82fLFLDf9RyegCvkPFAbDe1wWGXBvrxzuj07FyUdodE9LjbPoh7YcLTfE6wS424EwzIl1oJV3ij8QMOMotfVt3VnOGMgeQj5NPnCF3miN+Q0ZahMHEpU2C/2LBDLOwWojE8KeNfq4kHcX8b5ArnB1cYUH1cMGibyOdCdsIh/UuWOuCtzhS/kUEbKJogZRP1DecNJ50EN9mI8kXaOQerfO5ALJhh2dP1hYJX1JTOzD0PkEQWCc/cbm15v0UGAPRPi8Ks0m1DG/fZNpxeEPmt+B9FFxhxhrwqxHsjocNQrTe02gP6dfGOZkYTIbf0BnF81ue2EomF7V9iEJ78elbt0BwV30DanC5xszV7FQy052x/NY50WUKjdjRNHGcPVWYaWTqqGE7zWi0ZWklDpa0+cukGIpwhyj/bxMi8rArzzDkF4IDIc55wC96qckOjGPbdNJa8WprWFCOjvr0E3x5n57pk=,ChvLDArmGCiBGkGholbp/1Z493To4eMsEKgWbg2HXRxjugpYeT96/AncLgoy0dpZGIuV7Y69bBvYeM7HvWLU5Q==
465,2026-10-05,20:25:00,49,2026-10-05 18:25:00Z,92 31 66 21 23 9 36 66 44 39 58 19 66 99 74 45 7 56 5 43 73 7 52 80 97 36 12 82 5 22 61 38 65 31 81 18 98 16 73 39 38 92 93 36 74 40 3 32 72 11 88 6 34 87 73 67 70 51 84 5 35 91 62 45 60 27 54 9 96 74 76 53 3 83 39 80 92 41 97 68 56 31 17 85 14 23 36 73 14 92 6 25 90 68 60 44 66 66 14 58 28 59 93 79 98 66 8 2 62 3 83 97 45 37 87 60 38 95 34 3 78 53 26 4 99 30 58 12 8 24 54 23 93 20 93 63 78 58 39 28 45 3 21 92 45 87 27 61 82 67 95 48 94 82 20 62 79 98 54 82 78 11 10 9 72 48 52 100 84 92 60 3 4 85 81 70 1 47 93 15 2 8 17 81 77 30 46 91 28 49 77 97 42 20 62 77 49 31 51 81 41 60 13 41 84 88 83 28 70 15 41 9 26 79 64 46 5 65 5 35 32 58 19 33 99 100 21 61 43 78 67 6 85 28 23 100 69 35 29 1 84 63 100 12 10 76 21 79 46 75 10 96 98 17 66 17 26 97 40 23 56 65 88 16 70 27 11 64 95 17 72 58 13 8 83 95 48 72 32 53 13 31 81 48 2 23 39 66 47 96 82 73 79 5 68 88 41 89 54 80 78 75 83 58 82 88 84 44 6 16 87 11 52 79 76 63 85 93 65 35 21 62 12 82 70 88 22 60 48 50 21 11 16 65 78 92 2 89 4 19 62 25 35 52 55 25 14 27 97 22 61 83 27 66 47 32 80 64 96 22 42 69 71 20 36 6 1 51 86 25 7 22 93 96 39 11 33 11 55 27 53 33 68 8 14 40 10 19 7 71 37 23 20 56 6 80 88 85 25 17 38 77 84 65 54 57 26 25 76 72 42 25 46 38 75 6 55 63 62 33 35 92 45 11 69 74 29 48 2 7 76 52 12 82 8 31 65 20 61 46 55 17 28 72 52 100 65 75 85 74 6 89 91 16 4 51 40 81 95 46 93 91 52 16 83 26 93 45 64 89 99 4 59 38 96 4 21 2 12 44 75 28 95 53 15 10 34 24 32 13 26 9 47 41 72 16 24 17 11 45 45 1 63 65 36 38 57 25 39 18 97 70 61 98 28 26 96 76 43 5 99 62 47 27 89 86 41 54 43 17 53 44 44 25 39 14 78 24 27 29 70 37 14 58 95 37 57 37 38 52 3 62 41 56 12 77 78 19 69 6 27 75 93 40 98 87 17 71 56 47 65 81 53 39 8 10 85 47 82 50 45 57 72 21 55 38 80 13 12 73 73 58 26 14 47 66 51 95 38 23 9 27 36 92 83 44 15 18 86 7 77 62 92 14 78 51 75 17 35 92 61 22 42 11 12 8 37 58 51 100 39 73 61 49 94 13 1 66 4 51 24 3 1 39 28 40 100 20 99 26 46 98 39 78 22 50 78 64 21 61 80 70 20 77 82 78 65 63 68 55 5 49 31 65 99 23 70 68 65 69 86 6 49 78 36 46 67 15 42 83 17 83 62 39 91 99 3 32 43 99 5 54 79 73 49 44 16 86 20 100 15 17 83 39 94 88 11 6 80 48 11 2 7 87 42 6 82 93 78 12 62 93 100 10 3 44 24 25 87 100 31 85 8 64 15 84 21 77 52 23 27 94 44 70 81 40 9 10 35 98 14 27 94 9 100 66 60 95 66 29 62 63 92 2 65 6 28 18 43 26 100 50 21 98 81 41 15 57 44 92 21 74 90 81 77 57 82 78 100 2 34 1 7 84 43 3 40 8 76 86 59 66 1 23 15 61 57 79 50 65 22 67 73 45 82 92 93 10 63 21 70 50 72 1 9 59 8 62 27 51 43 45 44 7 57 85 48 86 40 81 73 54 11 42 81 71 25 26 85 39 51 31 90 45 61 71 30 23 36 5 68 93 43 72 75 62 78 35 54 25 51 97 48 71 45 4 100 14 25 36 65 21 72 69 28 47 50 59 91 11 75 47 64 21 61 10 70 56 32 10 69 49 41 9 54 11 24 12 42 26 50 17 20 51 52 66 13 93 9 4 28 98 16 22 21 6 12 18 19 21 38 41 43 82 47 74 54 74 21 72 66 45 35 95 19 7 10 48 3 42 25 50 43 72 79 26 21 55 57 76 2 64 64 12 14 21 10 58 74 81 96 91 33 40 15 10 84 38 68 100 89 87 93 26 49 14 56 7 17 77,S1HZxMF5UraZRSp/GEONPI8TzKih8VgllV/4yc/UJwIrynfMwTH1gcxSvh2V1Y/OlTpvHXGHP4SfdFIw7zDVxJoXAI5SD6lUa6cnAEefS62YeOFLBi2bPYEJOK/n6rew4x1+D/JKA6O/yVjw7NvpO/Zw9cZfuLvqOhq9rFipmVnwAmgVbD18wjo4a8CpsaQJwCpYTRpOsrwr5NZRg8brM8P2Jxu56F7CV/nCDU4wt2TnTHC0vY6rVFBmUBeXF5Ewm6bkFLk5aNuPlKC7Us14dd3srFeJyEkgpg1MNuo1RdLBO+kyibIXdpDQb3efpCqWJcScLfp9Hs3ebfM+xm5brzUuFdKK2DkP4H8JsMFXkfECnSnO0GAVk1wrn74fZsedy76NcOfqIPPXlp8Um3N99eR06uTmAVQQ0t/U02C70RJ8zqaIWx+azJ81YHMAzDFNUGkrDG5yPm2BWDbW+hGAM3GL/IP94UjZ5HRLYl2cFMTRwRxk16RTafiJgViBMkqSqQMZGLgs4e8aG6w7qcI5gQsrY9Rbqwr07zcikzZEskWadoTfBxtlTq1SMaOOE27yww99pTxn8iAfnZ9FeHlm7yolwAmYX2BER1ID/UM7A6/jtEsRfhrhPcxDmLuWpAeZGI4yhIVDsiha7pBxiRB62UwLKMV+wOwASWNNr6HflTQ=,ChvLDArmGCiBGkGholbp/1Z493To4eMsEKgWbg2HXRxjugpYeT96/AncLgoy0dpZGIuV7Y69bBvYeM7HvWLU5Q==
466,2026-10-05,20:30:00,50,2026-10-05 18:30:00Z,36 68 14 14 92 88 6 78 88 53 49 41 100 100 50 13 87 45 37 31 71 15 52 8 86 67 1 64 97 75 65 59 93 28 48 37 74 72 74 86 99 82 87 96 85 93 30 26 7 56 66 45 50 79 23 71 66 100 100 41 93 79 16 57 73 90 94 67 20 74 99 45 25 67 43 16 23 44 3 94 13 35 39 39 73 69 20 14 85 99 3 1 2 38 38 26 81 21 32 95 5 84 39 17 69 11 15 54 43 93 15 7 50 77 23 66 49 42 87 27 95 97 20 18 90 42 54 22 70 18 80 38 72 38 50 50 38 40 56 17 78 99 49 6 83 61 35 58 72 49 95 86 43 43 37 93 23 45 54 80 46 31 19 33 3 14 24 7 78 90 22 2 48 25 54 7 87 73 19 49 55 96 96 11 17 20 74 45 69 54 1 22 64 99 50 13 43 5 3 41 10 54 32 65 5 1 34 58 36 67 66 56 74 4 31 53 96 6 81 96 60 89 29 15 38 26 26 2 96 98 11 83 4 33 9 73 95 56 62 100 36 72 50 50 86 12 96 42 22 99 98 33 68 29 27 58 99 72 44 43 54 43 1 70 34 13 6 8 41 66 47 59 84 42 21 1 24 50 85 4 85 44 42 77 66 81 57 13 26 19 25 58 34 15 94 5 72 22 56 95 69 49 81 84 41 61 73 69 34 97 11 26 98 52 19 92 83 5 12 51 90 100 31 7 86 64 27 55 57 64 100 16 77 33 16 63 99 20 27 54 99 96 8 82 31 91 13 28 82 94 78 53 12 29 15 99 84 33 98 11 38 3 41 34 91 96 74 38 52 28 58 44 19 41 9 46 24 15 13 51 45 67 8 65 84 26 12 7 62 37 42 66 4 68 53 26 29 5 55 57 79 48 25 71 57 3 91 8 5 73 1 58 57 76 89 80 54 88 88 26 50 24 62 18 93 28 73 39 89 67 91 81 83 92 58 100 72 61 73 19 57 19 77 25 20 80 22 49 79 54 68 86 38 29 26 52 14 51 21 72 8 64 77 73 40 15 21 22 46 46 45 62 56 87 35 91 42 23 65 93 60 88 98 88 77 29 2 19 77 47 99 4 57 42 92 30 7 57 53 93 95 15 19 49 87 3 61 20 17 28 39 64 12 57 46 29 48 63 28 79 24 57 34 62 5 47 34 19 27 5 81 79 91 54 91 80 25 62 20 80 74 41 22 79 39 37 71 93 77 30 11 9 85 25 79 12 65 95 32 36 78 69 8 16 79 1 21 89 53 77 92 58 98 81 69 98 97 7 10 22 13 37 46 22 38 40 69 50 16 50 63 47 2 58 73 64 38 92 41 90 3 9 67 32 3 30 89 51 29 31 65 23 11 48 43 20 29 61 72 31 80 15 71 65 97 15 65 1 73 47 12 92 71 73 93 13 41 64 81 72 64 88 2 81 88 26 74 57 77 67 82 69 95 50 18 22 61 67 89 88 60 15 45 98 25 80 42 32 48 10 42 80 13 67 8 33 45 20 66 46 53 88 18 9 45 51 71 3 43 96 91 12 84 47 54 18 9 81 78 8 72 87 65 53 73 61 61 70 52 83 96 7 98 18 56 36 60 83 22 6 73 51 18 95 72 26 86 31 89 9 59 12 12 95 13 71 48 65 21 38 84 4 28 74 99 34 75 23 66 88 43 74 33 11 15 43 64 29 2 11 30 64 71 68 62 42 100 70 40 46 48 87 11 14 41 90 38 16 84 93 49 70 3 96 69 42 21 49 54 46 94 85 26 39 67 6 82 24 11 79 2 70 66 64 23 61 5 38 53 89 3 53 95 70 17 29 28 43 69 22 93 19 26 46 56 41 74 74 12 7 64 11 27 11 8 22 63 81 73 71 34 57 68 6 41 68 51 4 73 63 20 29 75 7 56 99 77 7 22 20 28 32 76 80 22 63 62 86 75 71 89 64 67 91 10 15 87 20 57 88 21 1 55 86 56 42 7 83 11 95 79 44 50 64 70 67 51 54 34 60 72 66 53 34 73 26 63 30 39 52 66 90 26 19 16 45 35 51 93 92 74 37 46 66 63 49 98 41 98 62 23 45 56 21 82 98 51 99 69 27 19 48 68 15 98 24 66 15 29 43 39 34 97 3 15 72 72 44 65 46 38 89 2 53 30 100 98 52 8 78 5 40 44 20 74 30 21 74 60 71 40 43 98 79 18 13 25 2 36 94 28 83 60 60 35 86 15 48 78 19,x1NZ7cO0U/7bMtEEfCgC3U4QTXyfQ9Ylr47G3oCnaLpObJY3qy7/2kfj8KszwkVRAcjg0FsRfIkdM/lyZKrJL8v0HWDVDEJYiWoZFzCFWdkeQc7NdbUaPJwepqvf5fL6o3MiUPOB6f7jnowKrpg9FZB4mViar0FvKURAFSPK5pUSio7PqctqI762m+e/n8KWk4qs55lc+wybfOwhlZxjm3sMlWqHCsM7HiLFBeUFRJFVz2ohdLu774vZRltUN1ZtKLYgIJ4P1sHug6phLAMc+cQR7MAh/iVvFfCdw+PqfC81ZHm0Z5P9uLn1AgjPfKR3RBenMub3n+lOiczBmwh0iiNr5dbxLq/n1yUzebWHFUatULc1UYwSeZIOViyJyUxofDGZbu6WwaoyP3JXaF8XeP9bLFcMybMLeTTbxHRnFjyirYdBWEw5MlPYFD81SC830Rff6QKvjj7snK0dbiM/pCc2oirph9wRXA/Pr/TyuV0Ny2RCJPZZHdq36lvo2BsLj6ZX8FgYBAJ1WU6zgeMvckZwKu9Iy37nOGMeC2MTmqsugSkbO45bNhfv2PWDicxorXGxuUU2KSaGr2Q8EOCO537CawfyGgzvC1W5ZGf0yewO5GRFKr9RLyIC0cLhfqXdMxzp5wVDRQWzZN2MSQ3sIHUvk7UUQnYP4/ZOs2g1KBY=,ChvLDArmGCiBGkGholbp/1Z493To4eMsEKgWbg2HXRxjugpYeT96/AncLgoy0dpZGIuV7Y69bBvYeM7HvWLU5Q==
467,2026-10-05,20:35:00,51,2026-10-05 18:35:00Z,12 92 28 88 62 100 45 62 21 15 23 22 34 31 3 91 49 35 29 6 66 42 78 5 51 85 25 94 66 91 94 85 79 43 82 64 26 13 53 37 83 53 22 35 38 42 35 11 45 62 34 79 4 16 41 48 71 58 3 57 60 69 89 69 43 83 63 24 13 37 8 45 80 76 86 76 16 70 62 33 79 51 65 85 74 41 84 10 23 75 100 47 68 65 30 17 96 35 86 23 19 53 81 18 93 17 31 7 77 2 51 32 81 53 23 31 34 56 1 47 94 55 5 18 24 56 95 5 83 42 57 19 67 13 52 2 52 50 35 31 72 41 20 75 100 9 51 72 76 48 78 78 21 74 18 84 90 93 18 66 29 68 30 43 16 83 82 2 78 30 49 64 54 37 13 46 61 42 53 93 13 88 15 42 7 26 61 61 19 67 40 95 86 65 4 62 32 75 1 3 75 40 61 81 91 53 68 10 44 66 1 19 81 75 6 28 2 52 76 6 25 14 73 38 89 88 75 34 49 52 98 23 34 10 92 42 62 35 37 15 61 70 26 10 54 4 60 59 5 36 42 68 99 39 82 17 48 53 79 44 24 52 56 7 90 98 85 74 73 15 68 2 99 30 75 74 46 98 92 32 92 83 32 53 61 80 85 36 34 8 26 24 95 21 25 20 81 89 39 72 51 19 62 94 44 8 70 16 21 52 73 38 67 92 3 73 24 82 93 55 25 63 33 29 33 92 19 100 39 69 95 87 19 1 19 22 80 61 87 11 32 69 72 89 89 32 93 37 65 84 84 12 100 31 43 43 46 76 67 88 92 96 73 73 20 46 68 73 67 81 6 62 25 98 5 7 33 17 77 81 33 65 89 70 95 18 100 34 93 81 16 35 50 26 92 92 100 52 61 68 30 89 25 86 30 39 12 32 63 50 13 21 83 100 68 93 48 15 49 55 92 58 46 19 51 60 22 5 86 44 68 36 46 83 57 23 69 6 92 13 95 53 2 84 32 43 15 71 17 2 11 83 67 66 46 12 1 44 67 41 50 55 1 100 100 52 10 24 77 54 61 75 28 65 74 19 72 44 37 52 96 34 23 96 34 52 85 61 92 26 96 24 54 52 62 66 82 12 94 95 17 15 16 1 66 40 65 12 71 40 100 5 89 90 33 76 75 11 61 100 83 41 4 29 83 22 3 70 35 90 3 15 40 44 37 18 98 58 18 97 26 70 91 35 34 41 82 76 99 58 92 49 40 97 49 17 96 69 63 4 83 62 74 93 36 100 47 58 94 36 29 92 34 49 57 99 18 40 66 13 54 98 31 44 83 57 15 84 93 49 1 23 38 52 23 42 52 97 5 46 87 64 67 10 6 26 83 5 92 14 47 20 18 69 76 10 3 68 12 60 67 30 85 43 93 80 49 4 15 16 71 16 14 32 35 20 14 74 41 93 34 81 42 69 79 37 99 100 1 68 19 5 56 91 22 14 22 12 95 8 85 76 44 8 33 55 30 38 54 68 48 56 51 49 59 40 48 45 39 31 54 74 63 30 78 45 50 26 6 59 74 69 50 27 53 83 64 60 25 51 89 71 29 30 34 53 26 21 91 61 94 100 89 6 7 33 91 6 18 77 77 77 40 61 23 24 21 38 19 92 68 30 25 38 38 21 79 84 7 18 85 66 78 26 89 86 74 63 63 60 5 72 84 32 13 66 52 33 35 27 28 63 9 65 3 17 30 97 93 72 97 48 96 32 64 91 5 65 34 27 88 85 10 97 56 34 79 23 52 26 8 41 4 22 16 50 10 11 93 53 94 86 95 46 24 25 40 10 58 22 51 29 29 51 17 74 12 23 88 87 54 95 19 53 96 42 25 49 18 26 41 94 23 78 19 87 7 21 83 85 97 67 42 65 61 8 10 83 9 80 88 61 25 9 35 71 79 40 3 46 99 18 49 18 75 39 48 44 60 11 84 47 84 77 32 22 26 10 62 43 29 43 84 12 84 49 61 97 19 32 7 29 20 98 48 53 38 67 84 87 25 87 40 6 47 21 95 57 100 83 55 50 9 2 13 57 14 70 88 9 67 56 44 66 12 24 72 11 44 12 37 94 1 70 84 34 84 29 85 36 60 31 8 27 23 26 27 30 15 39 100 41 85 94 3 84 7 18 35 95 17 16 44 63 26 55 45 52 9 15 81 60 44 64 33 19 11 67 50 50 28 66 25 97 44 11 91 74 52 73 7 77 13 86 32 3 68 42 96 51,FozsTJmWraICNl4/WxtRptfbKo+n8motYXW1De1AGrCQczTz08cnqNexmGDA4DtIhtKnIMOHa2xtjnLqbwXR3Jt6ki1LK0lW66VBCiZIZVFRjDMuSNaFYtLnmgJKC9HW4Og0zI9VJMmygUTubS9g7GvJizMowQEUDtW0CRuwTRDaPRzZTDOEVvjMRX0xTTdV/FWyLDp9f5f0QmTRJT3FVXqeynvFS9cXEvbB18cm3CwKSt5jOHNBRha5T7+pCQk2AV0NIXsAb5k/7E6Blv50jpn93cZA8rZ5AGxqleA7/GugwnxPmwfSiYposKJznjLyZzNU+0ryJlb54q6UZAggNKmqsPCw4iq84+8PjdTvkTL+2FvK85/EG8YCa95XO7eH/swvtPSkCKlFUlalEs+dIdRvyLQkX8J7AtmVjV7pM9/HLo+4JlNrFVJmP4AH/rc0kP02KCzkX03O0fhT4++zLlg84n5bzdt/91FLnwWXqMp14pOGEp2WRHLaXXmnrVFA80Rnqa1iZAHqKDj+wbrteEr2SlrPfsx2ue7nOGPKcnkmij9kyw2tasOtw4jDfOUxL+9nTK03AANLzC+FAka1kU9L3RVTkEqgt+HYe8ZyPyjYzLvylTpLiGBAl0ydqEtiInvl39aRfagFSJMnwQnS+3ToWHZ6lB3jXc94KEr54vk=,ChvLDArmGCiBGkGholbp/1Z493To4eMsEKgWbg2HXRxjugpYeT96/AncLgoy0dpZGIuV7Y69bBvYeM7HvWLU5Q==
468,2026-10-05,20:40:00,52,2026-10-05 18:40:00Z,74 76 23 83 65 87 100 63 70 94 72 94 10 52 31 16 90 23 16 58 56 18 5 45 94 99 54 6 75 98 26 83 100 13 96 44 100 83 69 11 79 29 57 65 16 47 4 42 5 30 11 71 1 19 21 17 20 78 78 17 72 83 26 38 55 31 63 21 2 49 77 53 13 48 27 61 56 15 91 17 39 50 21 39 76 64 37 61 34 57 63 29 76 11 85 28 31 65 92 57 64 12 47 5 84 13 59 43 91 23 93 53 37 87 22 37 51 37 69 80 99 66 73 70 21 57 81 72 73 37 61 88 88 16 72 35 63 33 78 39 80 24 99 37 50 23 16 60 68 63 24 3 29 22 89 59 73 82 88 67 20 71 76 66 7 84 93 63 98 69 53 73 57 71 33 37 15 98 11 76 14 79 65 62 16 29 39 7 48 24 87 58 30 41 52 92 8 82 20 79 1 1 34 21 20 11 5 49 38 83 37 41 24 42 78 18 48 33 43 15 28 59 83 24 18 79 88 5 47 79 44 67 47 53 31 29 31 38 96 64 49 74 14 26 77 5 14 65 61 38 63 64 78 34 57 92 44 71 38 21 32 93 64 79 54 58 34 59 13 42 5 77 44 5 20 57 56 44 57 23 90 13 10 47 12 9 44 29 93 69 95 41 15 9 86 7 25 36 50 55 20 75 49 94 21 34 63 11 59 81 58 1 11 79 41 39 84 41 37 77 76 11 74 87 31 29 68 100 11 13 2 2 38 55 91 94 29 87 18 80 63 51 84 26 92 92 37 37 33 90 69 51 69 85 42 35 44 89 48 6 86 70 24 60 91 52 83 78 19 61 76 93 81 5 23 8 76 51 70 86 53 21 50 42 68 21 24 51 46 29 2 83 27 5 27 52 88 9 88 75 86 35 1 48 5 8 80 4 69 25 69 18 75 80 77 68 69 57 30 31 78 71 90 24 63 94 25 90 9 52 89 13 36 46 1 3 15 22 10 2 54 41 9 74 39 7 61 38 59 9 79 76 33 71 81 57 58 40 9 73 96 54 40 69 3 66 61 23 9 8 29 53 3 95 26 5 29 21 25 82 1 27 11 67 15 10 22 9 29 34 66 50 72 84 84 89 44 63 46 57 36 52 10 15 30 29 73 11 73 63 80 56 82 40 29 11 66 44 3 61 88 39 90 84 19 8 57 12 73 52 36 9 84 63 73 88 60 41 86 16 27 93 69 14 54 30 34 82 54 98 56 79 29 28 7 11 23 1 33 94 46 53 25 55 34 61 22 44 32 9 39 74 87 72 32 30 38 33 52 38 43 75 56 75 1 61 100 10 96 14 35 90 23 95 1 16 73 13 67 42 72 97 26 55 42 33 67 6 94 30 84 87 1 74 2 56 60 72 17 45 39 11 26 41 70 80 84 68 47 56 48 53 68 61 37 25 86 85 68 42 20 74 62 9 7 69 34 96 44 96 90 46 35 40 72 9 89 33 65 26 96 50 99 23 96 30 67 38 76 90 23 44 73 82 34 77 2 100 62 87 34 48 92 18 6 67 9 67 56 61 54 100 61 71 98 87 68 78 90 2 38 1 2 44 93 6 77 93 72 56 19 75 45 8 72 78 35 92 57 83 57 12 34 96 7 96 61 13 40 74 97 50 44 81 72 19 14 85 53 56 8 52 62 21 77 58 80 57 81 15 61 21 98 93 49 3 25 90 85 64 50 39 33 25 8 91 27 40 83 17 78 88 24 51 76 64 90 54 1 60 52 3 98 12 1 88 65 78 96 14 60 29 98 94 39 2 96 40 3 97 79 3 66 65 73 99 86 16 95 45 93 40 42 64 84 93 100 29 4 17 73 25 2 36 8 4 45 49 2 60 58 38 52 40 10 95 45 31 15 98 17 83 15 22 32 65 32 91 41 45 99 23 55 51 90 60 91 31 63 91 82 41 71 4 65 57 85 81 43 51 20 47 93 5 42 5 4 19 5 67 75 3 96 13 12 72 79 51 19 80 48 82 78 49 11 66 63 21 74 25 31 77 9 26 81 27 23 54 87 4 93 4 75 16 94 86 40 11 42 47 77 60 87 55 1 54 23 22 78 11 24 68 92 37 92 48 20 65 8 16 4 40 86 59 29 61 19 38 52 78 63 72 93 82 87 19 40 39 90 8 29 70 75 15 20 100 97 14 52 10 10 54 97 33 53 52 55 46 33 85 2 14 93 49 63 31 20 14 5 85 98 68 67 23 71 27 17 33 91 16,tsQ0uhNEy/TLc4WYMtJnxlB1sYifRBkN3jGXTegeJDxr+fHOndK14qAzU7CoZ3+kKiV/u6uDfBBtrA5v2hs4C/qB3FaHa7Z43h9H/jVgsLvkliasTNMUEYnkvOXCy2H+Fs2bEApLSYiB/KtSiMMLNZ4wZ5y3gz6LYEed9AHCAdnWZbYjh+qWojnRUZL5wLcsRCb1KGcZYqjD8b/GvwEuaNU92BOo87ocRqJp4vnMVODkV6R+r1n/zaxU8dVNUe/DHlyXHKnqfq2xWpPDkU6pnN9oyHZzCuxrobrP1YiSRMRjaGOiVeAUrLwL3Tp6ZvUh1JmtYgoTdVxFwAETDbinXDE6+Chl+Ffh8z/cFr7rC44paGIf0Aqn4sLFT8gIqNjsLlC+779zxCXvS8qiRQ28LU0wtsFMgb2xcDjkfVcAN+CT+PQ+JQ8dYZir53fFO3NAepY5E3yorWLz96+xlzCZ/58usDGZdyaLZ9bHdS0ctNT9GJdxaqf2ViiFKSKktKWtCrhvFvKG6GyGN5c9QouHfaySvWbdL+ruO7bRJi9zdZaCXGl1O620xxPlCaZ7REYNl+dCDKC/tqbuFpsBoqMxRhhtT+bMxG6dGXrglR1bl93nrRdFP0LafsW9FWMi44+NmXluszhyMj8tnVfLExBV93o0vmxguxY9y2vAfclwRak=,ChvLDArmGCiBGkGholbp/1Z493To4eMsEKgWbg2HXRxjugpYeT96/AncLgoy0dpZGIuV7Y69bBvYeM7HvWLU5Q==
469,2026-10-05,20:45:00,53,2026-10-05 18:45:00Z,79 56 37 93 99 21 97 19 93 28 61 71 100 80 2 33 53 8 14 20 50 47 89 47 56 94 59 71 3 92 46 45 60 6 11 32 59 90 34 28 73 68 71 4 51 35 58 27 84 98 63 73 63 93 60 18 90 17 100 20 83 49 19 91 22 78 57 60 51 62 53 96 92 91 14 44 37 29 55 45 62 33 73 77 61 10 32 81 20 52 79 31 25 51 70 23 49 39 21 16 10 28 60 93 37 64 38 31 3 63 81 40 3 86 36 66 48 73 54 35 57 39 68 40 42 14 33 32 18 67 67 29 70 9 68 69 24 23 91 83 84 88 9 94 72 51 25 73 61 69 5 87 67 58 52 26 77 51 52 5 21 2 45 6 64 32 76 11 49 77 82 12 51 23 49 71 10 62 55 88 73 100 74 12 59 92 95 1 62 69 46 95 6 63 29 42 39 18 18 31 61 20 88 14 15 90 69 92 60 88 49 28 12 74 66 90 91 15 93 53 100 93 65 82 13 94 88 54 45 59 83 32 44 31 33 45 61 13 34 69 47 74 72 71 59 85 9 84 68 22 75 40 95 80 82 37 48 18 46 48 97 98 84 4 3 4 55 5 66 4 94 49 17 91 97 17 68 58 96 2 58 48 92 96 58 31 46 71 33 47 64 41 49 20 8 14 21 61 86 40 100 1 27 33 10 47 21 81 74 8 36 53 8 85 71 28 14 27 14 51 79 33 21 21 51 70 40 24 13 28 77 23 20 84 13 90 55 21 45 43 81 21 84 43 34 53 32 78 83 64 84 8 39 11 26 78 61 39 33 6 27 76 4 77 65 59 66 60 3 12 24 21 63 63 46 87 91 69 18 11 32 83 67 65 89 35 50 18 54 88 10 45 4 51 65 43 72 57 93 87 4 95 30 30 30 91 36 28 79 11 38 99 9 50 43 62 85 100 100 45 72 33 40 21 22 67 90 11 38 45 92 78 68 70 76 68 28 95 6 94 11 71 76 77 21 45 4 83 70 12 8 47 59 87 43 71 83 2 64 42 45 63 77 3 59 27 86 89 44 62 30 2 71 76 83 28 30 66 70 44 50 95 88 83 27 83 96 75 53 45 47 30 28 13 68 56 1 75 85 82 85 79 2 90 64 99 20 18 49 34 55 78 33 20 58 12 56 51 42 31 6 75 55 14 61 96 84 62 54 39 83 17 72 57 64 92 94 95 21 10 15 85 28 33 9 93 93 37 14 90 46 51 75 94 24 32 43 3 28 42 95 49 7 20 60 56 81 34 22 40 97 63 32 17 41 36 84 92 66 34 66 71 75 7 22 70 12 33 91 50 52 66 14 74 13 19 77 52 32 31 46 2 81 13 27 91 7 84 19 98 61 74 100 8 21 21 3 61 4 54 98 42 2 79 27 44 5 65 7 92 25 59 14 16 61 88 39 91 92 25 33 42 89 14 56 33 25 33 11 4 50 39 77 86 44 82 76 55 65 11 53 92 56 14 85 36 59 4 31 54 51 42 24 75 23 37 24 13 20 45 55 3 27 87 77 46 48 30 39 71 16 88 23 100 89 33 92 32 57 60 11 88 60 88 37 44 74 52 42 95 95 60 50 93 28 29 69 95 52 76 71 4 100 73 60 85 34 52 23 53 57 36 23 64 76 36 79 44 44 9 90 91 91 16 39 84 66 97 99 59 52 33 35 98 37 77 74 27 17 17 73 4 35 68 87 91 20 9 84 93 36 24 58 9 31 92 94 92 62 44 87 1 75 73 70 96 91 91 88 56 21 83 60 16 12 82 80 26 3 98 38 9 31 68 41 24 22 76 72 66 78 31 39 77 13 45 38 34 47 67 66 83 21 58 33 41 74 45 24 48 15 23 39 99 61 55 34 23 38 87 78 79 74 77 68 37 75 39 6 70 38 50 91 96 43 36 78 34 40 12 60 54 100 100 90 30 99 42 15 40 59 89 52 4 27 3 15 67 77 24 53 10 97 4 23 46 25 61 64 62 54 77 38 34 49 90 83 37 16 85 10 3 12 15 22 53 10 28 91 47 30 51 31 34 95 56 37 17 82 44 65 78 100 31 96 61 83 61 61 70 48 96 25 40 34 36 19 27 79 33 85 98 80 39 97 65 82 46 85 50 43 89 21 7 49 42 95 74 57 17 49 57 23 3 88 42 37 44 9 19 10 23 16 50 29 65 84 45 20 78 32 41 31 4 38 58 54 8 9 15 14 98 38 49 87 29 75 41 29 36,P3hJ05hdDut1lo4CEDgWTKb4waru+OtK3uSskwhAaehmmXuvWk7X8zZvyyzlEvkTU33Xu2GdYfTKTS1IpLVJ90JT6laPg6MiQNHQSDiIWrF3gOpw0ftiIwWgHVbT3AEEbxB3zCkdpsIGtuti/SKEfFtFTVUFlE0XCOh3reqyeywFzNd42iM7/JNpY3rLMV6vEti1j4ZWlnxupfJAHll2p+1Gts9wHTGSvqygXJO9H7BMPobiJGTkenIrGuQa5OMN3l1SmOkDM7Qxz0nIocLuF6NR/3yMvxFB/bvdtYyXk24LGzY51ZHhSWripsnIr6K5GffeU5jeU8wZ8Kz+vLEhENdpNMVF/I5WAwbhxIHp8d41dZxnXi6lRO0ofg04x+d6upPfEiLnOOy6m19zKn9+CeeH0lzNa/cH43YAco7XUPpLosYVHfEPnAlFxMJgmF0ErF+D9Z/I2MvitzgwQ/0Uoawh1lS6dsyTAShEYmDaIOSc+Dbo+X8IISJFOn36J68sVUtPLFiT9HMfpd1rwPG0LxmLKDjcvxfZ6cnozb2EV+Zd5aS7//c0kGUs1MYrhzgwWnPDMf3BuTFIH89ao1Qmuzt0uMM4MpRgLkTpoVOc4Acb37tLl9DciVlmcN5REEBCTY9sXZxIJH62Ca2D5JH9+3pduDIvsTpKwyvPHLZUv68=,ChvLDArmGCiBGkGholbp/1Z493To4eMsEKgWbg2HXRxjugpYeT96/AncLgoy0dpZGIuV7Y69bBvYeM7HvWLU5Q==
470,2026-10-05,20:50:00,54,2026-10-05 18:50:00Z,48 97 83 84 42 26 36 53 13 32 48 1 75 14 78 55 98 11 75 35 96 86 61 21 53 23 89 4 92 61 15 54 10 59 25 59 24 17 27 30 9 16 82 10 66 1 76 94 71 74 40 81 26 58 32 38 64 42 87 36 11 18 92 100 16 86 49 77 85 4 17 85 2 23 21 6 91 72 25 36 74 48 36 91 44 37 73 80 74 39 75 82 67 13 26 44 62 91 65 57 40 17 31 7 42 5 97 14 24 13 78 80 64 92 1 50 32 81 86 45 92 14 39 5 20 68 91 57 97 87 29 50 33 60 89 66 78 32 22 15 31 48 74 67 42 75 79 10 18 70 40 1 58 66 16 23 34 63 20 1 100 33 14 57 58 97 70 24 16 68 6 14 7 41 94 89 70 92 77 63 24 64 66 32 31 81 55 75 15 30 8 69 24 27 86 39 14 38 25 24 45 22 80 65 6 72 58 89 7 25 71 61 23 32 8 80 58 86 4 21 49 42 73 7 12 72 17 59 85 97 52 65 69 55 49 96 70 85 35 71 6 9 88 33 99 87 73 42 12 98 18 40 34 48 85 56 60 51 91 87 85 12 81 15 25 41 52 66 63 44 65 33 48 48 87 19 87 47 1 94 8 28 3 26 90 43 21 38 64 97 86 18 51 7 4 82 73 65 54 60 12 50 82 97 77 4 53 11 32 21 85 81 73 76 57 83 35 29 18 6 18 97 32 21 59 58 3 26 13 37 72 85 39 51 28 78 82 71 59 51 9 3 63 73 73 79 75 8 52 86 64 73 100 8 49 39 81 50 86 89 44 7 80 36 18 4 71 56 67 27 18 59 62 4 16 85 78 41 77 24 74 50 81 23 28 83 100 4 78 77 47 8 50 51 19 97 55 50 32 62 82 95 98 91 29 17 36 49 90 82 78 49 82 63 84 81 71 53 93 86 100 74 75 46 13 26 62 70 23 9 76 16 43 58 34 88 19 73 85 19 71 75 96 88 36 7 76 77 100 13 56 69 22 64 45 24 53 71 25 60 64 78 74 3 13 57 68 72 12 86 39 77 19 80 53 59 9 43 36 55 32 31 26 9 91 81 37 79 81 29 17 91 75 95 51 60 64 88 33 82 24 93 92 74 58 62 56 81 67 34 86 20 3 75 83 12 94 71 87 35 49 8 16 10 94 26 67 65 93 78 30 89 21 77 96 13 75 85 55 69 75 27 50 94 39 2 60 32 25 68 36 45 6 7 69 19 14 9 12 9 52 60 54 15 47 3 14 83 74 20 63 100 53 53 97 65 60 62 4 6 90 72 70 95 32 9 33 74 55 64 49 24 67 90 82 1 73 31 97 39 13 53 22 70 67 44 15 27 82 65 51 99 22 99 11 32 49 73 48 16 75 58 44 4 13 13 90 52 37 59 4 17 9 87 7 8 56 15 90 62 77 5 1 100 33 94 31 87 96 5 98 31 39 70 43 3 45 11 42 20 30 13 84 20 36 2 67 23 12 42 60 31 7 64 46 91 52 48 100 20 59 22 11 34 94 47 82 98 89 10 71 27 55 76 16 57 8 67 47 51 67 31 85 66 70 91 62 72 100 7 74 57 98 81 37 2 30 8 4 73 71 51 82 96 73 59 27 100 78 42 98 99 63 92 67 69 32 2 15 25 89 67 39 71 35 54 33 15 58 56 81 30 59 53 36 73 64 65 19 19 45 38 65 26 32 86 95 16 77 31 26 51 79 73 65 97 18 71 7 11 12 48 11 24 76 43 96 81 56 34 44 63 76 10 91 77 93 32 26 77 24 34 29 58 51 59 19 31 100 44 39 99 31 74 3 12 94 6 43 73 68 2 64 50 38 54 54 50 95 63 43 78 93 30 88 75 13 42 39 47 15 48 13 71 49 85 78 20 57 81 13 78 79 60 65 65 37 83 73 29 37 95 42 67 41 14 54 24 63 43 75 30 70 46 11 57 12 85 25 51 91 76 63 10 22 58 3 82 71 6 29 27 4 57 45 83 60 83 43 47 78 98 88 80 63 83 91 30 13 91 85 100 14 26 99 29 39 46 8 39 95 38 21 52 39 53 97 80 72 34 86 39 100 5 38 80 28 48 79 22 79 13 85 26 7 49 66 29 14 30 30 1 25 81 24 66 78 34 58 6 50 42 59 47 11 75 96 25 30 32 88 12 19 50 96 89 17 72 8 84 73 58 54 19 95 34 13 98 21 65 52 88 41 86 94 45 33 14 7 55,je2F0kDbB8DQndLbQjIsShts+Fkr8giR4sBbTObB1/KFYugRxHXDd0gqRmqEkf2Yl1Cp5PkjV8GRRQLUncsAoPp3eSAVcCtYmsws7WSOWNpSfy078YI8/1knje6NfeRQfoEdm4n/8ZOcqbyiod7OkXvFdjZtEaPbMIIZhfALQYN5semH5HvJSklpDXSeyLCx3+OBVYJLHhq5zrPJFPaue2Bb4nFKs1HZcGZExn0lkfTBiIWCR8pw3LG4gn93BtXvnFzduRlat1DLY/Y+7JIIBCpRHtb7wS4bwNXAT/6v4zzKj3rKn+85iAuriyvNwKGFQu8VIfZga/cwV2E7cFvS4uYKTgXJthsM51eLvB4iZLZngxTqEyLaIs6ALmOr75sbw4yzOMQFJrMluKYUd07816VFmoP2JSrZnsHkJBJMC1fuUXz0b9vav9u1opHr1u6+XZI/OCzytQ/rTD/o2rkwW7qVpTzKrE/WmJDtndyy7IQ5n666CuXtmkG+hZBhWrV+Tx60qKJy9b6g/38kdDhF/1QuB0ZuItR/Z3JdVjdV571/9FCckRwtDeM7Juv60mdXWvUydhmF71X/rEmY2ZHpolxGKatr0L6+K8xA3MKvkGHeur6JXCWHr+PYMcRsGBlfe6nSGeUoUWkfoEjAbgBj1uJCUL30Amjg3EcxUXhLQfo=,ChvLDArmGCiBGkGholbp/1Z493To4eMsEKgWbg2HXRxjugpYeT96/AncLgoy0dpZGIuV7Y69bBvYeM7HvWLU5Q==
471,2026-10-05,20:55:00,55,2026-10-05 18:55:00Z,29 38 95 13 50 81 95 62 47 45 69 84 94 67 97 77 94 92 72 42 90 27 98 96 49 33 89 29 81 29 82 2 30 9 15 43 35 28 42 62 10 97 17 54 17 84 67 86 30 74 50 51 74 91 2 58 44 37 56 38 19 43 65 70 10 76 38 21 64 39 16 58 11 97 11 90 39 10 10 93 71 90 90 50 85 23 92 80 77 44 63 84 7 76 32 38 69 33 35 65 1 10 38 49 36 86 31 100 96 87 2 8 49 68 50 17 7 54 54 97 24 7 92 56 67 57 97 39 57 94 86 56 30 95 19 53 95 47 14 39 67 5 99 64 5 60 50 76 54 65 60 44 6 67 26 84 84 48 17 34 37 53 12 85 41 3 21 97 29 62 35 2 49 67 20 33 46 39 8 63 43 67 35 6 59 39 84 37 62 28 46 69 48 57 38 84 66 91 24 54 58 60 74 43 30 66 61 20 9 90 77 89 80 15 57 11 25 74 96 55 50 8 21 74 88 29 35 60 5 69 48 49 76 7 19 41 59 13 83 58 98 87 33 88 29 42 79 1 9 9 69 90 97 16 43 63 84 85 62 99 5 42 53 6 4 28 31 49 35 61 76 20 8 83 77 3 90 100 57 27 91 95 44 97 59 69 43 12 57 90 8 93 82 43 66 77 89 8 68 49 32 19 28 87 83 7 90 44 79 87 17 27 9 50 91 72 90 40 86 30 65 23 24 27 15 100 50 59 58 72 7 76 32 62 47 24 66 91 2 40 16 93 68 80 91 25 46 18 49 52 36 26 76 34 47 16 85 52 27 86 70 37 97 91 42 21 55 86 82 53 23 43 11 71 13 7 21 22 32 31 89 49 82 17 56 82 90 40 41 16 31 97 83 86 34 24 47 84 76 67 1 83 100 59 5 51 89 51 31 31 49 85 68 82 48 41 66 33 52 79 20 62 36 50 67 92 27 67 45 12 33 69 95 10 86 16 68 32 39 24 68 96 53 97 41 57 95 63 54 67 17 70 38 47 64 78 4 70 6 47 100 44 30 58 59 43 62 84 33 34 100 96 4 60 87 14 58 15 24 23 73 84 99 70 51 54 13 91 87 70 88 23 53 51 21 47 80 72 13 39 21 44 15 1 52 17 12 91 80 22 78 39 86 54 31 34 38 46 70 98 80 52 97 21 64 53 53 28 2 39 73 32 53 35 100 96 39 43 67 86 70 23 8 28 72 11 82 84 35 43 64 2 46 38 31 84 34 57 68 84 70 54 75 74 100 42 80 91 62 50 36 51 33 24 90 94 66 11 67 9 59 9 99 41 24 1 10 75 62 14 2 83 8 74 54 74 92 31 19 11 37 81 78 39 23 68 28 83 84 37 75 32 64 42 39 75 60 10 10 20 16 7 69 57 97 18 94 7 85 67 80 70 72 33 50 52 8 30 38 80 55 56 24 76 66 60 29 38 73 20 100 19 41 3 41 59 58 59 69 94 54 97 41 63 18 59 49 95 86 6 7 60 56 84 35 78 60 38 42 44 68 72 19 91 69 54 22 76 32 93 42 57 51 74 80 77 55 70 35 50 55 92 75 2 21 20 62 93 65 17 28 18 30 29 18 29 83 44 63 95 37 84 58 91 7 63 43 11 38 53 48 37 5 75 2 19 29 40 94 59 25 63 87 31 41 87 88 60 76 98 29 5 83 21 71 17 74 86 38 73 58 95 75 37 91 80 66 49 16 32 11 56 88 86 47 85 93 54 49 63 68 2 24 10 20 30 66 100 67 48 59 44 13 86 91 91 86 39 32 17 71 85 90 13 62 94 1 17 40 33 72 4 8 92 90 89 25 50 24 26 29 67 60 91 1 50 21 39 13 57 4 90 80 41 93 31 15 73 65 48 98 99 21 20 47 11 81 81 88 66 30 27 62 21 34 60 88 37 6 50 41 42 67 53 69 65 24 97 35 69 23 90 11 84 72 13 25 23 91 93 20 22 15 9 78 89 84 16 67 14 82 28 48 11 91 13 87 86 58 6 63 18 1 40 29 46 2 70 34 95 62 86 59 15 37 10 66 52 19 79 92 52 85 16 22 33 95 68 35 57 75 34 100 21 25 67 19 48 80 65 51 50 9 91 25 46 75 22 73 68 22 75 44 84 32 42 99 48 16 69 98 41 54 98 69 84 93 14 84 55 9 76 17 49 93 41 50 37 15 95 33 88 99 62 26 34 87 79 2 83 23 56 33 35 50 17 93 13 2 32,o2MBxIaxQFjUyA/CHkwP5oi4ep8CLH3iMedSzVmNN9fw9aNRD+sICxWEfb7UV84+h80fcQUdLkjq1wYCqILSS4lV7AYOELYtUf+Xujd/oggFfB3PUonicDzYazCn+stBcmNxH1SrPG/mWw/B7pUZBVqELbakUpxw4BG8ZBvmTxS4Y2L88zqI47m24VRrGX9E9PQag+bOYlz8VHBfi6Q29f29dpEiVRO7pb6VT5q5XON2ERZESp8KmdAhKHOXXiQ0+PCUVeNL7KVO34GahFxKjW0Zt4xqJU5eACdRZsDfDYEcgKPDfuk54b3NckW17ZW3bp+VE/7CvLRG56apljud6J5eBgjtdRvC+TsNB1vcIaVTCppK5NMn4vL5yK/sDETTeap38ohzYO9iquS1zFobinidYpissnCAjHyscEEwRY3Da4ZHDDtqTYkr9b8o0ZQR67CBJDEkoTiWiJuUfCOIazSqSXECJSCOnzECvjyRSCp6AtHf2gt8I96RWYdz0nEHCEryPLVvSdCrR7MwGoEDL7kKSiUtrjixbEPw72ZnlM198LYu+wn8E8Bsf3Yz9c0QexrLD2GKbG4xb49fn1b5ME4szmOb5D0WmmkGHnWsoQ8WXOFtjDW64UR7PT3sm33J3Y6EGvM/uHV7EVywzi6PXkKZwVSucswsWkbUe7dVnrM=,ChvLDArmGCiBGkGholbp/1Z493To4eMsEKgWbg2HXRxjugpYeT96/AncLgoy0dpZGIuV7Y69bBvYeM7HvWLU5Q==
472,2026-10-05,21:00:00,56,2026-10-05 19:00:00Z,6 19 71 65 88 48 70 69 14 47 81 100 74 32 65 55 66 29 51 15 71 38 26 48 100 100 10 19 20 32 92 83 34 95 73 57 71 72 54 77 54 97 72 46 64 35 5 26 74 61 96 64 4 36 51 74 85 73 69 62 35 36 97 17 28 97 80 35 45 79 74 94 62 38 48 64 52 35 4 10 15 95 43 72 78 10 56 36 64 78 20 20 99 65 5 74 76 27 30 34 67 56 95 23 37 100 54 34 82 76 34 66 27 65 21 4 84 52 65 25 57 30 75 34 88 14 96 8 76 31 94 78 53 3 43 18 75 17 93 50 31 33 54 49 74 65 77 64 86 18 75 20 41 42 32 86 21 31 32 49 13 6 63 60 77 30 84 10 44 51 63 47 89 67 67 38 98 66 62 69 91 48 8 32 66 28 18 32 54 9 54 8 28 30 38 63 9 49 31 13 31 67 10 29 4 96 59 76 97 15 7 60 47 45 60 69 43 59 75 41 54 42 72 16 75 96 28 96 15 3 39 92 76 47 11 58 26 24 65 82 11 18 33 8 47 20 65 15 30 27 79 42 21 12 37 78 39 81 27 94 43 83 93 49 78 61 66 37 10 24 52 30 46 84 51 17 95 96 44 50 46 76 97 2 7 92 40 64 37 55 48 90 44 64 28 41 32 35 24 63 29 98 85 41 46 1 20 12 16 89 41 37 87 100 65 66 75 56 59 4 66 64 87 38 45 28 36 29 52 42 98 59 87 93 56 23 35 86 63 33 16 97 6 64 41 45 95 98 26 62 72 31 19 52 43 56 61 44 86 55 1 60 13 27 41 83 21 90 51 79 6 76 49 4 52 50 40 55 64 98 42 15 44 55 25 19 51 25 77 45 41 55 87 90 63 78 63 31 1 39 64 57 73 70 64 11 26 93 55 45 61 6 64 37 78 13 51 76 36 3 52 44 34 55 57 52 42 47 74 10 93 53 16 73 46 4 98 86 81 20 21 85 84 38 37 78 85 70 86 92 39 51 18 95 95 41 35 58 50 52 2 73 66 51 15 64 33 7 17 41 59 19 45 98 64 34 5 89 57 37 6 88 17 79 79 40 45 56 4 38 67 99 38 39 26 60 36 61 19 70 87 68 36 12 91 71 46 1 71 49 87 20 11 92 79 41 68 46 83 7 63 24 58 40 18 18 67 28 7 71 15 31 59 37 32 92 48 83 21 85 68 2 67 49 14 88 24 23 42 1 86 32 67 34 21 59 93 22 79 41 30 89 27 67 15 54 46 68 83 81 29 35 32 37 1 84 6 13 78 22 57 27 60 5 79 90 19 49 97 10 79 29 61 47 83 75 55 99 41 7 21 25 3 87 5 66 69 32 52 45 80 58 42 20 98 27 14 52 77 70 74 99 51 88 88 68 94 77 32 88 87 50 99 74 75 97 45 45 93 87 20 50 83 3 47 22 38 65 6 67 84 50 53 35 37 99 96 67 21 99 3 79 67 14 18 20 30 50 18 1 36 30 46 10 47 77 4 67 94 5 6 15 71 75 93 40 92 67 50 47 85 25 1 52 61 31 20 63 51 83 27 85 17 43 15 53 90 17 79 5 30 1 6 91 61 41 34 67 69 72 32 4 69 65 9 31 63 3 89 92 48 27 13 35 23 65 58 33 43 73 97 67 35 97 20 92 70 56 16 10 62 30 38 59 98 15 68 96 49 47 35 6 41 58 37 67 90 55 62 95 39 14 24 62 81 94 30 67 71 6 18 19 99 60 11 35 46 48 39 66 47 40 58 12 98 65 31 33 93 84 52 45 66 95 2 75 56 15 62 49 14 65 71 4 55 68 48 3 14 76 71 36 78 18 87 24 84 87 20 50 45 17 17 54 68 27 3 82 20 68 38 88 97 50 55 9 58 69 57 13 73 88 53 71 68 18 62 83 28 65 51 14 36 52 71 99 54 25 50 11 4 70 55 19 73 100 56 53 1 46 26 97 34 91 73 32 50 89 75 53 64 34 39 6 2 41 46 32 48 42 49 66 94 55 90 28 56 13 11 4 17 82 88 80 17 94 59 1 59 63 46 78 76 8 20 53 55 77 50 51 99 25 95 19 4 26 73 67 80 60 44 91 20 57 62 60 56 52 39 9 50 34 89 33 30 85 5 3 79 20 52 74 10 11 42 16 73 9 64 76 68 68 19 97 58 46 3 75 100 70 56 99 56 53 10 87 54 99 49 4 28 36 16 76 59 20 2 61 92 13,13I/66cXtcJXFiHLWtugMkrUd17z87Y/RJG4ScqFt+aIt+FrtXK2NdBuQxbeqCV6wUHRFFVJX2SZhPQcmzf0Tx0NqQvYi2+yOLygobf+3W5ABaTtrJTYCoLFn/3jU51UQJ7ikSniu7m5//K2am0JNOLEqeRWLyw+p5sgQGKsyGWi2SbiqiVK1VGTLeIFuBLNzPYSIwDv5M/9XFsP3faAKWW9AeuSocL4CE8GqW4mvlwGTD6h1C6NfG39nL6lP+OeCIKU0p9P7KN+bIksEb8wHORjUfpGJCGhZlP4Ffac8Eg4OPHFXAntBnlayQbjrPDZ27pBA3caykgny+DJyHVZs1DiT32ZoO8cMNyZ2dd3LbejRWWBqh6DWkNVWDFir+eJJM9Nu1iiJEQVPamSGTIXLnxDta1xj8L7odWBO9Ux3zKoGgoIL7XcfLzJaBRM/0vyF5F7De1PajkX6HZ2/7w+TUBcR8s2duYikzPpAi6bln/ONEOACjtkqEWLGaYNQLdIRd7ws+O5NOpbUitFAoMsR1UgiCgmO4iPDrYbgFVTmE3qojqNTIVkji/1fk0yRlcehitTiIwGOSsYOT8wuPcF6Y/v87jf6bFfvOgvyCNfGW8R4TqKS1dD3JpCYpROI8dWYTaCIdhJeKG8q7K+xCUT0KYA5RRVFE9esj7R5kq5MZ8=,ChvLDArmGCiBGkGholbp/1Z493To4eMsEKgWbg2HXRxjugpYeT96/AncLgoy0dpZGIuV7Y69bBvYeM7HvWLU5Q==
473,2026-10-05,21:05:00,57,2026-10-05 19:05:00Z,30 55 93 87 9 89 10 75 53 92 29 98 13 37 66 30 72 96 59 36 44 93 80 29 93 26 13 24 100 37 82 59 84 15 18 54 13 58 26 75 78 14 99 5 100 16 87 12 23 34 28 64 46 82 78 19 14 16 39 63 13 11 70 77 75 34 63 48 74 74 7 38 78 75 74 93 11 12 24 91 99 3 92 86 76 65 50 66 48 38 80 83 64 81 27 34 41 57 45 56 93 81 26 73 64 45 65 75 82 72 14 2 64 20 1 39 24 84 26 71 88 88 20 24 66 76 28 80 68 11 27 17 60 95 59 53 93 38 80 95 13 21 57 37 27 81 95 97 66 21 80 49 41 37 3 31 64 55 8 11 82 66 35 64 10 35 1 58 74 17 50 26 7 75 60 95 78 24 68 82 41 43 45 98 13 89 22 8 32 74 77 6 23 67 64 80 33 85 35 76 37 18 72 46 57 12 13 50 69 21 92 68 42 43 13 27 98 57 51 75 91 37 50 49 48 98 78 35 8 80 39 28 80 86 37 57 4 96 43 99 17 9 51 17 100 18 49 21 27 31 77 46 8 59 1 33 55 13 59 49 42 17 27 67 62 38 57 42 47 81 10 71 83 57 2 66 50 30 6 38 85 97 25 55 94 62 70 43 96 7 51 39 48 25 100 4 34 21 62 9 20 88 95 93 48 16 51 32 36 73 74 14 90 91 48 26 36 60 18 63 65 93 56 54 61 77 57 28 62 29 28 77 50 2 34 76 72 82 53 98 59 14 92 46 19 37 64 30 2 14 81 28 68 14 94 31 35 84 96 89 48 73 73 100 28 2 46 93 10 4 52 91 75 15 8 15 82 97 60 43 31 26 90 37 67 62 39 48 58 4 9 70 65 50 91 7 85 83 6 29 5 10 70 95 11 33 30 44 59 27 45 23 72 66 47 16 5 26 88 30 44 29 90 41 61 13 47 100 81 7 41 7 80 31 29 72 49 99 3 21 85 48 50 15 23 92 55 26 67 76 88 90 76 71 68 86 66 78 48 51 68 62 28 94 31 24 1 99 11 75 68 55 79 10 56 23 8 18 97 62 60 100 91 60 84 35 99 72 49 67 8 20 99 72 41 60 79 92 1 76 27 62 26 24 82 62 7 48 41 57 28 20 91 35 46 79 26 4 59 14 47 99 39 79 82 89 43 17 17 26 52 96 64 18 37 52 47 61 57 21 95 81 6 3 27 49 2 88 31 37 56 56 28 72 6 33 71 37 85 96 62 70 19 28 34 30 14 9 65 47 85 86 34 34 73 85 49 46 74 65 57 98 62 35 64 64 1 2 70 10 18 17 7 77 5 4 58 73 81 66 62 96 11 54 94 84 88 14 58 23 55 19 1 78 12 92 57 79 44 27 25 43 93 7 46 80 60 52 35 83 72 77 69 66 76 17 16 73 66 18 84 71 27 12 11 41 86 66 65 95 71 11 3 88 49 51 70 76 37 49 87 23 91 67 84 16 100 65 64 85 72 87 99 38 24 87 43 89 88 19 20 76 59 60 60 24 31 18 68 58 73 91 21 37 49 11 65 20 21 26 62 96 31 70 71 4 43 21 19 27 87 71 52 98 12 58 77 64 37 92 1 7 80 18 77 1 63 37 49 93 1 19 60 37 24 15 34 53 32 57 1 67 84 47 43 76 47 9 45 90 3 16 18 24 78 73 81 39 27 15 14 17 11 10 49 86 81 47 36 22 85 17 13 31 88 53 57 73 43 72 46 35 6 3 68 57 53 15 70 49 100 98 38 51 83 59 56 42 83 26 57 15 95 28 38 59 3 22 10 21 94 5 11 36 89 85 40 68 48 31 31 58 7 99 97 42 27 99 35 27 82 19 100 95 87 16 23 99 66 38 27 55 63 25 81 5 43 47 23 36 48 95 35 88 37 98 87 66 29 85 64 74 83 1 48 35 71 95 38 6 93 71 92 100 30 30 14 57 77 37 42 9 13 60 54 37 35 76 20 10 30 74 27 42 78 32 4 55 30 78 40 54 93 68 25 85 73 97 100 73 58 4 14 93 11 85 81 13 82 94 63 1 16 7 59 38 27 45 8 34 48 24 73 84 32 61 46 77 80 46 85 11 36 66 71 56 32 72 33 34 29 21 68 58 24 75 93 63 15 57 33 72 27 17 29 4 46 42 71 26 72 21 60 80 64 31 52 16 40 84 49 9 6 37 67 55 7 51 68 62 30 72 79 40 100 43 85 20 28 97,bWPpxcf03omQYGO5XVzLXUK74F+jr9I/cOb5MMaJU8e0eNk12xTM6WpY8xjvuFRRguFm9Poqbe17eO/REkwtcUC9EbS/gc+5kajEcJPNfwE8WKHQlxN42Vff7C65pZPQDX5nNqYYCwtmyB5HjBr1WGQbWnUrqroC82jySfxZtnES6G8KKyu+dl33rYAWUNmD8cckOJcMsY5t+Y83PuiKjNo6csuFZRdSGjEyqZ2+0Rlz9XgRWOgE1a6Jb273kpsGxLklEs69ZjuVQ6h0cWi4IzjEKH2zjGFC7dd1bqCo0MVx8X/ErylMtTrkNgQVUdl0Wo4zg6ldRtSZTAGVD28qnBWoP6wJAHiIjnvDFXP7IKBgGcrfa9zYYl6qzPQDbgjjr4L2DzbBipBuOTQsldVYE3vsGB3J+TXNxtmGT7dhvacX6I3CF0y77JVXbBzKeKU1qq/CIpVnkm+P7q3nX2SK2AONAbV3hcQT/ZHmkVETXZ9yi7pZKlNe0SLWB/xGgq4KWbIHtMizkLdpIshu/bqcjPxU4D5wgtuIYJNdoAp+7ZXUjPTbGFbG00pZHG6eSRxtp5wEoHMBMOKyASJxFaNtwsl5qdSM5dn56lT4TUm2Ak237gH1Y/9VgZsQvMvmOfhQgKGqpLJxpfNAucZXTgR991XE/+4QfGpWwE+uijOQlqg=,ChvLDArmGCiBGkGholbp/1Z493To4eMsEKgWbg2HXRxjugpYeT96/AncLgoy0dpZGIuV7Y69bBvYeM7HvWLU5Q==
474,2026-10-05,21:10:00,58,2026-10-05 19:10:00Z,10 43 12 46 24 72 26 54 57 61 41 97 39 50 36 41 2 37 33 32 91 56 44 83 83 81 79 93 28 19 88 12 63 87 56 75 84 78 73 44 8 50 39 99 26 67 77 83 39 98 56 69 24 14 98 35 63 6 36 20 58 3 15 44 44 91 78 7 100 36 48 8 76 70 24 84 80 78 72 45 36 69 31 10 24 61 47 47 7 37 11 45 57 29 4 8 50 26 33 59 89 35 13 54 2 30 87 56 96 99 80 46 46 65 1 47 79 84 11 72 29 87 75 23 68 86 22 91 77 73 43 75 36 5 25 86 89 3 81 2 97 69 35 92 83 40 41 74 66 14 26 35 47 98 7 32 49 93 59 15 53 28 6 41 4 20 24 84 50 80 96 65 58 17 79 28 22 84 86 45 21 18 99 15 2 86 77 81 56 19 82 26 20 55 74 91 57 25 5 2 25 56 78 88 16 35 26 92 30 78 56 30 78 88 68 47 66 44 22 27 74 90 47 70 2 43 10 57 54 99 49 32 99 44 54 60 1 59 25 77 92 25 89 84 64 53 69 35 11 85 83 57 72 14 10 54 76 16 75 41 51 91 97 63 23 92 75 76 93 38 64 29 71 41 7 80 99 74 19 94 84 31 8 57 34 10 16 14 19 9 49 69 14 4 33 20 21 85 41 72 40 59 74 12 33 86 95 41 11 68 67 10 8 7 67 75 26 76 92 21 57 1 16 3 94 95 3 40 42 74 1 37 80 97 51 72 82 46 71 84 35 62 4 36 11 98 32 92 64 33 59 23 66 23 34 66 79 88 48 85 27 18 76 53 24 52 96 64 89 21 41 58 53 63 76 89 38 40 44 6 28 83 81 6 100 46 20 62 12 64 11 34 81 31 21 16 27 60 71 93 98 7 85 100 65 100 91 66 55 17 30 18 38 37 30 41 96 93 29 60 77 19 1 44 100 78 28 53 29 59 19 92 85 93 46 30 18 91 24 76 27 1 2 83 11 21 18 90 64 99 25 16 3 74 69 11 100 62 33 55 84 28 96 24 88 26 56 2 58 76 68 93 84 1 25 41 3 56 86 70 62 17 32 79 71 38 52 75 63 9 51 94 86 82 86 64 27 32 45 49 58 24 1 63 5 21 66 48 38 63 20 15 100 17 46 5 79 94 36 22 94 59 83 10 39 69 65 7 73 57 68 57 61 43 36 67 59 42 24 70 59 37 14 12 85 51 86 65 48 55 1 39 6 51 39 86 26 85 71 23 84 99 27 50 79 12 96 62 33 61 32 36 26 92 47 30 41 66 63 28 67 48 11 22 21 50 13 99 42 45 92 36 19 14 82 69 43 80 10 69 19 98 96 35 48 72 61 48 80 22 27 22 45 97 51 29 86 26 26 72 75 36 91 77 94 6 70 89 78 43 60 31 76 77 56 7 19 27 73 56 66 8 73 95 2 92 44 46 82 31 83 28 74 69 98 8 19 31 78 99 76 27 97 92 45 78 75 26 54 54 5 22 74 89 27 88 53 34 35 48 23 72 69 96 5 66 57 48 23 61 10 35 15 32 70 98 16 39 54 33 31 29 48 86 81 42 80 100 74 26 76 55 28 46 54 72 61 83 76 15 50 62 63 14 98 71 76 14 99 86 95 42 99 32 74 87 85 73 79 88 28 29 31 46 80 53 7 91 55 71 35 4 64 83 2 30 88 46 61 73 31 68 51 49 71 41 23 40 48 13 79 64 8 15 11 14 41 70 6 91 45 29 70 18 69 2 98 44 18 30 32 55 37 62 72 72 87 23 71 93 20 53 19 4 85 61 100 16 64 12 91 48 12 90 72 69 4 32 91 91 75 57 98 27 96 82 69 89 82 32 43 54 57 51 96 4 43 4 92 35 16 99 32 46 6 42 56 57 96 11 37 58 72 59 3 14 65 90 23 44 93 49 21 47 45 39 96 44 86 41 56 38 51 16 51 97 97 24 72 4 42 53 42 80 52 20 92 64 78 44 15 61 79 64 17 70 37 98 90 62 8 36 51 29 96 73 18 99 56 32 51 65 80 11 33 16 5 96 83 60 3 55 47 88 86 49 64 39 20 70 57 70 58 83 59 1 4 57 64 75 19 13 91 35 21 55 76 55 94 73 43 18 6 97 68 21 39 73 55 95 22 29 24 17 58 73 61 70 6 30 65 21 13 72 84 6 59 52 43 91 86 86 71 74 62 34 4 80 72 19 93 35 22 83 94 21 84 1 70 72,KaSEboaifmV2CWnud8tJtmNyIBMUTKjurBWUlMeYd2F905kZRdPmt9sFCgKsNS6ewD47FpkKseSOYpbhqnr7acvA5/24prybGF6KhIiMBK/uCOjfhYG7MIeOudhcD/H7iCLziipCA2KlJTsvCGVczIYV009iFXqQGPtCdq//hrrUd/0rGFTd4i81MC/fUEjVrbPIbn4X6laOpyBfDyyF0a4qYx0jBLVF0hlhTFXuE6dV0qxqnLgQvUMeAjqOaXPnBO1oxubwhfFq21F2njJ6vti0SA9e+yS03cZF79YVUIaWvW+wxFb7wUnYi8nSLSoB+3gQbtl8ytr/bi783StDM/6igA0KJ0hcDUU0UZI18ViyqxcMR1UlTEjV+5d1Kv7A8we94NYjeWnqyoaKpVptGAemSX4bPjAmU85tI3V7xbqHouHpzZhqw381vTWU1WhUi4LkxdU1RYsa3Fod2jWdWxlqNvB3zuOcbItWlN+wTGR7Eu4NQnq4y2+stI2iJMPiZBi03y/uaxxzyQEEawI6rKLhB9Hx3HNs7TRhKkX89LhKc0sT6MCzj1eMztQzVmu84JSLMo1s1eqFdm0Hmwyv2R28c55CLEmeILvvI1DUCe/GfpxS9wsLZesIpAEAxoYjDcdOkDlQFZ7EMgUG2yzRc61W2LAqTsxVZWoUKFw6S3U=,ChvLDArmGCiBGkGholbp/1Z493To4eMsEKgWbg2HXRxjugpYeT96/AncLgoy0dpZGIuV7Y69bBvYeM7HvWLU5Q==
475,2026-10-05,21:15:00,59,2026-10-05 19:15:00Z,74 7 21 88 27 73 62 55 67 7 2 92 8 84 10 21 94 67 78 97 73 48 85 84 47 42 40 66 63 98 47 100 98 39 85 36 42 33 100 99 46 70 81 52 82 41 36 56 56 18 51 70 98 34 60 18 7 71 25 76 74 11 71 41 46 51 34 9 53 58 38 34 83 35 78 16 22 17 100 29 51 76 34 2 31 86 62 89 67 93 67 50 28 57 57 11 61 62 25 12 32 18 61 45 71 88 22 92 65 94 78 46 59 14 78 59 34 84 61 76 8 27 94 73 84 94 1 11 58 74 38 14 91 60 48 44 52 55 17 64 19 49 48 47 3 28 45 41 21 42 4 50 95 98 98 6 21 43 70 32 50 94 89 79 23 49 8 22 57 67 78 54 89 38 21 36 2 91 77 41 96 71 98 12 5 54 53 58 100 49 77 14 82 31 30 34 95 17 7 52 59 4 60 61 100 59 93 21 33 60 94 4 44 48 99 72 55 40 27 63 53 3 80 40 36 79 49 26 51 19 98 14 2 32 56 50 11 43 92 27 88 18 30 71 65 27 10 20 46 42 61 79 51 50 49 5 83 100 79 79 41 86 72 56 34 84 93 8 66 37 90 39 5 35 100 25 59 86 15 49 40 34 31 75 8 71 100 76 96 73 16 9 30 44 46 92 42 74 57 25 96 77 39 97 21 4 55 2 32 98 95 13 20 92 42 66 73 45 93 67 79 48 36 64 66 48 38 91 22 87 93 48 48 38 46 2 73 42 82 57 20 47 43 60 6 95 8 75 65 18 94 31 33 74 19 41 81 14 92 66 64 43 17 9 50 37 42 17 66 26 40 39 55 53 23 1 38 73 77 77 85 11 27 92 52 68 13 13 52 51 45 26 1 29 56 42 21 49 63 17 11 35 55 77 97 23 46 79 1 80 61 67 59 11 74 85 41 11 42 50 53 71 13 69 51 95 33 24 10 57 2 19 91 19 51 75 87 24 95 55 25 78 9 44 29 7 66 9 57 83 88 70 13 74 70 97 26 9 30 85 13 63 41 72 3 86 50 72 7 50 76 94 27 36 58 35 64 8 32 88 62 9 81 43 93 56 27 43 34 52 46 26 24 87 7 68 38 17 41 61 40 41 89 43 94 7 2 24 57 58 73 50 85 80 34 2 44 95 16 40 25 79 68 31 48 75 17 38 58 44 100 37 45 75 55 8 58 70 19 72 66 63 46 67 13 42 94 16 60 26 8 84 34 26 14 58 99 13 47 59 3 14 44 63 93 93 3 67 92 52 84 73 55 78 88 42 65 68 57 43 16 88 40 42 55 60 86 20 66 82 2 2 66 44 21 37 7 46 21 81 52 70 35 8 95 55 37 60 29 51 96 95 51 27 76 11 68 56 38 25 66 45 9 88 60 93 25 3 88 74 98 35 14 84 61 27 25 50 51 45 80 95 97 25 90 30 4 74 54 71 64 61 89 11 70 49 13 76 61 58 66 69 58 69 14 79 1 22 5 4 39 96 24 37 53 70 67 46 34 20 45 57 8 78 6 57 30 61 42 26 9 6 14 67 2 17 84 21 19 95 30 94 62 52 4 12 83 30 37 64 43 4 75 52 21 98 52 75 43 91 59 59 79 45 64 19 21 41 43 76 33 19 80 86 20 70 90 28 49 95 84 52 12 80 59 74 3 11 69 24 49 62 46 45 75 53 43 12 99 49 16 40 30 77 100 33 16 31 41 97 95 73 87 13 12 53 58 69 32 47 21 77 69 58 75 61 36 98 29 70 50 100 93 72 69 12 12 70 30 56 1 2 80 39 67 62 91 23 58 92 13 69 30 2 62 37 29 28 74 56 14 37 1 34 50 27 99 86 67 12 3 71 55 1 31 24 75 27 42 93 6 94 32 59 68 77 53 33 46 95 61 15 70 81 73 12 51 9 53 7 75 72 18 5 98 31 27 1 47 76 87 47 100 34 92 46 95 74 35 10 86 41 59 21 36 43 1 14 8 35 20 45 21 54 33 3 60 25 11 59 5 72 87 95 54 89 11 12 81 56 34 52 60 91 52 63 77 57 47 24 16 7 28 48 90 61 57 36 50 52 59 54 5 10 86 66 38 71 50 7 35 57 33 76 63 8 4 55 87 79 80 42 89 76 48 72 55 65 55 18 13 94 12 76 24 71 39 75 3 59 85 27 85 5 19 23 79 41 83 5 44 91 13 43 74 6 11 70 94 82 16 19 41 20 79 19 4 30 99 49,TbJuw8+SD09CPfBBvWaN3lWmGes9jJI30ALGy/Hnvn7XWHlMCoxkqt74r5hEM/G9CZYE8edPaNYBMRb5rewE0ZxMa7+aazDVER/3LVrFlDL2OGNuiqoWvN3ZeY2eDplnIRgA8x9hKXBdsyII22koyXcw0eXw89+8MyM9G//zixBKf23gJKY+GDIk90Ml7r7DHMQhshadRDqtXOXwjlOPsQhYh4AO1MgrzrpDiNBLJn5CEXN1ZKGx4BDXNIS/EYIW0gguwauqdqqX3HP4M/cSZPnV+NHCV1Urm7LGiwjla7j1wQE46rPoGlH7GYazo/6U+KC/HGS0SVKcWqPfYRlOgfGJfqPn882sYRhOjhtGCT1dW1c13Q1VAr1uO98ZTcHfNDDzb6lfqHdzc9ABncx2B17as7uQ9PsjYedMMonAhx4x51pMszkCty4o24urwEbLeUWTii5Kbjzk/nmyp4OEC6DFN/KzEJPZTYGidMgGWGUYYmgDtzwely9GrvlX4pHATTqlTNCfVgV44gy3xlknDFDsNZagMbs9G9TsRTeGECcW7n+axQneloTlQHq1GQoSupR//g5ihrkfD+zh662+GiENNPqzHnXyj2kN9Bi42jv4HyQfSF2wW8zhGelBQJGGNSmNPs6EG/LwxRb5oTLj+Egh4TiN6BxyPNvOz17NgFc=,ChvLDArmGCiBGkGholbp/1Z493To4eMsEKgWbg2HXRxjugpYeT96/AncLgoy0dpZGIuV7Y69bBvYeM7HvWLU5Q==
476,2026-10-05,21:20:00,60,2026-10-05 19:20:00Z,59 74 71 82 66 78 100 42 13 61 64 42 8 33 29 67 67 61 7 21 4 54 89 9 88 67 60 65 47 24 41 67 40 69 80 13 38 92 100 43 63 78 32 81 46 19 28 31 59 66 74 62 100 46 44 95 16 58 52 73 16 45 57 88 65 71 84 11 38 21 93 70 43 11 13 7 57 51 50 47 25 80 21 76 81 95 11 70 78 64 84 23 67 20 59 95 4 71 30 24 40 96 23 82 42 84 45 89 28 94 91 12 28 71 60 70 60 65 3 67 47 13 73 51 18 91 82 77 9 60 38 27 60 24 60 8 3 15 70 2 26 14 41 57 28 30 48 76 42 45 93 31 73 60 36 100 34 14 14 51 4 77 73 22 87 75 31 41 20 76 38 24 35 64 13 38 43 14 52 69 21 67 90 32 46 98 15 45 63 59 31 60 33 14 2 5 45 54 3 30 27 56 33 11 30 43 29 24 90 18 2 22 90 42 14 71 73 9 58 36 52 88 60 26 40 74 96 41 91 36 37 77 53 26 10 73 98 41 8 35 38 68 61 75 66 82 55 27 88 75 11 64 59 39 85 36 100 36 92 34 58 43 84 81 36 78 24 57 20 51 35 66 8 34 53 57 29 95 86 24 61 48 33 93 64 9 69 93 69 34 20 60 87 25 76 22 12 14 12 97 43 48 53 58 15 12 28 36 38 62 91 60 59 21 26 89 17 53 78 47 81 99 72 40 44 30 85 63 35 19 57 17 39 19 58 31 73 68 1 94 70 25 13 89 68 6 5 3 49 8 86 60 62 3 23 73 1 81 15 17 56 76 91 3 13 47 28 76 94 81 37 86 100 72 42 99 38 68 22 77 6 14 19 97 64 16 47 87 72 88 37 42 2 85 5 20 43 87 13 59 93 36 76 31 14 74 40 87 38 21 12 51 25 64 7 10 38 55 17 83 6 30 38 51 66 35 28 91 100 96 1 44 32 90 19 78 56 71 15 6 48 8 6 11 10 100 94 14 14 37 14 15 50 41 11 44 62 98 19 77 5 48 87 8 87 9 61 21 31 15 33 38 31 35 39 29 14 43 14 68 41 62 22 66 7 43 92 85 5 1 16 11 74 52 83 74 89 40 7 26 57 51 39 47 90 2 89 27 99 6 95 56 83 4 67 44 72 10 72 72 32 45 71 5 14 87 13 16 5 22 46 95 53 81 37 9 20 89 34 31 3 31 91 34 7 25 8 14 99 30 70 48 40 37 78 98 19 31 42 17 70 28 66 36 95 68 9 59 36 31 71 55 74 81 73 9 93 79 44 75 22 19 47 80 48 99 30 76 79 26 16 87 99 9 62 87 28 20 7 7 94 47 79 3 69 91 44 89 98 83 29 51 100 71 62 46 29 9 72 94 83 66 64 19 80 44 58 35 37 69 62 5 56 55 63 1 30 71 14 60 99 14 14 85 61 54 33 100 18 38 81 98 33 27 36 86 31 62 14 37 70 68 39 52 45 32 65 12 71 87 97 4 2 15 18 12 93 3 81 16 14 44 82 31 80 48 67 57 91 23 28 60 36 7 41 71 33 18 14 89 51 23 10 20 89 22 52 50 90 67 15 29 25 48 23 99 89 2 72 33 7 89 87 38 98 35 84 90 1 54 45 44 46 35 32 25 85 13 44 19 91 65 94 41 42 69 80 25 75 73 3 93 16 17 22 10 68 1 97 4 67 92 75 76 34 30 60 80 6 96 46 81 43 95 66 25 20 51 45 48 14 49 86 60 84 50 44 42 63 74 74 91 10 17 22 80 21 69 58 93 20 74 78 40 38 44 45 34 78 27 60 21 97 95 99 81 87 88 52 78 20 33 70 9 95 26 77 71 85 68 8 17 85 97 58 54 55 25 61 17 57 53 100 19 26 37 5 87 87 98 62 74 44 92 42 25 98 33 62 9 22 53 31 28 12 9 39 13 91 79 56 41 1 13 82 67 68 81 100 57 79 9 4 85 10 74 65 47 43 36 1 75 16 29 65 31 51 76 30 30 68 37 67 31 92 95 76 57 61 35 61 29 57 8 78 62 76 29 24 23 45 49 72 48 91 35 55 19 37 73 67 1 54 17 78 20 28 54 36 69 22 59 36 20 11 32 61 37 26 86 11 31 85 75 83 56 46 23 63 92 13 93 29 79 12 83 22 24 65 2 6 26 48 21 42 77 16 68 33 44 5 13 38 1 42 37 88 7 41 83 89 25 21 70 74 81 47 53 93 86,mgHi7OGGpZMBRiBGiXZASG1BwYfeBmFJRrlZvxqahDdaHZjltqkphOCIon+Ngeo1HLj6X7bt4NIP4Q+1qdxJIwOFhaIeX7EpMVhSKVLCZ+ZlHvlQ4mJdv7KqNpUmuSx2rGTPK1v8bz2ARCQ+GffCfSkmuAXcQH81f3yao9Gdz2TcF9PyfJ5LuyuYNJhCK+/6Kq4W1aOPP3vVHq54y8Cwo/ZmQADFgN9TNp55A872e94N8kMOhgerYIKIZh35shGbWCNE4Xi8uJCmpnbAAZsGDXJ2rTvzmPnhWj0JD/ZNE/2omWB41is6bXzuXe2MdiFvF5PPmFb2Uc2Q9oxI2XLrq5LteFbBvqOmQwBXybzWXo0uAUxWy6fk6TQj0Bx8aFD+txF51qclkoSqZuszs0/w8NJuKuqSkT1udf4AnC8H7QfigvGAFQgDTcTINS4V8KqcGUIqGyZP0YDIU+KUnkZFp0S14itAZq4MnlUCPdDN1Xx2g1bCfr2ZgqO8KoXSNsOZJf0FJuWD9guPKuxHtIPByIjn7eMp2Chbtmy8JQNUkGI2zf01U1mV4uo7AogZkaSlreDvfyaQvQ7ZmwLPdAwH/IDXI6mWoD7aEIRIeoGCljMkLGlOfQTsV5KvwhqyoPolUimtbpa6xJYHh56k8s4tQqfm0qX4JXLkoi6I+JLPhjQ=,ChvLDArmGCiBGkGholbp/1Z493To4eMsEKgWbg2HXRxjugpYeT96/AncLgoy0dpZGIuV7Y69bBvYeM7HvWLU5Q==
477,2026-10-05,21:25:00,61,2026-10-05 19:25:00Z,48 96 76 84 98 35 6 71 36 67 23 73 51 33 94 51 87 89 10 7 52 59 12 20 69 28 92 20 81 86 62 89 85 72 86 66 54 73 47 57 8 29 62 54 22 83 84 13 50 44 6 19 15 61 43 85 51 7 40 11 43 73 79 24 51 46 58 11 96 34 11 66 50 87 33 92 51 89 68 57 20 75 79 78 11 21 40 89 75 13 24 3 30 50 25 87 24 75 38 3 31 47 61 89 37 48 86 100 10 75 31 24 39 37 5 82 39 20 79 21 77 7 54 87 77 12 87 66 68 69 9 17 50 24 67 25 16 41 8 54 47 79 55 37 42 81 4 35 11 97 63 65 96 64 65 69 63 64 36 3 35 82 99 59 54 88 68 55 96 55 78 8 80 7 79 82 87 25 66 34 30 42 12 5 91 85 26 8 42 11 65 55 83 55 92 15 38 26 32 29 39 68 28 56 35 47 37 94 91 71 22 94 38 30 99 30 25 75 19 46 43 33 68 76 53 24 33 3 94 53 73 72 60 27 72 34 95 66 15 60 32 76 80 66 53 98 67 3 82 100 30 63 11 64 7 60 89 18 19 97 88 61 5 16 85 53 28 62 36 22 10 59 79 17 24 10 35 17 34 5 34 6 21 31 61 84 42 2 18 7 72 28 84 47 6 100 75 29 10 48 13 32 31 32 81 89 28 58 7 11 92 66 6 15 84 26 98 61 47 39 86 39 10 96 2 30 40 53 56 21 28 90 90 80 87 96 56 78 74 11 94 29 71 60 11 57 27 26 42 73 57 17 82 32 58 61 97 79 67 98 40 33 92 80 74 42 94 41 93 9 96 54 3 82 85 78 43 74 45 41 42 71 25 49 49 24 80 38 92 41 69 21 9 12 5 26 49 14 3 90 10 86 8 99 10 65 22 30 5 9 30 57 11 58 24 45 41 60 41 22 30 79 34 55 44 6 70 10 11 81 45 73 2 59 66 48 61 53 19 79 27 17 8 32 27 21 88 86 50 39 41 20 100 42 52 34 91 58 80 64 55 62 83 55 41 13 28 50 40 61 21 34 53 51 54 31 32 55 79 57 69 47 89 68 30 72 32 74 48 62 46 4 5 60 42 21 91 71 86 42 44 68 56 80 4 87 91 39 36 31 50 85 7 43 19 20 56 12 98 17 52 100 70 21 32 15 23 17 84 90 99 48 33 35 80 59 97 81 91 82 83 99 89 7 11 67 83 47 88 80 90 23 100 47 35 6 32 60 66 63 69 56 80 12 58 98 62 87 19 71 43 36 16 43 85 43 47 35 88 39 100 6 52 53 15 87 34 39 69 54 50 62 11 24 24 6 60 23 96 3 32 3 30 28 97 79 28 9 88 74 91 18 90 67 21 83 25 64 52 70 51 74 89 92 1 94 15 79 51 89 48 24 31 72 75 13 81 11 35 49 4 19 66 29 72 15 62 55 9 49 15 39 62 76 40 49 97 94 79 86 12 55 60 73 47 11 3 56 19 70 61 73 6 51 78 1 94 13 23 4 61 69 40 16 87 81 57 3 94 7 96 91 6 63 29 39 31 69 63 13 87 29 90 18 75 2 33 65 27 53 61 66 5 5 73 53 56 28 76 15 35 39 28 66 89 84 11 96 32 75 43 51 76 21 77 30 63 19 74 4 90 29 18 59 26 8 53 33 73 14 52 73 33 63 78 19 33 14 68 17 25 87 63 88 74 79 12 22 2 25 91 78 59 23 44 64 8 78 57 31 8 7 16 90 48 79 53 80 90 73 91 99 74 46 8 27 85 37 100 76 50 89 36 100 74 47 16 80 53 78 89 11 81 71 56 14 52 33 96 41 15 56 5 18 45 28 86 76 62 48 55 22 53 27 6 15 15 35 81 17 75 86 48 3 64 59 31 97 5 73 20 29 10 61 43 61 27 85 21 97 96 25 73 69 54 34 44 27 70 54 59 17 11 9 16 44 41 79 83 90 14 4 11 12 47 44 75 51 48 95 86 24 50 61 61 15 8 76 6 14 39 70 39 99 22 72 53 4 100 65 19 92 71 42 4 41 74 49 48 82 38 80 36 35 45 11 54 1 39 30 72 24 67 45 60 19 80 62 24 6 61 10 45 91 37 63 65 35 96 47 96 92 37 33 86 30 65 88 25 55 84 22 28 33 33 39 27 81 37 44 70 53 89 16 87 63 30 90 16 79 52 94 15 23 74 80 6 74 21 54 74 60 87 37 30 76 18 37 44 86,2lTtusG48BgXJy1Q3czY0YSzNO5yHb1iHEMYQAo3Azm6l+Bt4cQQ8LMzHR/xwlLMWE1+I2ShgENs/fNmYD+nVYlFDAAW8+yXEbfNjxnpDR0rFvJrSkIkeVs5F46HCtmrMXOadXcumn7vSBzoPfowXf9sNAADbWO7A8OO3L1DSms8F8fVavUML8prmeyMXN2FrPgxouQXpRZL5bo+Ckrusa3Uo2TzXwSw9u1FOU5AGGtdJx4jWYCTMgK8R0fqcJ0JboVgHF/lchmxyen86JDLK7cNJq83YBaaNx/RXe+ecP5XuD5/2s9Q7pw2JkqG1I5AItnr2o+cUBYxsbkY6ElU+cD+aCWGQ5x/gbVj7Vdv9wfu09UsiPReyMICqaG1tFDg0r2Q10bOX9F7drvXIBSa/V4XPmLZJp05ihig+3PTcRL0A4edIFoyvVc8eGTHMMEeYDTdE19EXruNLQuAyC6LbXa+SOlvLs62FYXv+b3mYRjNgmqBEJH7MO43LRTt7kSBzzjU4Hu+yUG2jgZij1tpBBDr9CKM3CeHvcBBQrqVAnXfZBnDu1ZQV9maYxEkAM/Ev5iqHNgL3Y1AYNKBQv7YHs1GjddYRg0Cw2WbUxweSOFVreHdGXuNcU8j7QQSvfRGbII9tC7M2GEGXMiAwAXZwfiawk9zBrnWABh8qfm0W5c=,ChvLDArmGCiBGkGholbp/1Z493To4eMsEKgWbg2HXRxjugpYeT96/AncLgoy0dpZGIuV7Y69bBvYeM7HvWLU5Q==
478,2026-10-05,21:30:00,62,2026-10-05 19:30:00Z,7 40 14 47 90 38 75 74 39 35 60 34 7 79 95 85 60 12 32 94 8 32 78 78 60 75 10 4 44 24 90 2 1 10 47 98 15 6 80 84 50 77 46 69 9 44 97 60 79 50 19 57 43 65 99 13 15 81 51 36 42 56 62 8 46 82 8 17 47 9 87 58 15 26 87 95 81 30 75 23 1 55 87 100 33 15 90 44 46 97 2 98 61 91 86 46 30 55 22 56 21 90 42 93 43 47 34 84 73 25 92 94 41 53 50 98 72 91 54 88 62 8 85 87 99 5 42 37 75 67 73 51 80 15 76 35 21 99 73 66 14 17 100 74 84 45 19 12 34 78 59 42 91 47 16 16 38 65 87 37 49 94 97 54 92 30 63 35 79 74 32 9 92 61 9 12 55 1 9 18 4 64 8 79 14 29 35 26 49 4 47 72 38 35 99 86 29 93 40 9 43 18 76 62 97 11 5 35 32 61 21 81 57 34 19 96 17 36 78 24 67 75 64 5 94 61 22 31 17 26 22 60 12 79 8 8 66 100 11 52 67 9 78 83 83 92 67 11 35 76 80 89 55 47 18 29 6 72 22 12 46 26 45 24 5 74 69 72 86 44 38 61 30 88 50 11 13 68 15 52 54 69 72 38 15 99 77 8 47 91 17 16 88 51 35 11 97 34 53 100 97 41 16 93 85 35 4 79 87 72 88 50 31 53 63 66 58 82 54 13 79 86 43 28 24 70 26 90 90 2 13 36 95 81 57 7 34 86 22 29 70 81 22 48 24 96 12 96 6 27 31 92 50 6 70 38 95 23 68 85 50 49 61 4 17 54 37 28 71 41 25 49 66 44 47 76 51 50 14 63 53 68 48 94 29 24 22 48 34 47 62 58 32 9 81 73 97 59 16 67 78 64 65 6 17 40 84 74 20 37 50 49 96 23 11 76 91 79 98 65 49 17 1 34 82 49 49 99 87 76 52 41 36 88 8 25 13 30 92 8 4 81 51 77 73 97 36 28 22 31 61 87 9 15 38 43 42 38 99 54 65 33 63 85 8 89 31 47 73 20 3 17 80 19 96 74 17 58 79 35 87 47 86 32 74 1 43 45 73 58 64 59 2 10 79 74 38 36 85 33 11 28 35 27 90 79 53 69 88 84 92 92 81 43 26 20 6 22 20 1 34 28 84 72 12 36 36 43 77 69 75 98 49 47 86 60 47 57 37 26 34 69 54 13 26 9 98 46 88 13 35 64 25 68 7 48 26 13 65 60 79 51 71 58 42 24 25 94 71 6 31 4 82 27 98 49 19 6 24 7 3 73 2 100 20 42 30 92 7 81 32 59 97 66 76 8 37 95 63 56 92 76 11 31 1 30 52 70 74 97 37 7 48 26 75 23 70 59 33 82 75 45 42 3 29 35 34 96 71 31 93 43 53 75 5 29 81 16 43 73 54 11 34 17 88 79 39 57 66 33 21 76 21 65 68 76 46 11 97 40 80 67 39 65 30 8 92 29 78 8 68 45 22 51 67 73 25 84 25 44 54 81 88 83 86 43 43 82 45 5 22 18 93 95 23 59 100 54 15 20 34 78 78 64 26 42 28 46 77 91 55 19 14 21 62 9 4 85 38 9 3 79 69 67 34 51 92 32 13 62 26 49 31 25 17 90 7 11 25 33 39 97 65 94 96 61 73 30 75 83 94 80 61 10 95 81 77 76 90 17 62 45 26 58 95 81 65 85 39 50 62 59 79 4 50 17 33 37 27 54 30 47 12 30 48 5 18 9 35 94 97 16 52 92 1 51 27 50 62 10 70 63 64 58 76 93 62 59 85 55 92 75 46 59 91 97 90 94 78 18 89 35 37 26 98 59 98 81 69 54 38 86 27 32 68 30 53 96 19 72 97 76 40 71 37 33 100 22 65 38 21 73 63 45 42 69 56 32 89 57 98 55 57 71 41 63 38 95 13 2 76 31 94 30 78 34 5 35 97 99 52 45 3 71 41 28 83 60 70 58 19 45 85 95 14 53 4 73 80 88 75 63 36 65 13 76 19 70 63 15 90 32 89 67 46 96 55 3 97 31 19 32 80 24 10 6 95 53 20 5 18 36 64 34 98 31 81 12 67 72 92 43 46 12 20 43 23 71 28 42 95 60 86 3 37 50 61 7 3 44 3 86 61 7 43 98 10 50 69 68 48 66 86 22 66 17 15 97 6 58 40 70 62 65 17 29 5 66 33 13 97 30 39 22 77 20 7 30 90 66,1Klb/n3Y45S13nwQOyUBy1g0xNCPGzexUIaMdIwwUPE7XLOsp21cyC5KwoHLGyOf5v8ZJyFSSFLzT1tWASG3U1JZiqW54kaLMaqwQkj3Jza8uztPEIfjhjJ/mgIS9FDaml5tpCSoB0ujYOHAzpArkqplFjcvWbQH/pcUdGP0jqE39qWMXT3Sft9D0jZCr3FkONLfvLNhNqaBY+qXBtoSb80RGrfQx1NaxCon18fCVQKMub2fvopXs1GonWwYTZN/TXvQXJLOmJfUhif7zEFanyqkGKMC1A/1hK4ayLDeCo5d00zEab8O7/RVUIo1EdnUoffZez+8rWMPSMthNX6bjqXfnAt/vCtrGOFrv4Pah2GQ5o55kMRks5/FaZtMtCnmak6vL4X991y/6AMag8FHZza9KiZ4AnautH/6odGch6EfG9JZfg4auKZBrHjEJNB/UJ5X4VrTqcuRld2LQNbvbFiqiro8OZsPzaF4TZ4mDb1c52IauHro0+7brCBs1nq3vUtuchf1w+rkN8LVX14lT1Ko+wzJ83X1IK8Ne7uuQBPcc5pI7sY84OluAgZ6PVeW/hfxk78eERzsduA22b44d7lGM1TF8vM+qAAtGilfgcDO5JE8mSLdrD1e4xkh2HQ75dhFNnNZvlBfgwmhoFlTjfU9WZW1zR0S6VLzFecriNY=,ChvLDArmGCiBGkGholbp/1Z493To4eMsEKgWbg2HXRxjugpYeT96/AncLgoy0dpZGIuV7Y69bBvYeM7HvWLU5Q==
479,2026-10-05,21:35:00,63,2026-10-05 19:35:00Z,22 66 81 95 44 97 16 77 73 73 20 57 63 3 95 83 31 48 49 68 4 90 86 86 49 1 10 62 9 89 16 14 67 34 30 11 88 84 14 96 49 7 36 68 53 37 18 90 26 82 63 41 31 66 26 60 5 84 38 14 61 81 68 92 78 36 8 61 73 62 45 72 73 56 17 98 94 17 47 66 2 20 33 88 59 86 64 70 37 7 55 77 49 87 39 29 9 1 67 19 27 80 50 50 94 7 61 22 73 41 97 10 90 61 100 4 67 71 33 18 50 85 57 38 76 75 57 76 11 53 3 99 41 39 60 70 60 24 2 89 68 96 64 51 43 72 10 71 4 4 94 57 71 46 1 65 7 73 23 48 22 9 76 34 11 73 73 52 100 28 68 25 82 14 64 46 73 77 94 56 22 57 5 65 72 3 61 31 50 98 67 60 100 8 51 69 30 34 68 15 66 78 46 86 24 61 1 1 8 4 61 22 49 67 20 6 79 46 70 65 5 87 64 88 59 83 93 37 14 45 48 96 28 47 10 83 50 35 32 99 7 30 35 82 90 50 90 22 20 16 58 20 100 28 35 64 9 15 42 78 43 3 92 88 46 93 15 10 83 94 100 45 58 43 22 61 53 34 93 86 61 54 42 12 34 52 34 38 7 52 56 62 12 4 12 40 10 8 42 82 73 22 63 72 56 89 90 33 24 9 56 5 18 90 23 12 48 98 82 7 13 51 10 95 66 66 42 49 36 75 11 72 31 28 10 5 98 43 11 100 52 17 20 9 48 49 85 29 22 49 1 16 40 20 29 11 99 1 89 31 56 70 45 26 100 33 15 73 21 39 93 20 96 8 2 32 4 84 13 57 56 88 42 55 56 87 6 21 27 92 18 5 25 13 60 72 85 63 100 66 76 50 38 14 56 78 60 82 38 89 82 62 45 88 34 7 76 68 66 77 21 58 3 15 65 67 30 25 56 69 48 71 73 70 12 65 51 34 85 91 88 37 53 11 2 52 83 33 50 47 2 12 24 51 76 74 37 13 15 3 90 51 67 96 58 63 19 43 35 19 2 58 27 44 9 64 85 30 30 36 86 91 47 93 76 74 72 54 18 90 55 90 3 83 29 81 5 20 77 91 82 83 52 42 98 60 58 76 93 1 95 21 15 33 59 85 55 40 30 44 93 20 50 87 82 31 45 52 71 11 59 62 41 18 95 53 49 51 22 34 87 13 33 81 14 43 64 11 66 67 50 73 39 58 63 67 34 33 9 13 67 3 5 48 95 96 36 50 5 2 3 88 99 13 39 22 21 67 4 89 25 85 29 44 95 90 72 58 65 89 57 98 55 15 80 4 68 71 72 79 61 67 87 69 43 91 66 46 63 99 50 53 45 43 60 49 66 92 78 4 23 52 48 57 3 46 90 94 26 42 80 5 67 16 1 73 40 62 29 27 69 63 89 58 10 26 54 4 95 79 99 66 42 43 66 11 63 79 91 26 70 73 76 95 81 19 12 30 45 79 71 52 45 7 41 100 64 39 25 44 50 75 33 86 18 40 8 29 15 62 100 28 89 26 44 82 77 50 38 50 32 58 4 8 70 3 14 57 78 93 12 54 32 40 91 28 58 63 41 11 76 51 97 26 55 56 37 75 100 76 27 62 6 38 23 68 20 17 64 46 66 16 43 55 43 72 26 50 5 16 23 96 17 66 93 25 30 31 95 1 68 75 62 52 67 42 43 86 55 90 61 89 10 64 92 95 18 16 84 73 26 96 76 31 16 66 79 7 12 91 75 88 61 93 41 65 53 25 33 91 10 13 4 99 29 8 66 36 15 99 100 62 66 89 99 100 94 50 38 83 29 36 39 60 57 45 71 4 28 85 1 39 78 99 3 32 12 33 67 80 12 100 53 13 71 56 81 11 7 70 88 44 99 96 75 3 72 57 31 62 32 51 75 52 68 45 37 65 38 35 74 57 86 17 35 32 33 20 84 82 11 71 39 17 65 49 62 72 32 7 57 18 63 12 83 69 7 40 11 56 37 39 78 53 13 63 20 8 57 36 64 51 3 89 52 77 99 55 98 7 54 17 95 9 86 56 62 9 91 84 1 60 1 87 29 29 51 46 52 44 86 6 94 92 64 41 94 48 89 92 77 43 47 49 79 29 34 88 56 14 40 33 56 85 16 5 81 87 86 93 27 27 53 23 94 15 61 90 32 64 69 17 19 6 28 51 44 15 53 31 27 27 23 69 25 91 4 30 78 65,PuMe7Oq4m5faCZyZWxSPiLDiUJWfDUgUlxQGu2ozNBFnjhlQuL/AQwrWsM6urzSY3dMl3gyzw8Y0v8MDtqPVU5XZ1R3xQBdrxQzZAo+s5mMfmqr59y2Qc0emjsyii/GG2zhG3Z6pUUKG22IeDLn+sMZYj2A/V+EB2wQR15pasvUeQQBPlrck5mz9ACGPBjH0MMIFRRZC9r5245WcTxol9Cdt7qjzYTIo80DxsdNDNoOKGSt2F7RKDAN2INKtoLyIWaC+ikrgwD5gNjF2KzDxepMih9nj5K6X/HGxQVTgZj5iR6tFtQBoajsjl5qqkE1gSWPkkp0x8bb+cU5bDLTnoTpOuMLUaiRPhf2/rwfnDjycE2q7vpXBV69MNCbUic+Dwm062brXym+nEiQ5tVS9XY0wrJk3WhOcRv7q7adn++YxHPDdK0szx6sKgZyt38bNHZB+WCZQWWBr2/sEDfUaIKpsJRJziqvsAJfAd3ytUBgMPz0rxntR8F3thaA0YNmHhuf66MvgyEM7ZwOOvRihcZA2teBtVjmI7rRqgo/fLP75dU4zJIIvKSXSLTIKAi8vJk9Kd1eBCVYt72bNoF6YhcV5z0UXFn8Map1HE203asgfEARQ8qBfVC+Nl8qo4RIP3/mKVTKMA8JXOP8EldqY/lvwkN7MLq0h7Dv3YaT0njQ=,ChvLDArmGCiBGkGholbp/1Z493To4eMsEKgWbg2HXRxjugpYeT96/AncLgoy0dpZGIuV7Y69bBvYeM7HvWLU5Q==
480,2026-10-05,21:40:00,64,2026-10-05 19:40:00Z,71 60 68 44 84 53 81 42 71 97 50 58 42 56 71 2 43 28 71 11 52 70 15 15 9 100 84 95 46 6 30 94 10 46 3 12 32 79 10 65 98 11 14 30 77 98 20 72 1 59 27 11 95 44 88 79 5 65 52 15 53 39 87 65 12 32 76 67 62 64 62 51 53 24 5 56 58 81 55 21 65 74 57 26 70 72 52 65 87 44 46 30 28 46 52 93 68 42 73 78 65 3 18 35 55 71 100 6 40 80 46 16 90 41 77 15 84 34 21 30 72 51 53 43 98 70 49 68 62 78 17 99 95 81 44 7 90 25 67 81 94 38 24 13 9 41 80 75 40 27 48 19 91 48 86 85 64 38 9 94 54 38 2 99 26 98 2 77 52 77 98 28 18 86 66 60 19 16 7 9 97 72 72 97 1 14 79 82 34 10 86 39 22 20 38 54 50 35 29 4 67 14 68 31 58 31 57 31 72 55 64 73 66 39 78 32 6 39 71 93 74 5 34 71 63 96 36 27 80 59 24 73 15 60 49 35 55 51 85 64 74 36 59 69 64 76 89 79 57 25 30 77 40 85 46 47 57 55 70 98 35 100 29 61 52 67 10 61 47 94 93 33 55 70 19 39 5 69 38 70 82 43 64 67 41 75 11 78 24 74 10 21 98 19 76 62 100 100 77 64 75 41 91 96 44 91 42 16 58 24 50 12 42 50 30 77 51 95 4 1 44 30 55 90 79 42 37 26 54 80 63 6 75 15 20 88 80 99 66 37 16 42 84 63 92 62 48 55 88 94 54 3 56 70 95 30 53 62 56 54 95 27 67 9 74 76 87 39 81 96 75 61 50 91 49 89 41 38 92 82 41 61 52 12 70 79 74 94 81 42 57 93 64 83 33 5 25 48 15 53 35 5 28 1 49 74 28 6 93 20 55 33 21 52 69 26 100 86 26 5 58 85 67 74 24 49 10 1 94 22 36 81 73 92 3 98 21 41 70 60 2 66 78 67 41 49 68 100 44 60 95 21 21 76 23 9 100 43 38 85 66 31 44 99 56 8 48 6 60 51 26 66 50 88 63 65 75 63 62 5 53 76 76 20 95 29 16 45 49 37 49 35 76 89 69 87 85 57 8 61 87 45 79 66 2 93 39 92 58 10 17 43 16 5 63 24 57 82 15 47 23 10 6 68 19 40 77 94 79 20 73 67 28 54 56 2 17 40 1 98 100 66 77 74 70 17 80 1 60 80 97 59 31 89 39 69 66 58 7 15 22 10 18 38 85 80 82 37 85 7 33 60 8 72 98 42 32 30 64 66 90 67 23 49 5 78 10 92 43 11 38 49 6 1 46 66 100 36 38 98 62 2 2 28 28 45 51 87 86 2 85 9 14 3 16 11 4 95 15 93 80 75 81 90 18 19 86 1 55 57 54 40 72 86 87 100 35 16 33 42 37 28 11 40 33 34 49 65 58 23 63 3 8 32 19 9 32 99 51 52 36 4 73 84 7 90 90 26 67 44 46 92 10 32 2 55 89 88 85 77 99 36 11 100 18 13 74 39 59 49 48 91 14 33 30 79 1 8 2 77 37 34 80 37 71 93 25 39 10 64 18 75 35 77 6 62 99 34 9 89 8 15 63 55 14 75 31 96 61 13 35 93 39 83 34 86 84 100 93 23 64 64 31 34 74 10 33 11 30 29 85 8 55 49 13 50 79 55 56 3 5 57 22 98 28 46 14 3 72 72 24 53 65 43 2 85 24 99 84 43 100 68 19 14 21 77 64 40 52 76 64 90 17 13 78 29 55 43 57 53 20 12 45 33 55 65 81 46 38 26 7 29 80 85 84 14 65 94 25 53 43 79 92 24 18 34 91 100 11 64 14 64 75 16 68 85 96 14 97 20 21 46 36 96 68 10 41 94 37 24 14 81 25 15 9 7 26 75 61 62 98 17 90 79 85 84 29 11 88 16 73 36 68 80 85 69 23 12 88 40 34 11 2 14 52 22 46 92 78 68 9 49 31 66 42 41 67 88 55 36 55 98 72 55 59 64 6 87 7 40 73 20 81 65 81 23 39 76 99 84 19 46 45 61 99 30 88 28 92 50 95 19 92 62 31 76 40 45 89 9 15 47 11 69 89 60 63 85 2 48 18 7 36 35 25 91 44 5 62 71 44 100 50 42 89 48 81 38 20 48 53 49 39 53 8 61 18 38 29 68 20 99 74 51 80 46 15 2 54 32 77 43 83 85 100 46 62 53 7 79,2BRbuBSNM9UHx3a8eCEip46c1BNZcEfRZySJDfXiX3ZBhTlNRADDfSJJ9Sudk+kYdlYTPyqaabePYi1NVJGDMSyfQ3y+x0Ovj+CEkw/04RgsfxI4/gYJYD5qqdawfUogMVmiZ1YyadjTyyxkY2hm9KQh3BbuagI+rFojWcXkOQRpCEnf1mUfh+FNW5QLwCzzuY+XQPkpc6QuKZp5S3k7rWG6N/cWLXf08M2Bi7fpCq6b7RYlWWyBdP0eyMgTsRTc2tmXpl5lPoZ2IBZ905HCCSUrbB7Xoi9UAK/k8GLd9Z/tPbO74pVXt8w01whtvREmjStfvK1RbTqD79rMtDj/1/FiKrtbgSogveYTjlPfOeNHxTPXemYtmOayZ3E6o8ZT1DWMYbPDPWePrC9qRrfzWPpTfTlzDppiBCojZ3ICYougNRTaK/PJy/V+da31uMPbR1JnSIjwJFU7Ntyvn0gxZF7tctI1SE2a0spwlyIod/jXdN+vIGYDB6bn1HMEz81IenWB/lTDrPZua1hPFYXQcfXZEDo2Rh9TIvKYDZDlvU82dMyKyfYvO/AHd5BIgZhxz1FzmeTFBnA++GdMOAeSG3oWrh9MwW4A5+Pp8aHnJjV1fNFR9bqlMsZ89/cjxOV8mp9DTlLFSGUblgXm0bjOqpGdo9GeDPnf0xUmKuUvgY4=,ChvLDArmGCiBGkGholbp/1Z493To4eMsEKgWbg2HXRxjugpYeT96/AncLgoy0dpZGIuV7Y69bBvYeM7HvWLU5Q==
481,2026-10-05,21:45:00,65,2026-10-05 19:45:00Z,36 90 13 95 99 96 26 45 36 54 18 63 1 1 22 24 43 24 82 97 99 23 60 25 53 42 67 1 81 88 31 7 42 94 42 45 25 89 79 63 9 97 34 73 93 50 28 87 49 50 59 89 23 23 54 70 6 89 14 3 7 7 48 35 77 39 76 56 2 39 96 92 4 50 25 13 2 21 46 71 81 26 15 27 52 26 16 72 40 7 91 50 97 93 33 60 47 81 90 83 29 80 66 31 35 47 27 49 59 65 50 19 42 15 64 50 2 8 46 30 87 36 44 45 89 20 58 79 95 73 42 35 38 94 51 41 65 79 58 31 77 59 9 80 46 57 85 85 68 10 34 91 18 88 81 90 10 90 96 73 96 67 18 69 86 45 18 69 49 67 30 42 8 46 80 40 60 7 98 96 89 87 55 99 80 65 89 41 17 7 53 81 41 16 39 28 84 57 86 33 46 88 46 25 25 99 93 85 1 57 95 38 81 61 23 83 95 64 28 53 40 66 60 15 79 70 49 82 68 8 87 11 64 77 70 27 11 6 14 15 54 44 45 8 72 86 69 52 4 33 76 58 44 97 20 52 21 3 17 80 35 48 10 96 20 85 5 76 1 59 91 15 33 24 90 96 72 95 20 69 52 65 75 75 44 41 49 2 73 21 76 43 32 9 88 14 88 10 65 64 38 28 91 12 45 46 53 4 45 41 18 92 23 82 98 18 69 91 54 97 44 67 63 51 45 24 18 89 10 16 43 72 8 6 84 59 7 58 29 43 72 73 6 47 33 46 92 99 27 15 42 10 26 57 98 4 20 56 5 29 42 32 27 31 61 23 90 80 47 74 50 87 25 6 95 83 4 15 2 72 76 44 95 25 48 91 3 81 55 56 49 34 22 95 66 45 30 40 84 38 36 73 65 21 80 99 66 53 35 32 88 23 100 61 27 94 52 98 50 39 1 74 31 74 22 62 14 13 57 28 37 44 73 15 22 64 32 30 9 75 85 42 21 1 86 20 1 71 21 81 13 92 17 63 75 22 59 35 87 31 93 70 90 85 88 72 60 16 64 30 75 16 60 53 41 11 1 16 62 13 1 33 8 56 70 60 23 51 60 8 70 30 8 36 8 1 50 7 30 91 53 59 65 1 57 84 31 41 28 53 23 80 50 32 44 94 87 60 99 96 56 82 59 98 65 97 9 93 46 52 25 80 89 40 86 34 95 17 65 43 10 28 30 23 6 64 4 71 14 36 6 50 76 8 97 22 86 95 57 71 18 62 78 64 18 65 88 60 83 87 37 11 81 22 9 65 27 79 9 79 62 36 51 25 29 2 19 79 75 92 13 87 29 48 91 68 46 60 22 69 27 98 35 93 42 54 47 99 70 91 19 58 44 39 53 1 23 48 98 50 84 18 36 17 64 33 33 9 92 84 91 53 30 97 92 55 49 3 27 95 20 35 58 3 82 36 17 92 79 26 67 23 2 15 18 93 18 52 76 34 4 29 69 7 29 91 83 64 73 75 100 17 21 74 9 31 46 69 51 57 75 73 99 80 47 3 20 70 24 14 53 96 44 42 73 42 6 57 57 54 61 80 13 30 61 2 57 90 99 71 42 94 13 59 45 41 79 92 91 74 41 87 68 36 50 100 10 17 83 54 53 73 18 98 89 25 41 81 49 86 16 76 38 16 14 16 74 96 74 13 72 88 58 95 13 37 75 2 29 35 4 16 17 58 30 14 92 51 24 51 94 36 33 99 30 69 42 45 38 18 87 13 48 47 88 60 66 70 76 24 51 21 63 22 50 15 74 73 40 23 26 75 34 27 100 60 16 24 84 60 99 78 66 5 36 67 98 62 51 13 62 9 60 30 96 94 29 12 52 46 12 74 59 53 53 18 24 78 65 47 2 4 36 21 35 74 18 59 52 30 28 85 28 100 55 39 65 41 65 17 4 65 44 84 30 53 100 25 77 77 26 59 45 26 58 88 50 47 33 74 19 100 22 6 36 18 44 16 49 62 90 6 45 25 17 60 11 87 96 37 1 28 57 74 41 53 84 32 24 89 98 28 36 84 68 71 51 97 69 7 58 85 54 70 33 3 74 47 87 16 93 1 46 7 81 72 50 49 95 2 65 33 34 34 12 29 32 68 32 86 23 98 55 72 90 25 17 76 31 39 2 98 57 47 64 72 45 46 57 81 17 73 13 20 9 53 67 90 99 99 39 46 34 45 35 33 81 67 57 72 6 10 83 57 74 44 22 56 11 59,Dnrjg06c7aDiVKZWyxE1xsQZ+BX7RKinVQg8tSW6R0sUSiLUBWEfR3e0LmuEbPB43RvrERyuidnQlI63wvcWoC00Ckaq+gl/L1Ds1N2+isgkHMSTNhErHOgLFX2R4ZkWJRpg9r0RkuWQcCDT7W1D67vpkdWeXtgYzOvba8xY6gWDjgS0l32YQ2HlheT2X2pxETNwvBzn0UlvW1jIOdjvCbOhssE0OWIwXrcg/krOZEK/IwDNcQOlqM0thmGK16WQVB6XfKr0oC/mVY391rSSbdCHX5igfzIoFqDckgVdG6qDywvLNXaeezLoXJHvuBjm1oZ7X2011D222mK04bZ2mkbbj7zt/D0u/tN/HQcAXsZkoIwYDSAl3Kcfnzq1ekE6eCiQI5TBeCUDV8cm+0+jl/2T/EFOwD4tu5ssXbw2H91q2wd0h91k9rIMZlqOoKzS7726qId7xl4GQCQg7BzEqtUATnnzsnh1bbyQB97XFKGzD6JcM8h/VLH5gVus8nHKKOnchzU6gRDozfR9i0xGQfoWOrNqC9WfEKekotcIWUD0go7CN0BFqnuB4M5Ct/EQtjiBJ7p6i/enpQ7NwPoN/uk95f3e4k/Unb0XaKI7/U2NrBj0rJMOPF+GVPhiJQTVCv8TR/R3O59HtDdRHCh+T5zzFLBJYsadRUSV3eatnoc=,ChvLDArmGCiBGkGholbp/1Z493To4eMsEKgWbg2HXRxjugpYeT96/AncLgoy0dpZGIuV7Y69bBvYeM7HvWLU5Q==
482,2026-10-05,21:50:00,66,2026-10-05 19:50:00Z,68 89 32 20 56 68 37 53 90 40 55 83 44 24 48 40 52 72 100 85 49 13 66 14 35 59 2 79 37 92 85 42 26 87 53 31 36 79 58 89 100 10 34 39 62 93 48 25 71 81 50 98 24 93 46 66 48 1 29 11 51 91 15 48 32 100 14 83 78 59 20 36 35 99 89 90 85 17 67 48 29 42 99 61 32 41 31 72 65 55 73 90 9 69 29 36 92 84 23 50 77 18 23 81 71 98 69 44 94 98 53 69 58 55 92 49 14 75 96 43 9 39 16 9 3 87 64 4 50 11 79 71 99 89 8 2 95 2 45 19 27 16 73 73 29 55 64 11 10 36 29 100 60 29 20 59 86 69 63 83 68 63 7 27 61 48 35 100 17 38 75 21 55 86 17 25 4 58 100 23 52 34 41 93 91 56 71 92 32 97 68 30 10 21 100 44 96 14 66 75 80 34 55 48 79 30 28 11 23 99 16 37 6 82 81 92 37 46 15 72 93 30 70 17 32 64 37 12 23 9 23 23 84 4 49 9 82 32 54 35 92 17 50 14 9 73 65 90 58 75 46 72 81 51 87 67 99 12 36 93 1 44 63 25 79 10 32 58 79 5 42 25 30 98 13 10 31 67 77 58 13 80 99 20 87 41 59 19 59 74 3 22 56 59 53 59 59 16 32 10 37 92 19 20 77 17 89 97 49 32 25 56 69 3 29 74 30 58 12 34 69 8 85 69 84 62 10 44 20 90 90 58 56 87 73 2 25 11 23 48 59 10 23 19 40 94 14 58 69 97 88 54 79 68 71 34 12 96 77 79 74 11 37 90 59 79 89 12 17 32 25 92 29 63 44 41 44 66 80 24 68 74 85 16 56 6 45 77 3 36 52 43 35 80 70 59 33 78 38 5 15 86 87 6 38 11 64 13 82 57 40 83 57 19 94 7 6 75 80 22 26 1 88 60 87 11 87 91 91 93 25 8 27 9 29 95 47 36 61 58 47 51 44 49 17 74 18 25 25 42 33 95 93 79 85 61 39 2 9 69 95 32 36 69 98 22 79 12 42 91 1 98 36 39 29 46 18 4 22 98 41 27 87 10 31 68 87 69 16 61 37 42 78 49 40 43 29 65 99 90 79 22 85 72 83 66 50 23 64 1 27 45 23 41 48 23 15 54 7 32 88 54 10 4 40 45 40 53 64 8 21 94 74 39 20 23 84 46 3 9 9 19 3 27 92 46 3 78 47 83 54 24 15 47 33 72 29 50 64 87 79 22 57 58 63 23 22 21 97 31 88 85 71 26 86 97 57 48 22 6 3 6 98 91 100 86 7 20 5 65 78 25 71 41 34 10 19 24 54 33 77 8 35 26 51 37 75 77 5 74 48 25 74 72 19 39 26 97 85 29 41 81 24 69 96 60 89 31 93 100 97 80 91 96 63 92 100 79 42 48 65 37 34 12 92 59 57 65 33 34 84 57 89 12 5 36 26 7 61 79 63 73 19 35 14 42 32 8 63 81 47 30 96 63 44 43 68 73 37 80 60 85 48 5 59 96 55 26 90 17 34 23 28 61 41 41 66 44 65 41 29 20 7 62 94 11 52 79 25 62 94 94 89 93 80 14 27 26 66 72 63 100 89 44 89 42 71 45 21 45 93 19 9 96 15 58 78 29 32 58 70 43 30 14 98 51 6 50 9 33 60 85 40 19 17 97 8 34 26 97 82 80 77 61 67 93 53 96 90 31 56 54 23 75 88 82 82 44 74 68 26 5 67 82 72 91 41 16 11 77 4 89 33 54 13 69 33 73 64 12 13 55 15 93 54 7 47 46 97 85 76 37 70 5 55 58 94 77 39 5 57 26 75 17 77 56 21 43 1 74 24 48 13 3 61 31 46 12 51 19 93 10 13 71 32 98 84 22 95 44 18 54 6 24 65 34 29 27 12 27 83 85 8 87 50 21 32 50 15 48 87 62 97 70 7 93 35 28 13 69 100 85 64 87 10 47 18 93 96 52 16 10 57 32 75 46 29 20 1 77 80 56 78 65 38 63 79 38 77 32 76 66 28 24 67 24 42 41 50 99 15 12 45 52 37 55 97 86 35 86 21 81 1 97 58 71 35 56 27 96 74 52 33 48 51 29 53 44 78 34 9 76 28 83 60 2 55 42 13 6 28 24 93 18 53 37 8 16 23 78 69 31 85 29 64 53 44 14 11 21 15 3 32 18 65 32 15 91 63 75 12 63 28 19 68 18 13 93 98 2,kG0wmPjGJ9qY2ACmyqWs4hrdVbSuhkDi9rMphdNPCT/taoxlJ3FVYjlpieZQtWrrpMCVpIi2mjAGhb0th1OcTuUDwD5LPlg/Low2PJEDwJUVukNAYQsggKxCtfUwMcdCrj19Csp46w8KQixGVdFABU72rpO9wwXEII1sQPnDKk0e6HBBGbvNu3kitQarpghZ2y0qVAUfZ2PRf3IOr3b8seUVRdjIFAkVXO1FOVAyQnr0DWKr5Q58FPqB1pUVwdm54yOF/epfJAoyT2EvVQkOYHSuwLV+cU4+oCPPwQpfteG+kbttELHso/8xcgTjK5iETtRK5R6ZhPPDFzabK2f8fu4xvpcxFBBgtgKG0k2Pf3/+HKmAb93szBaneKJrz291baP3ZY1h1rR2RDGj367upLlukd01hyWD8FR0uZFW4FeoJp1vFsltRuihDgfPJUriZu5+LM8nlUANmfnaqtgwIoJ4cRi3iYIiNZTfgazxTSCjFOlNVTh8ZwfxqJC4NtxP5qdDjeCnWFbklSYmZLb/3UJMgH4UH+k+KeLEaPSw7doOR3jN8piNPDbw+FQXlNszuGqwaFYTHijVvclOQ+VzsReX7OWz+O4z9QbPZRMvjA9bgwBboEwvsd8cA+ZRrV7FQwspruEOauv/6hInIKiAs6QUgdt63uo2eSxyPO4nTM8=,ChvLDArmGCiBGkGholbp/1Z493To4eMsEKgWbg2HXRxjugpYeT96/AncLgoy0dpZGIuV7Y69bBvYeM7HvWLU5Q==
483,2026-10-05,21:55:00,67,2026-10-05 19:55:00Z,89 83 30 4 15 55 33 1 44 50 95 67 48 19 29 59 53 10 23 72 8 40 59 52 68 51 39 25 78 55 47 65 95 50 100 96 46 76 85 51 43 30 74 25 50 79 56 87 71 71 92 46 94 5 97 7 47 69 57 29 71 61 64 32 99 81 58 40 31 64 6 69 13 54 9 94 84 21 58 59 38 82 15 51 21 33 24 63 44 69 21 51 22 90 6 23 60 68 74 72 53 43 43 64 81 92 71 57 76 55 76 42 58 58 61 87 45 94 74 21 55 12 77 35 40 37 99 35 75 14 8 89 68 52 50 38 97 21 10 74 24 69 66 87 49 84 81 3 24 72 16 44 18 59 65 86 42 54 76 27 88 36 25 39 67 59 97 17 83 87 30 41 15 55 90 61 72 1 37 4 53 25 46 80 34 74 85 56 87 79 83 5 5 82 44 1 58 46 93 46 92 35 56 99 81 2 88 98 31 60 45 8 54 66 47 32 83 9 72 62 88 92 51 97 21 53 83 7 23 88 96 67 3 75 91 32 62 49 41 12 45 77 39 8 2 8 2 6 21 42 32 89 7 35 46 4 54 61 3 34 49 3 45 70 82 31 75 66 17 50 2 96 75 12 60 44 74 32 19 41 54 98 16 96 40 83 17 33 73 8 64 100 95 79 11 62 32 47 44 96 44 81 48 3 100 6 17 93 16 77 76 22 39 98 64 96 82 17 76 6 58 9 38 10 44 89 24 4 25 62 20 78 48 27 74 94 27 13 93 66 46 67 29 67 59 26 45 62 18 59 78 34 93 48 33 38 27 69 51 42 10 93 69 59 27 14 64 51 51 88 65 62 61 62 74 15 74 97 54 68 22 67 42 1 76 61 45 100 86 81 70 25 86 73 90 6 76 21 28 54 100 46 52 79 38 62 39 56 41 61 96 87 43 47 78 20 86 1 20 61 39 56 44 63 26 68 41 77 19 5 79 4 30 32 46 69 95 41 37 11 76 40 40 85 53 23 93 50 64 37 1 15 12 29 45 100 50 1 76 49 22 1 66 39 84 66 47 3 2 2 23 60 80 45 88 63 48 49 57 96 64 19 50 17 30 55 57 90 94 90 80 99 10 2 68 86 37 47 67 50 24 90 19 36 46 67 25 10 46 5 77 34 98 59 66 80 22 83 42 12 26 92 40 100 8 40 42 65 63 61 29 86 73 78 38 100 51 53 4 100 75 61 72 31 98 36 50 47 44 14 44 70 40 58 96 72 16 59 87 26 85 52 26 10 98 50 12 11 7 62 43 5 94 73 93 56 54 32 76 58 78 79 18 43 65 47 47 55 74 13 60 67 36 21 98 75 52 37 43 11 20 2 20 74 49 53 93 28 76 80 72 31 47 31 22 48 93 59 58 60 76 56 33 93 71 65 27 82 1 12 33 42 10 85 92 16 39 50 100 80 7 38 11 19 28 98 9 70 13 61 79 47 6 15 53 80 10 31 92 22 47 69 69 14 71 50 9 47 1 88 31 78 47 16 40 23 98 16 42 22 31 65 100 49 64 14 37 87 90 99 99 88 87 87 55 7 94 83 4 54 55 8 72 100 5 96 93 97 3 44 19 6 38 40 66 31 10 63 93 50 19 58 62 30 77 12 74 50 39 46 63 97 28 14 11 88 21 4 3 98 100 2 4 65 51 15 55 71 20 22 15 21 24 62 88 87 88 14 41 79 95 33 17 67 3 89 85 45 96 5 71 95 88 91 74 32 15 64 6 33 71 33 51 63 41 17 16 43 29 12 69 9 78 16 91 94 1 17 90 37 76 89 25 92 96 93 4 81 59 40 26 78 26 80 68 27 27 76 66 57 32 56 2 98 33 99 17 90 71 54 88 44 60 33 28 66 41 88 66 99 32 20 50 94 56 6 30 79 82 64 86 28 7 5 10 87 74 96 49 13 94 7 38 24 91 39 99 91 99 50 5 57 57 28 86 33 14 83 46 21 17 99 93 67 98 44 41 85 4 30 24 53 80 77 60 75 70 22 36 42 48 27 59 53 75 34 72 21 83 24 25 100 15 73 76 53 7 71 15 13 90 3 18 1 14 8 66 84 37 41 24 34 93 19 38 83 50 66 100 56 68 78 2 89 84 29 93 82 61 17 85 85 51 95 62 10 24 12 11 97 19 25 75 19 48 70 75 31 58 43 14 33 45 37 39 69 8 89 37 96 72 48 77 40 29 69 76 31 7 43 65 18 13 12 44 53 15 95 4 80,n10d9JQxvaOwHViXDvfob40cBQ0uvu8qik5RRvf6D/nLQHUvPtfNTE2rwZ83UjTpgDlz5dchVgOe6ERO/egw2dLx4AcndWpPuDkwc/Em3ULIK0Izv87yhUSlhiOIziFDtkiGU55W8/IDQwawIzPLhjlkCgKbLj5lv/91DFHJXj3IliR0RjAEtDOQSahMBQ7VICW19Q+dFaqMVLbuoPp7nAUKtmFErEKvLpa3m79TlDlFOzbEBWTYPKQV23ls+ZlKwU6Z2keYlvupc0gFzNz7POxGp/UdR5wyGWXGi56CB1tqodcYpcwu25LBp7nE6WTuNXd4FYXXPla6E9FrrUZ7jUUkZ2mfd6jx8J25TTgPCt2Y2agt/es7y+dMsGJf+mtzcyaYzoxxH+4OuPFbaDqSh88+aPpXcNHgnF++e25DyR9OOtxXDW7roDyZ6xurn/lVP1M/2j+lW+KF8Gy7DZ80tzOHnoErqEVu8qz4UAoHer8U7q/aedOLueaMd6FpvQQndIhzZ4nhdauWCuI35S+41d/oB5qp1to4Iy6mFwH/t9upNZeULAOz7A8oXe7rktMPbLlJwozvI8vjp4CqIRKNds8aWb1K5kB50ELZipoF6dshuynkSGsqoyydAVVupA7z7Pvo8NXfAdSxQOMIqImFk3veQaWu0q2GTtuJYap/oPE=,ChvLDArmGCiBGkGholbp/1Z493To4eMsEKgWbg2HXRxjugpYeT96/AncLgoy0dpZGIuV7Y69bBvYeM7HvWLU5Q==
484,2026-10-05,22:00:00,68,2026-10-05 20:00:00Z,49 83 87 52 39 68 10 40 66 12 69 70 27 37 38 81 46 52 9 11 62 88 25 92 25 67 100 66 94 77 86 100 62 2 80 9 29 27 58 2 19 23 92 44 14 50 17 85 72 39 31 16 77 27 26 56 3 25 21 26 9 25 76 46 77 85 84 92 16 20 49 30 95 88 22 13 90 70 9 43 88 22 82 25 20 73 53 90 70 52 57 46 62 97 82 42 46 53 83 59 71 62 68 4 71 50 20 85 52 49 24 8 64 34 54 80 76 5 40 46 7 42 21 4 62 73 42 55 41 32 7 22 84 97 32 48 37 64 50 18 66 28 98 13 9 9 37 42 90 4 92 4 8 72 55 49 35 74 92 55 62 5 9 50 96 30 80 47 1 14 14 96 51 45 18 36 12 85 41 39 35 9 2 52 76 21 81 55 80 55 64 18 38 50 81 66 24 96 85 47 33 16 54 77 75 19 20 73 78 62 40 71 1 49 41 5 19 43 5 19 56 33 71 11 39 96 85 28 82 92 91 54 64 53 73 16 89 7 69 97 91 87 100 6 64 15 51 92 43 85 74 23 12 54 74 14 45 63 66 28 34 89 88 46 58 53 48 68 51 64 80 56 26 52 67 7 28 45 18 89 89 68 85 7 84 61 4 61 82 68 80 55 70 80 37 8 84 36 65 83 88 51 47 58 57 92 78 33 78 70 55 51 47 74 47 17 6 10 26 96 62 78 38 3 11 83 95 44 69 11 13 55 29 48 39 4 62 7 76 98 33 16 89 57 47 16 2 5 97 8 38 3 28 2 6 64 62 33 68 85 34 83 50 33 62 97 20 79 92 65 76 49 72 9 26 1 28 18 1 100 34 53 10 1 54 97 75 42 22 38 67 45 55 70 37 1 80 83 74 46 34 71 58 13 66 26 55 24 80 7 89 96 13 39 92 97 49 75 94 13 14 65 59 61 28 38 94 87 2 44 47 43 82 64 73 37 100 98 75 50 86 88 45 92 1 17 31 63 75 96 72 40 16 45 32 67 62 14 7 17 57 38 55 60 58 48 61 17 40 15 46 54 40 76 43 26 19 47 76 47 30 21 38 38 70 69 25 38 34 3 58 7 90 69 52 15 87 75 29 32 8 67 42 57 71 25 46 26 73 11 18 12 57 46 60 14 76 79 62 23 31 22 43 90 34 71 60 66 81 95 64 95 85 86 40 39 62 1 3 11 68 42 32 53 86 40 50 44 37 42 48 11 28 100 24 36 57 94 47 45 44 4 31 51 14 69 58 79 15 79 37 42 48 41 70 61 66 42 78 96 94 67 30 3 95 93 9 25 61 42 48 67 87 39 94 12 62 14 21 7 10 11 100 64 66 46 39 18 57 30 92 41 57 51 18 9 8 55 62 27 54 29 38 80 4 25 4 23 1 44 24 51 86 13 81 22 18 71 15 9 71 98 7 2 99 33 86 18 33 14 25 40 55 15 22 93 55 42 90 45 40 94 12 99 70 64 15 26 52 67 41 60 7 18 71 50 14 51 22 96 58 45 80 15 4 78 18 64 22 40 89 44 83 26 13 37 100 45 6 8 64 47 37 4 78 100 8 47 11 47 3 17 2 10 16 32 30 44 11 99 81 18 65 86 45 6 89 91 60 86 61 39 87 64 7 69 17 26 74 48 43 44 73 21 7 65 92 10 59 9 72 80 83 22 36 17 16 13 17 5 100 49 40 21 19 45 78 60 59 36 36 96 83 55 86 3 67 41 34 32 77 46 40 24 58 9 98 28 10 61 98 78 55 73 23 35 88 12 61 12 38 52 6 53 17 59 15 82 89 10 73 19 47 49 44 42 89 72 21 71 42 61 61 49 76 29 72 83 80 43 2 47 12 28 63 4 9 90 64 14 15 99 11 57 60 16 55 66 92 17 81 97 27 60 47 68 70 29 27 70 59 20 57 33 84 37 47 13 1 7 29 57 100 27 15 12 69 58 87 58 71 56 12 40 34 8 29 17 3 63 2 38 70 68 33 52 2 54 27 70 26 46 51 99 7 71 7 61 7 51 29 82 30 74 36 92 99 97 52 89 30 20 53 69 34 32 69 46 89 74 24 74 85 66 28 48 93 47 95 19 2 74 59 28 44 82 100 66 80 13 61 51 76 46 55 13 62 72 13 1 84 3 70 28 94 33 9 49 33 5 86 69 34 1 51 19 11 45 58 56 86 3 32 84 10 11 5 61 74 88 21 40 65 19 100 48 48 30 68 9,e/u8IhT0tgi7YAfAcfm4OJCHw3jufidWEIw4UgV3kYrqhTO4HmKzwNofA+u6FUiitSHdvlJ1haRqLbN39Kmag2kP450lSFsi+koNGfWccCmYxWu6VtoYUmjR+MchJql7HHEcMyxjGu3Of4UDynfb1ETAndtalrtEIlAQnioCCOXxY6Yw2yaYLRuj4FMbT3V6LeruJrRtLi5gAGaxa2dMbOwpB7igIebjEp5TDzyF0YmsT9MNH/RHRZcw2rsabNosAfSCamVutAagtw/SDo+xNpV/FDxZ+2ya43PVDnq1kwnAAYjX/5JV9Geh+WtBvvu6JXqUBVL8xWYvz3URTUF+pBELBmdUcCMH6AhMOhoZ426My2g/V3TjOZzP3KeTYxVpx8KDEDceIB9C9Ec6i++U6PTzKvJ8cQjX0Rf2OSotgbAKHCmjQJO0jSPeAfyNROzJu8xKKXmVVWpnw5MzXLTYEAe81eMD2juo8df0e0GiA2O7Fj18L2SV3Gq8A0ej/PsBFqpfG4dh0lGv5yaPwB1zjQuomNgfA3VCxmd+Y6ROlFyLAZ2GiHoo2jaUehDDpVQqFTrXWu3+emjNZcobFaGN7l0vf6l9sMchxsBKSnNtdZZxeEWDPGmwhhpQHUheKlzVrXA53NUdWBpJkbgc5ULOQffGiOba4dmkGuL6bWzwsYM=,ChvLDArmGCiBGkGholbp/1Z493To4eMsEKgWbg2HXRxjugpYeT96/AncLgoy0dpZGIuV7Y69bBvYeM7HvWLU5Q==
485,2026-10-05,22:05:00,69,2026-10-05 20:05:00Z,84 92 95 99 20 20 37 52 67 14 37 52 4 36 82 88 56 28 43 39 37 17 57 21 22 76 90 29 81 90 56 10 71 59 41 55 97 96 22 11 26 62 47 32 4 20 25 32 67 59 24 20 35 57 46 94 92 26 39 84 57 51 68 81 46 18 29 15 67 23 63 97 54 45 92 6 47 12 59 58 11 19 6 17 10 67 68 17 94 61 63 20 79 33 75 78 20 11 94 9 9 70 24 93 84 30 34 9 43 10 17 7 84 31 62 61 5 79 97 55 39 91 7 38 1 24 71 45 16 49 12 59 78 48 2 54 37 97 77 51 83 75 23 80 52 17 23 42 98 95 94 41 12 92 45 64 54 26 50 63 53 1 1 6 87 62 90 12 3 80 99 66 82 41 27 1 43 23 62 59 49 26 77 93 44 82 63 92 41 37 3 95 76 64 45 46 10 96 56 15 48 20 38 85 75 64 3 44 50 22 61 91 10 100 90 4 18 9 88 37 27 13 56 10 98 83 20 23 75 14 69 100 50 57 48 28 88 85 5 27 37 94 62 37 77 75 75 42 36 52 34 41 56 89 13 96 94 60 11 100 16 10 55 70 17 72 61 41 40 9 42 3 73 47 73 73 2 37 21 26 23 96 4 80 41 63 78 7 1 57 83 31 11 79 88 97 96 9 65 47 75 91 29 46 92 94 36 93 98 80 19 12 86 57 80 69 55 40 62 13 13 66 63 26 62 70 21 75 38 29 19 93 50 28 53 21 93 47 39 60 33 57 16 69 19 35 86 26 83 48 82 54 35 55 33 60 8 12 30 85 25 42 21 83 36 40 23 3 46 10 14 89 16 36 21 13 44 64 27 74 27 1 16 15 49 75 27 21 91 26 57 6 70 2 99 19 68 26 25 78 60 34 80 80 78 38 92 53 92 17 20 60 15 51 10 89 96 14 28 84 91 59 96 64 70 10 15 66 85 83 27 89 23 18 29 17 85 28 46 53 34 94 14 95 21 77 43 95 32 95 68 96 100 54 91 77 96 21 27 79 24 76 12 79 20 17 64 74 67 96 90 25 66 17 10 88 71 6 100 88 54 63 78 21 56 98 38 44 59 25 72 55 46 22 30 59 12 66 4 1 42 11 6 96 27 3 17 58 79 90 74 27 92 3 32 1 32 66 47 71 70 61 21 50 60 76 17 10 95 46 37 35 73 23 59 50 30 42 16 56 46 39 25 87 22 84 63 98 8 27 65 12 16 36 80 25 75 10 7 42 43 41 96 16 97 25 42 99 45 59 99 27 92 58 49 88 11 47 60 90 46 65 59 97 94 77 84 22 56 13 40 99 23 31 94 95 27 16 40 88 76 91 98 20 89 66 98 5 67 31 11 2 42 64 10 41 62 42 68 38 54 14 61 48 40 55 9 39 63 31 52 11 22 15 93 91 7 74 63 22 12 97 47 88 82 50 30 68 36 85 52 94 67 64 84 64 71 79 59 93 46 2 94 56 23 99 80 88 77 48 76 74 85 88 48 79 81 31 79 22 75 37 51 70 93 95 72 34 47 100 66 45 94 73 56 7 46 31 59 74 27 78 29 14 3 79 21 41 47 50 45 97 76 51 19 18 60 3 23 57 33 78 92 64 84 19 64 50 38 13 38 73 75 1 28 28 45 16 8 31 31 14 65 22 65 71 98 69 12 43 7 87 6 74 77 55 67 41 34 32 26 48 44 31 74 67 81 73 99 51 91 63 36 64 8 56 48 84 90 11 97 58 85 93 5 6 70 70 45 26 39 17 1 99 69 51 62 73 5 54 55 23 38 43 60 19 86 80 43 33 62 69 9 59 31 96 73 61 62 97 96 93 20 41 57 83 82 57 47 23 75 67 42 98 32 76 3 84 42 88 98 15 23 66 19 27 13 34 34 12 73 52 89 64 9 34 65 73 78 94 77 24 16 10 86 4 18 85 19 87 91 54 90 49 91 52 32 4 30 19 71 34 41 44 54 51 75 99 61 82 35 27 80 57 14 55 3 1 54 17 51 25 12 52 1 28 92 13 87 78 8 73 57 50 8 39 87 51 22 12 70 9 49 95 53 85 50 50 79 14 99 46 75 35 8 75 58 30 74 57 100 1 52 67 87 58 1 1 25 9 25 58 71 4 81 44 99 14 27 5 76 55 40 49 20 34 93 96 58 70 65 24 56 98 35 38 29 27 37 20 23 85 67 16 5 51 46 65 22 54 41 11 44 16 43 51 16 51 12 19,fzzHjCdi7s1Y/MSj4COSX9lIQ0kd7si0tbwaY2kvJoOAX4peopC7bSNdajFrrYM2AUIPU5CH11Ozu80UmunJ7Ayemsm+DmDf8g4J1xrZZSk0Sx6pCeAaRmwwaEGl+rncY0jXebAfq8gTi823px7017AzrQa0nfNBnL7IG3+WM9jpL5Xlw5RwouRt9xLFI3EQcGVAeeLgF3cwkh3igEenFONKCvi0FP3f2uBB5jrOurh/sGUNwfjS3Jk/pN4csf/7X4Oj4UcVVZgLeuEsaCIm4Ky2grmMvO/BAYVsGrySwd0EHjAmDnWEQBcSvxkb3Ns88RSTxLoSVplH1jRck6dpMho6W9x3z8oBkgtFqilWvdf88Ldl9sm1a354oKuW9m1yyI2wkxRLpDnq7BT1omQl5wek1+6+KXTwqm3wSZeVpjk32AYWSWrHXlHVglqUgpbKhqk/nibqzPq4BsQq89zemvka1dKb9MiA7PCiohhe/neT4nwV7XykON6UMXgX7EUwlDXgAYEvVsaYwm/iu9VR/n8y5Az8rbDhKnTGkKdh6HzqqMxMDEAr9dFmo1iGhqwo2CZPmBuvfaXP7cL6UwQTQcZxnDjk02VgJvsogrgJ3ko6bd/1pDqwOfV7r0YJO1VaikV8tNkOPFABHQOJ5dK0Lg6NrLBR9xQwACV2lcL+AHo=,ChvLDArmGCiBGkGholbp/1Z493To4eMsEKgWbg2HXRxjugpYeT96/AncLgoy0dpZGIuV7Y69bBvYeM7HvWLU5Q==
486,2026-10-05,22:10:00,70,2026-10-05 20:10:00Z,33 22 75 83 100 36 55 36 74 44 49 1 39 20 83 10 50 89 97 73 70 1 86 47 63 7 95 28 9 27 37 15 12 33 17 12 49 7 3 29 99 85 68 8 35 18 74 87 31 87 48 36 37 96 56 50 53 20 90 18 71 21 89 72 55 33 39 28 58 78 61 64 59 23 28 29 83 19 97 80 28 33 93 72 71 91 70 60 43 22 36 76 2 58 26 97 76 24 34 13 30 7 24 75 56 77 50 44 31 64 70 39 15 74 90 46 21 48 71 70 70 33 86 86 39 45 59 73 8 92 28 25 36 84 98 88 8 40 49 14 86 4 86 21 33 13 98 63 74 94 41 35 13 4 30 24 92 47 37 42 58 42 61 9 58 5 33 64 34 89 55 19 52 62 8 99 92 25 95 79 44 47 28 45 72 100 36 91 34 35 13 47 64 60 95 31 94 88 100 29 9 62 40 8 2 77 97 13 2 85 4 82 9 38 79 35 40 85 65 71 60 2 68 36 28 78 27 53 26 11 36 52 66 1 88 47 5 21 14 23 52 85 71 7 22 42 72 22 36 82 98 36 52 99 59 64 5 10 43 93 88 41 29 69 48 61 100 38 66 63 17 88 98 78 1 3 99 58 40 18 68 94 7 49 98 51 68 14 66 45 48 12 93 64 76 88 98 90 32 93 86 71 67 74 30 42 58 36 25 18 39 39 53 57 97 3 81 50 47 37 24 10 100 66 9 17 4 45 62 74 6 78 16 4 85 100 28 32 24 92 60 41 6 51 55 65 31 30 6 87 5 27 70 95 92 31 50 38 11 100 81 87 98 8 61 44 36 70 20 95 89 89 79 14 7 82 47 5 94 45 80 57 97 45 17 89 20 89 57 14 92 60 42 26 67 47 27 96 46 27 38 68 33 15 90 26 32 96 71 96 45 32 69 34 61 11 9 72 11 27 88 31 4 19 68 80 12 66 86 28 35 98 87 28 75 6 99 35 17 5 46 50 52 70 87 75 24 96 46 92 99 6 19 21 69 54 72 98 43 14 72 97 42 23 57 53 99 21 68 89 47 26 69 69 16 100 39 12 8 83 86 51 100 11 77 73 96 44 51 14 18 100 37 19 73 59 17 1 56 75 77 57 50 69 76 22 48 69 7 57 7 33 27 11 13 83 79 27 50 77 40 57 8 39 79 22 67 97 86 53 19 19 46 14 63 18 51 90 65 36 17 17 36 84 89 49 99 91 45 77 4 59 75 4 19 32 70 64 44 42 55 17 7 38 29 59 26 39 75 26 44 43 83 45 14 7 82 54 67 58 68 92 61 100 21 86 29 20 45 52 28 62 88 31 46 6 82 80 34 98 45 15 87 77 54 43 31 70 15 92 29 93 12 27 73 3 48 38 41 25 63 100 21 75 56 49 2 100 17 83 48 55 67 53 71 54 66 18 37 33 77 24 41 18 81 85 61 50 70 23 49 13 39 12 12 98 41 19 3 45 15 89 21 51 8 11 39 8 31 15 79 53 99 78 87 81 50 16 31 40 21 36 71 87 35 88 33 42 63 25 44 13 2 71 1 28 49 88 94 99 13 53 51 20 77 87 84 11 57 90 63 52 78 63 70 59 59 46 70 60 48 15 20 87 45 99 20 88 74 70 49 20 19 59 71 7 49 17 100 61 32 16 98 20 9 87 46 63 17 36 45 77 18 64 21 79 62 90 93 89 3 29 14 14 23 95 15 25 98 83 36 41 84 49 3 68 21 29 84 6 17 83 35 68 11 25 38 48 32 59 7 84 22 28 26 44 25 70 17 71 74 23 74 79 90 87 69 14 91 42 61 32 86 29 20 7 50 36 31 62 53 18 82 86 20 3 50 76 55 90 82 61 21 84 30 49 70 30 34 35 72 71 19 28 62 37 52 62 31 22 28 29 86 77 23 14 34 21 72 8 58 17 100 71 81 76 20 77 26 99 14 66 8 4 3 75 39 8 6 12 63 98 67 71 70 99 47 30 99 43 100 7 58 47 7 17 1 6 9 34 91 26 73 67 66 8 91 30 5 72 67 48 96 97 51 46 16 84 30 7 63 89 60 7 30 96 31 23 22 90 3 26 85 39 37 91 50 27 64 99 62 38 38 59 35 96 27 8 87 98 33 61 54 71 13 10 81 40 54 81 27 38 41 24 18 4 57 20 15 22 84 78 63 48 60 45 38 77 58 81 74 53 84 21 82 65 62 57 8 96 95 45 30 78 19 2 50 19 22 6,doqEMv3EOrLVGnme9Iao+4IZc1RJlD4ycxXmzInaXYd9vnjIhtlLYc9yzNKtziZ5Wg4Kt3ax7O3bhvoN7G2iOEe+rQ2HaUwqX7QwDHwmze0JY7iD6EyMv24q6oSrG8JUzZ0Td3qYVfyClH0+NrwZQMusCaZ8pb+fqM/9p5Fs1tLNL+2/sZUNqf6X6YSyFexqQm2AD3V1HmcQi/SZXEPpnKbKLYa6vY/G/HQXN4CnNHRsi8mKDiP33Ji4QQ4yAjXNA3z7kLNxeHJCIzfGrD2VbgeFXVkyz8Bywf7IGbcUv5XUGfonsaES9R2QU1WEhYrYZSe1WfGIJeUqQrTwdqwGpx9mtF08sw7npZBjakas98Q95VEf3eP6mHiHXaQhT9ahQ3iBtEIKgAcg7t/GDGPiQ/zD88nHvwlb0VokHtP3eq6p+mO7TVT+KHuk0ukJfmG/HXHezAfbAn/swOidiI4vsAtPajFRaFV02CgT+VPGp5IAOq+G/PGQT3sdKcPZmwsSwLWBmPxaVISVVX9H+EL5ft6/kc+aGCP+Drd4Dh+zwWjdtazjvAukjmSP9JUfWdquae9EC0w8YV+1bcWg75VlrlRKe7kUx2iefmnJH5QgLIfsvyk+9UzxHL1ZUc50BeW8JgVDJMWSbsyKhH8vpc9C6kHmKtsRoJUM8BisuWKjgYA=,ChvLDArmGCiBGkGholbp/1Z493To4eMsEKgWbg2HXRxjugpYeT96/AncLgoy0dpZGIuV7Y69bBvYeM7HvWLU5Q==
487,2026-10-05,22:15:00,71,2026-10-05 20:15:00Z,35 77 20 48 70 97 4 31 36 46 32 72 36 16 29 84 17 3 38 99 9 22 55 72 28 42 12 93 51 52 76 76 94 68 78 19 68 12 89 86 75 33 43 60 35 76 16 58 88 21 16 60 32 37 99 25 97 30 85 94 93 50 16 37 94 19 17 27 89 37 71 57 55 3 79 63 47 57 91 81 36 16 21 61 44 14 24 77 64 100 29 71 22 76 81 34 34 76 62 56 82 1 44 94 94 67 53 70 38 55 3 45 26 1 64 23 24 2 83 44 87 58 40 48 47 77 91 88 59 72 88 44 98 30 97 22 40 97 98 98 49 13 51 49 17 52 17 85 70 86 43 15 2 100 97 17 60 80 25 38 91 44 42 77 84 40 28 48 59 92 18 41 68 69 13 26 9 65 49 86 40 69 74 1 54 88 28 11 64 45 23 64 83 100 19 49 22 60 35 39 12 33 67 98 62 77 46 65 30 76 12 26 96 18 40 93 59 34 21 62 2 16 72 13 2 32 11 51 4 69 56 11 24 80 42 94 11 67 89 31 14 7 87 89 12 37 3 5 20 81 91 85 46 2 35 30 57 35 72 44 60 50 36 91 99 68 64 87 9 37 8 28 3 93 22 31 69 32 45 43 4 88 39 47 51 85 78 94 11 14 13 84 98 78 2 46 36 86 61 91 62 20 83 43 41 1 7 80 60 79 43 16 37 72 54 82 61 81 82 5 63 52 69 10 31 59 21 59 67 100 36 94 15 43 41 67 36 49 52 17 22 87 41 16 43 17 98 28 32 2 30 30 54 87 34 9 69 43 9 89 19 74 34 24 12 21 50 82 52 93 14 3 89 21 14 57 67 17 32 27 100 14 48 13 43 46 28 62 91 29 12 1 55 7 65 15 35 87 35 33 84 50 57 28 63 44 5 59 96 83 16 71 45 11 80 79 13 94 25 26 2 65 11 36 24 24 30 72 4 22 27 75 57 34 53 47 63 24 15 99 59 4 43 80 17 38 71 32 57 63 6 99 8 32 19 28 40 54 92 69 79 76 71 38 60 76 33 67 30 91 97 37 91 88 94 47 46 96 85 53 78 21 56 66 9 34 53 79 28 61 86 100 72 72 97 19 29 77 94 9 90 85 49 26 51 50 94 15 52 43 70 28 17 56 24 63 98 49 86 14 92 11 88 87 64 19 97 48 21 86 86 84 90 1 53 35 10 40 80 75 71 52 46 2 1 36 16 60 34 69 55 83 96 56 100 65 77 6 100 3 6 60 74 79 98 27 94 85 84 49 79 21 54 89 66 72 54 50 73 48 7 75 62 47 13 77 68 44 100 99 74 56 31 35 65 95 12 93 70 26 72 50 80 18 66 44 55 85 4 44 13 24 64 20 23 17 80 77 68 70 28 2 85 36 19 52 97 50 78 62 36 49 70 70 62 28 34 33 1 43 93 76 11 7 28 76 48 52 65 13 2 94 2 66 13 93 44 93 21 61 39 86 18 80 97 53 81 40 82 87 79 98 72 56 57 99 42 65 74 8 49 54 56 100 62 91 56 96 60 90 23 64 48 63 81 21 16 67 63 11 6 42 70 72 18 62 31 9 43 80 60 27 95 38 97 90 97 80 87 89 90 10 28 66 42 50 55 46 88 58 1 83 22 62 48 28 26 5 25 60 58 27 81 51 13 90 4 97 27 56 68 3 53 67 89 41 35 26 25 1 49 50 9 57 76 16 66 90 60 10 83 72 18 94 83 92 29 95 59 73 98 34 19 74 48 87 89 16 27 93 9 25 11 33 18 72 29 40 92 18 20 100 86 17 31 93 10 96 51 77 17 84 22 20 26 40 33 32 10 66 99 14 51 88 6 74 70 70 78 80 49 44 78 56 91 71 27 44 58 11 86 48 6 18 66 45 28 40 22 70 36 86 28 94 74 36 27 62 1 36 60 78 89 35 87 84 67 48 7 41 22 38 11 32 34 36 54 78 79 69 96 4 67 79 12 3 46 93 67 3 54 26 53 5 45 97 92 18 30 83 90 13 8 66 77 29 53 61 35 79 25 46 8 6 5 49 20 85 10 4 8 42 86 5 78 3 21 78 90 82 40 19 77 5 90 25 6 87 8 74 1 55 96 17 31 21 12 28 38 25 62 52 64 16 81 38 6 76 57 56 36 69 63 72 43 12 33 99 44 30 52 49 66 72 7 63 61 94 13 53 8 43 81 38 4 99 42 26 29 31 65 92 21 79 73 86 10 93 14 12,f9wRuYayYOkCZ/0HvlnGjhNWDFplc98cVRYG+N35NskwfJQQdFRiNKk/ihxZ9f/hcJmVl+NlhOuUNGGG0hX78ADJXXi0c+LQY1l9UYWMaE0bnRZP3Asc2hVrAUFiYw4d8XCN142//zoC1N4YTZTD2X0gqwu/C6z5leV2C5Moxw26My1KWCD+QJYH8Zixm8bRPnr15BEVLTKlXQvOkCxp0KOallL4yGUYRB4eXmz4Yb1Zv3T/YxZScrzduE1Cw68hxF41AK7mXRe3hume7WSGFRGF2BQn7BxhAt7yRLRSDD5dnp00jP0xzlRTCyEQAWJC9wBBlnntIWVWO7Njz6q7mqK2KHYCLHzViJXbjbILT1w5p1asGpIcPGjb50iwoArZXp80RsfADxibFTk1hJVMH14xtqxHdT1J90YfZYqiiVyfeLqjCVxqdXpA84QHPBuj1fPFfWNi/gjyA1rPEdNnQNEfBpLEil+p/TuGhUBqOqT9jMJMI1aDggof/ES4/ECD98x8py6fUxEnBdyopu59pFlh1cSG8F+gnyF/h4X10Ry6dPWN+T+otBYWpkFIsmrLWYM2vU3vcFY4AEINNipzfMjk4qIW6AEswKk30+L4b+9QqefLbn69BiRjAi+QD94FUeigHe/NomampTGpENREvvQ1hFuxryS7f3txWg9rZ7E=,ChvLDArmGCiBGkGholbp/1Z493To4eMsEKgWbg2HXRxjugpYeT96/AncLgoy0dpZGIuV7Y69bBvYeM7HvWLU5Q==
488,2026-10-05,22:20:00,72,2026-10-05 20:20:00Z,85 40 76 93 2 34 58 15 84 26 77 31 43 95 59 55 50 61 41 30 54 54 59 89 65 53 58 10 59 81 84 23 78 17 35 99 82 86 28 45 49 49 68 21 82 70 28 51 6 20 1 86 9 43 81 64 55 63 37 10 17 9 84 88 16 6 56 10 35 47 9 22 72 1 2 74 93 37 42 4 96 44 35 72 58 58 86 71 55 15 7 2 90 10 49 78 29 100 84 97 66 44 76 27 10 11 70 86 43 73 42 42 24 78 84 27 57 52 12 12 1 36 61 52 35 100 60 60 16 22 23 1 10 96 71 20 51 88 7 13 57 92 94 75 79 12 32 21 8 57 60 77 51 75 45 18 21 75 1 15 1 26 65 78 96 62 89 87 54 26 81 23 20 27 16 86 18 42 22 31 69 50 72 37 36 32 74 77 15 77 13 72 77 65 97 79 76 95 38 79 33 72 87 70 13 17 33 85 43 41 19 22 32 64 93 12 76 18 38 94 57 87 55 69 85 27 52 60 20 15 88 36 79 96 56 4 73 96 1 99 21 20 75 87 95 4 35 19 72 8 47 33 40 9 84 61 11 84 10 92 92 9 36 17 76 18 9 66 85 31 18 12 21 33 73 35 49 49 48 29 45 21 4 36 59 45 74 67 57 79 4 57 69 36 39 3 9 20 88 27 24 68 13 97 71 7 30 43 80 7 56 14 14 100 98 66 98 14 59 9 97 58 63 30 47 26 2 44 25 85 24 34 67 79 88 59 62 26 88 70 91 43 7 97 18 59 14 2 88 10 27 53 1 50 22 24 16 15 4 8 48 60 44 39 100 32 1 88 31 37 68 4 29 57 59 69 5 99 73 99 78 28 84 25 36 43 76 74 24 19 89 77 15 76 70 37 62 85 53 23 96 62 52 19 19 56 86 15 60 69 62 67 54 19 57 82 29 88 60 74 8 43 95 14 12 26 44 67 37 54 79 39 17 74 87 34 56 47 18 21 69 56 31 42 79 44 79 86 88 18 42 82 14 30 61 38 73 50 74 21 8 100 83 62 90 42 8 4 97 68 60 69 19 55 4 69 49 20 17 95 11 1 99 6 61 38 8 8 41 54 31 89 95 11 70 77 42 92 40 23 56 83 47 96 28 11 4 62 89 41 10 91 14 76 13 28 63 47 16 69 26 69 81 33 78 69 54 11 29 29 12 15 66 82 6 92 99 76 25 82 63 21 10 7 67 56 35 87 56 62 40 75 51 26 86 19 43 18 3 36 95 76 91 48 96 69 97 89 44 28 81 24 40 43 54 35 80 34 75 62 51 42 79 56 85 35 4 8 12 2 38 12 8 91 73 100 60 20 12 5 68 63 18 63 47 86 27 79 25 9 43 51 45 98 99 78 37 24 72 33 92 27 43 52 10 10 58 26 51 55 60 32 75 90 97 67 7 16 29 99 67 59 95 43 100 43 63 4 48 92 75 16 53 96 82 89 21 100 88 67 46 33 20 45 90 16 41 64 39 72 12 21 12 53 63 49 14 91 13 12 28 4 67 100 16 22 41 96 87 37 38 55 84 91 86 54 86 23 79 12 35 60 18 67 1 80 69 11 25 21 35 31 84 45 8 80 83 70 76 40 67 18 96 70 98 30 8 53 77 77 19 71 20 100 54 70 23 90 56 94 97 72 39 58 98 80 22 66 71 48 21 11 12 12 78 92 45 65 9 24 86 51 82 88 69 43 100 51 98 1 42 88 72 59 43 92 64 65 48 41 65 71 45 18 66 44 56 94 11 46 100 41 94 11 41 36 70 71 23 95 78 85 71 49 35 84 13 84 92 46 50 1 23 89 24 70 16 59 99 2 75 13 88 69 29 27 84 50 54 43 62 76 72 63 9 75 95 84 32 60 4 96 48 97 9 61 26 58 30 63 51 68 18 23 19 1 9 37 5 66 15 63 16 54 97 95 54 70 73 84 82 12 15 63 28 31 61 19 85 8 69 50 83 42 44 60 34 34 69 29 1 70 6 79 60 20 43 46 30 22 84 3 99 89 67 26 41 57 42 35 44 64 97 20 30 61 32 75 99 61 53 69 78 35 40 45 77 53 66 10 73 1 92 7 29 85 72 96 12 50 53 81 5 33 6 92 35 94 78 62 41 53 56 20 48 8 82 52 89 53 8 12 70 67 9 56 68 10 4 5 68 6 88 9 53 22 47 33 39 12 95 48 14 62 80 94 7 69 59 28 44 67 88 43 87 2 82 18 33 92,Qt3juJS5tzOLePVdNW/5GDITkyA+awn+vdsXTatLISNelYqyTCFMcnmltw3eRKNTTxPC0Wm6tZMwOS8GULxY3xETSC7j/5/tOJMcebpnF1d9+CeWB5RjvcKf3QEmdubJ7NJtNPiRLrSx4Hho3Sa1RG//GNiyevFyTUn5SAundJ1wSyXIn48I9EN+Ure0Lrq8ryekTTzmuBRRmpdeYZUDIXZOR6Fmhl4GHo6t1Y3TWFCB3z1AC3lkqCU9uLFVJWa17IWM2oOn8wWVoTEHpg3tJL58m5pSIKLsoERagqwIM4O84c3RTYrmtmY1Lz3OOT7/dD5jI4kXpzYpC2aH7SUZVtqlJ7Fsf1IWFjcvZLIXjz8XtOlMh9vSWjbo9YGlkogQPOl69tE+uVl7S0uKaz9uVBFeqKJZPW0I9va57TjyTT6NZJDnkuE1GpuGXlnQ48cvXzbw6EjS/Tqt9hOTDuf1GooQRPtKM5zxlDAtcawykps33s+ZdXVhau+Qu2Ax4/lYHoYmZc8KSfjX3BzYKH/uz7X+OyJjoKDl6eYqxBqn5reYYoKCk2ADRdN7ShMzirfpa08FIgRx2VEKfZAyxAqHD8pnto4qq8huOA1mSbYsStHhporCsenq09IhVrP3kq+LNbqRdSlLcvWEok4V5THgO5kwJmvceInxYZVa0Ea1pOs=,ChvLDArmGCiBGkGholbp/1Z493To4eMsEKgWbg2HXRxjugpYeT96/AncLgoy0dpZGIuV7Y69bBvYeM7HvWLU5Q==
489,2026-10-05,22:25:00,73,2026-10-05 20:25:00Z,41 69 20 32 34 35 42 44 50 55 77 97 35 48 60 58 55 17 78 8 44 73 62 74 76 100 33 62 3 55 62 4 38 91 98 64 89 79 45 64 57 3 53 60 57 37 49 60 69 52 50 21 66 64 12 55 55 35 32 79 35 82 51 18 94 63 47 46 36 18 95 27 5 67 20 46 11 66 95 72 95 87 7 23 30 67 41 82 17 17 7 48 56 51 1 64 51 79 92 2 89 20 45 9 35 32 15 93 34 23 8 28 11 25 86 13 45 96 49 63 80 32 75 50 86 49 80 51 63 12 61 78 28 68 33 26 86 34 55 48 42 36 47 1 79 45 53 74 63 32 38 51 88 30 67 75 13 38 58 87 33 73 77 43 14 33 76 97 86 99 18 71 65 71 100 42 67 27 25 84 81 94 23 25 88 47 66 22 39 28 5 33 51 57 15 31 22 16 10 59 30 85 29 72 78 4 35 85 42 60 31 5 38 76 18 36 85 94 38 1 43 54 99 40 38 83 62 70 99 30 9 22 80 45 53 78 1 35 31 6 28 32 76 97 94 61 18 98 46 71 37 33 74 9 56 82 52 92 36 39 6 30 8 58 18 61 82 10 68 17 64 2 4 50 96 20 43 52 13 72 20 9 9 42 31 29 37 7 2 60 79 70 33 7 22 21 36 82 79 30 73 21 39 50 1 60 35 23 75 60 94 81 45 70 8 83 26 50 22 64 10 9 17 70 11 43 31 99 12 72 45 55 21 55 32 38 96 80 29 11 96 32 11 6 90 28 92 98 81 89 59 61 78 26 87 62 29 29 71 21 64 71 32 90 41 54 27 85 82 100 51 13 62 69 34 65 93 82 46 7 95 28 54 53 30 74 19 18 13 7 96 63 82 84 30 8 33 53 78 81 52 96 60 23 88 94 36 19 80 8 88 18 65 21 93 100 64 76 74 46 91 59 78 97 74 26 65 75 26 17 32 26 49 71 92 49 11 87 94 60 16 24 29 57 53 72 66 26 22 56 57 67 59 47 36 36 53 64 45 35 4 10 1 25 7 9 84 77 77 93 57 64 10 34 58 86 30 43 66 9 15 21 1 26 14 92 52 7 10 79 93 24 51 33 5 22 50 24 74 82 22 54 30 48 15 39 10 43 12 28 20 77 54 84 18 62 9 24 5 13 82 33 100 30 61 25 40 69 66 23 26 90 9 97 2 2 99 23 24 32 59 89 32 88 34 42 20 65 32 21 85 64 39 72 55 85 7 91 10 30 83 75 54 60 7 67 38 64 5 56 51 62 3 99 52 84 44 26 23 85 2 17 12 9 100 8 6 13 88 61 25 17 81 43 42 10 33 66 16 43 72 32 80 26 71 97 76 36 48 89 39 48 43 33 60 59 37 91 61 24 21 67 64 8 19 93 16 3 14 67 8 75 92 93 61 48 36 28 7 51 77 91 36 34 46 5 15 70 80 54 66 63 97 65 62 57 37 79 79 47 57 87 2 51 33 9 48 44 55 5 67 71 78 62 83 41 40 12 7 50 28 68 28 98 71 74 100 26 14 52 6 98 64 60 27 97 37 90 11 15 49 44 15 22 56 90 8 88 100 32 100 82 95 97 87 3 42 90 28 50 35 29 73 18 6 99 91 57 55 37 28 7 87 6 12 12 42 77 96 5 25 90 77 80 31 93 36 66 62 75 74 97 66 81 34 37 81 71 68 59 13 10 99 46 74 87 3 30 76 30 69 24 7 49 93 20 99 59 63 59 60 87 63 59 49 52 2 12 91 3 84 97 37 92 45 25 56 22 50 46 93 66 24 3 32 6 36 33 64 49 11 78 65 75 20 8 23 22 44 27 58 51 64 36 23 42 62 18 27 51 12 64 27 18 56 85 23 69 11 30 7 30 18 47 30 33 52 75 36 19 97 21 16 87 88 91 91 88 75 99 79 79 71 11 11 33 30 85 68 92 95 27 6 65 16 75 77 38 80 53 69 50 36 64 47 72 93 2 50 41 86 5 88 17 77 79 56 46 22 29 65 7 49 78 47 52 50 47 86 81 38 52 15 93 48 97 33 85 76 63 15 18 73 73 25 59 93 83 33 2 20 71 92 43 84 44 3 72 78 94 32 66 17 1 30 21 24 31 76 41 27 75 58 72 24 14 23 87 78 42 58 37 36 23 26 50 45 60 88 61 83 81 23 79 69 48 98 55 1 90 42 8 44 61 90 37 21 61 60 61 15 8 44 43 74 67 29 98 81 2,LsLoCbY3UtUUiuIo9eeyX8SMU9763Jo2ctVV83l9gSLsnVw5lvs7XdEJZHYu3ewPHZHyQCTVLCJ0f3F6YdJhq1dFSQVL6xXIUHCtyPasMJUWob7vZbvBxw6JpYw8JfNOzTj7Xk6puphYacNzvpaUIcDWXf6pG6ZPlM2Jd5sSXz1r/dIpq8qzeVVgQSj938/aI+ZYqtcE/AptQx/ehfQPc7yAu+mHxA+x+X5mD7D3J9yW35dLLXKoCzbO0NJjHpN/6hAiKRwTZv0/sHhqgCpuyLtP7hTKQD8QOlauA1/eZfo7cnDAAGFAVS6kC5TM44JlJILTGImq+x1VbCID+HxQ3GUXJDRU7rFgD5B5ddgo0r0fWayZHDc4PwwhIfGOQTKdjF0q0Zq63O520ECyfGScsY9PvgzHTrO7kPG5oPJPS4cTkYN3kDz1wH7f/IPua+CvpJjHyzKzWm5Z9JrvnPnPnxQxPvBl9VWXHvU/2vZep8h2AAqD0/vGn4NnPFhtlTNDyDgS/k2GVKSkIwDNBxCz7DHb5APDVCc6lHuSpd7ZU5S4hhvgwLQXKYLvWn0gCEJO/kuI5dGEhWcqnEA/GS1oxhrLZJZPpwdtd0BYhtSnGBe26lNJCB5rS+KUDsc6B+CFFUjQZjr2KP/eaI23q4if4oFqpbxrHjRKKRMSKIpSPPw=,ChvLDArmGCiBGkGholbp/1Z493To4eMsEKgWbg2HXRxjugpYeT96/AncLgoy0dpZGIuV7Y69bBvYeM7HvWLU5Q==
490,2026-10-05,22:30:00,74,2026-10-05 20:30:00Z,1 13 95 8 70 65 55 66 66 30 77 31 6 84 83 98 1 85 71 89 74 92 60 31 67 68 67 53 32 98 30 6 51 86 94 70 84 96 66 40 66 84 100 71 34 1 57 69 8 74 57 27 42 13 56 27 47 88 98 15 67 97 50 22 42 98 22 19 7 2 16 75 38 99 65 10 44 92 83 18 95 50 50 45 61 41 12 54 15 17 99 16 71 53 98 80 40 91 53 27 63 66 88 100 22 89 67 25 93 64 90 59 60 32 98 79 52 96 93 93 71 35 78 11 40 2 84 75 2 50 91 91 98 30 53 98 74 19 39 55 98 48 7 36 5 20 75 11 40 89 58 56 14 36 37 1 98 39 44 90 29 35 24 6 1 84 99 46 65 2 70 10 98 98 22 62 97 46 79 33 55 33 93 86 89 31 30 96 59 76 53 24 10 16 24 56 87 11 69 52 89 22 31 24 14 60 59 81 15 45 91 74 21 93 14 21 80 81 29 82 82 88 9 78 39 64 59 20 87 76 73 93 92 51 86 12 48 72 18 52 80 30 27 56 36 47 72 39 86 99 14 6 76 68 72 88 60 8 94 36 100 89 68 97 24 77 37 55 42 50 8 90 21 75 18 20 65 18 26 85 98 61 68 87 3 16 82 95 36 48 29 65 56 11 33 99 54 43 52 65 84 87 15 92 75 10 8 47 42 88 95 7 19 25 22 45 58 75 59 8 59 30 95 100 93 82 42 62 74 35 20 70 3 5 10 93 41 88 50 47 44 75 96 6 35 18 17 82 18 18 53 3 39 81 53 98 1 85 85 82 10 83 97 64 91 74 31 55 35 3 41 70 3 4 6 85 96 53 9 39 58 78 93 25 46 72 82 28 87 80 21 16 22 31 33 35 87 87 58 3 5 39 70 65 73 37 72 6 88 73 48 48 2 10 84 78 10 69 17 46 61 37 4 14 91 50 97 3 55 59 73 64 5 22 82 92 47 39 75 8 19 48 53 47 80 24 58 39 81 40 60 7 29 93 86 28 65 92 86 65 29 98 35 89 67 95 67 35 92 20 33 13 82 31 58 96 2 60 14 9 40 33 74 97 51 41 7 85 27 100 39 63 86 39 96 85 43 56 85 7 34 79 86 52 63 10 26 38 97 5 63 63 44 5 49 48 67 50 68 42 89 41 4 80 64 99 51 84 27 62 10 22 87 57 71 64 9 49 37 25 99 45 99 76 57 7 58 59 92 18 58 40 4 98 36 36 54 58 7 75 50 30 52 45 85 19 31 3 25 42 14 38 69 98 8 49 47 15 29 10 52 80 25 100 52 41 79 71 64 43 85 49 78 83 2 89 45 76 85 17 46 34 35 84 99 79 36 24 78 88 92 7 26 44 85 82 72 58 58 62 52 92 48 60 91 90 33 59 80 54 36 50 42 46 16 45 42 75 97 50 73 18 68 72 10 29 42 55 43 1 70 89 93 72 76 57 8 99 48 78 7 35 95 29 43 88 75 63 81 19 83 89 98 42 82 59 25 34 64 15 71 60 22 50 94 51 2 25 78 20 37 89 71 50 62 53 94 19 57 78 60 57 99 17 56 52 73 22 75 51 26 86 9 18 83 99 27 28 27 86 1 11 92 63 20 6 24 55 57 8 27 17 47 26 88 65 55 38 45 19 96 55 66 61 78 95 24 85 40 62 18 22 12 71 30 33 1 19 56 88 73 5 24 68 60 32 34 70 87 32 12 92 7 45 45 77 14 75 99 54 60 93 35 25 4 62 1 68 94 67 52 23 18 38 4 24 2 18 87 43 95 64 6 91 42 37 20 48 54 65 36 86 3 74 25 56 5 30 9 68 52 72 96 36 84 99 97 16 62 52 21 99 6 38 58 8 77 11 2 97 54 5 59 87 59 19 7 58 80 52 2 92 53 25 55 26 50 98 98 51 75 52 95 34 62 60 56 59 43 45 6 88 80 41 100 20 84 35 34 65 37 77 54 48 29 32 55 88 47 65 8 14 78 96 34 29 98 64 94 60 16 15 98 20 55 93 26 20 5 11 61 85 62 69 19 5 94 57 38 39 11 55 31 85 75 79 60 79 6 85 33 16 11 96 50 84 59 63 78 21 16 15 98 3 47 54 97 59 27 37 44 60 84 83 39 17 87 10 27 57 89 89 18 99 55 51 96 59 77 67 87 15 19 50 93 44 12 77 57 30 91 6 83 46 82 77 14 86 69 46 22 39 22 78 59 85 11 2 16 98,Yo53B2/AvLR3S4ZFNRbgsXyx5GH0Jw5NXamaL0lTfgEpzPb7dZZ6AS4rAYRLZiG4BRIxLiX+ULwUdEt0v2TnFE0QTFoNKJSOvRG6k+mhIXPMDPRqlDA7Pd/DCb0K22UBwQcIWHDWSdb6DeBk48OhHWQn8vgOrZwgt84hB1/XYD3BjiHlBJd4M55ToSRrfn20h6L9kW0zfykhokoyB3gD8cdhaSCOpU/uwWUlej4H4SuWdjHp4KWl62fX2TIPExIK7hzAYqMm69P6OEaOqBlywc+sDBu01FxQilupBMh+6sxeUryqKiBx9y+N8W78d0Xqv10T4RuppIGbwpogFNR8OvM4tR43cBtpFUUfTBc+OS94JkYTFrivPGznuPTpJZe4fML5rGBIeC1Sy/axo87eUcEABKxJIJ9zzM8UVHRBLufF+gJgkh1A8b2Kza4Yg++lILc3+DfjTPrZ6wTfcg2/X65vzLnhu0pXx18YgmI+RdA71x5ocVtJFmzb4luTmjlqxC/iKVTGfdnD9drr8fvGv3b9+dm3JXvlx0VzopOWNZhdoWcHGIC/3dBmer7hofT469W/ReumxM4cOYXcxFlMkEhVkIVJIm8ef1Iyjucb8Z8hQVg2W1YUVmuWDNGySPyBJbjfPris8HhqFCU0Rjh13mN+PA6HCp2b61ZBZP5Qxe8=,ChvLDArmGCiBGkGholbp/1Z493To4eMsEKgWbg2HXRxjugpYeT96/AncLgoy0dpZGIuV7Y69bBvYeM7HvWLU5Q==
491,2026-10-05,22:35:00,75,2026-10-05 20:35:00Z,45 49 54 15 46 56 65 44 14 63 24 81 26 50 15 73 86 82 63 64 1 85 80 13 41 56 51 79 64 35 23 3 100 90 73 92 95 94 15 15 67 40 33 20 27 49 16 48 35 28 69 90 20 93 52 62 76 44 69 12 78 42 34 10 15 46 69 96 58 30 81 23 48 73 91 70 94 49 46 55 49 92 46 23 74 81 7 50 24 38 94 75 27 91 21 58 95 33 84 21 33 90 33 1 79 58 34 91 65 39 85 7 10 97 6 28 93 62 55 10 99 33 48 11 50 17 70 64 73 86 89 32 28 57 78 56 5 70 71 92 92 97 86 98 25 77 74 73 3 32 17 54 26 76 54 11 89 63 52 79 72 83 77 81 33 20 43 91 44 93 50 28 89 4 100 18 57 72 21 28 39 91 91 69 100 31 31 84 68 98 91 6 30 31 91 23 36 75 72 27 85 5 8 61 82 80 29 2 26 69 83 84 48 71 10 16 47 11 65 38 35 18 86 98 35 94 50 42 49 52 46 13 89 67 53 50 90 80 50 5 2 78 36 33 96 96 59 99 16 63 84 40 14 53 25 43 12 44 47 64 16 95 70 7 15 76 35 21 51 75 97 40 41 78 51 88 71 83 47 79 85 75 13 55 74 35 73 23 58 50 62 40 99 35 32 94 71 37 94 85 51 89 53 99 75 99 5 25 59 69 13 17 46 51 87 81 63 47 79 35 21 11 95 86 82 83 99 73 91 74 28 6 30 59 16 13 44 67 81 41 65 10 23 33 54 19 16 42 56 10 66 48 82 52 34 94 73 47 86 76 92 85 65 42 80 79 58 31 67 14 34 33 29 96 55 58 17 29 67 30 56 54 82 10 2 89 89 74 35 2 63 100 21 62 25 33 55 89 87 44 85 59 37 43 95 18 57 59 58 21 97 7 75 6 3 31 38 9 64 93 3 35 2 71 84 5 64 63 49 5 66 10 74 65 21 16 85 84 51 80 84 77 74 18 93 7 94 79 86 86 37 25 5 36 20 40 33 67 64 47 34 25 23 39 92 47 97 76 63 9 62 49 80 89 28 71 38 74 33 13 33 6 86 95 84 30 44 100 98 25 39 96 41 55 66 39 50 68 65 11 29 38 88 6 29 35 11 8 90 91 48 79 36 9 39 79 99 56 4 88 1 40 65 10 6 41 70 13 25 55 6 12 11 84 54 89 4 25 32 56 28 4 15 56 55 88 95 63 92 47 78 70 31 53 86 56 21 66 61 44 53 7 100 100 58 75 8 11 41 66 92 13 74 27 88 72 16 95 10 52 26 60 87 51 43 83 74 31 56 30 56 93 68 47 67 84 30 10 45 77 89 2 9 34 21 63 84 47 60 83 65 88 75 70 91 90 48 53 76 79 15 65 46 79 47 45 26 40 79 41 74 1 73 72 1 8 15 66 68 6 95 43 9 12 88 100 86 57 26 80 12 34 45 84 38 38 98 72 16 13 82 47 5 61 80 74 89 78 92 87 30 67 92 46 31 33 21 15 40 32 77 76 72 88 71 42 53 47 37 31 9 26 2 58 50 70 1 96 97 87 23 22 37 92 87 96 57 92 67 95 54 59 21 94 60 38 76 51 98 52 73 50 48 29 100 86 48 91 26 59 67 81 86 25 9 91 22 49 2 77 26 66 45 69 55 37 52 9 6 65 90 19 33 51 93 43 59 91 87 85 95 61 12 76 94 89 17 50 54 69 55 66 62 83 37 55 32 85 49 59 57 97 94 20 22 54 75 94 66 26 83 74 25 72 37 34 70 3 43 31 58 22 52 77 10 38 86 33 12 84 49 19 79 4 33 49 12 91 86 15 17 85 42 71 75 72 19 79 64 88 52 100 93 45 11 67 90 25 56 76 99 31 73 30 66 58 43 26 72 13 83 39 49 97 44 41 88 96 100 19 69 17 69 7 52 40 77 47 25 9 86 4 31 38 85 74 24 74 36 42 28 2 68 33 67 9 21 6 45 97 10 76 23 96 90 54 94 96 13 91 34 71 78 99 54 4 41 55 47 29 10 43 36 26 53 54 31 7 53 49 11 92 39 96 31 59 4 82 93 38 80 68 49 16 57 66 25 21 9 54 67 8 50 27 88 35 27 57 80 27 86 39 22 73 97 37 63 72 9 61 87 93 41 52 67 52 15 1 31 5 15 10 24 60 94 22 61 68 27 22 46 42 42 75 18 92 45 67 26 69 37 43 48 35 57 19 42 2 80 72,3GcWEViltYQ23HIVSJ+cnmhfdGHj6H1xggUQmo4Aeo1Bze9CODtPk8lx6q21TP2zk6Gy4MDj+rjXrPTf0rnqp585iaNoL2NbI6IUIJvE3DN08LfsjnbqAIPcZPu2pxvk0OGI4I+feTb4oT25TGNDu4qv+tZSkaLIFbWAUwE1Xcr55F9AgaO2kwfIFXGTmV/TF7JDJMhQYP6AuGTUp8rsA4lT48wXNAsw3oyGWc1qh8UnFC9TUV9dF7FrLjpBCignm0V3QhLqSlxec4lyfzEnUrXe3jbZFzX9kfvDvNXDCxF4HZTgpXGWwfGEAp8EvWbkNX2OQS2W2wTqTKbs/L3WcEadEfok44iDmb7MR0tet9XjdTL+W80AWU1QRPNS3DIjwYhusqpkftZApQgC5EAlcot5vz6sE+Oj+FpUs80ZsYrEi9w6bgN3V3Ih7nUHsr37iL6he7a+rVHhX70IgZx68ohpO+A2t9xAQIMdVpETV//nIzzFlZXzitP6pBWjnKnyh/F8RgE1WkhDSEFtNMTSIjKYVM7BuHVin1TRRlge1/S54wzCvEdckGe6DQykJmOCIfv4Ctg8ZpU8MCSVQZtdD1O5OH27PzhI9Rw+sWNoDADjlRww5MQksDb7+JpSi1kD1uuhPYQBJ1df95DvbnLQ6ON5iidRz+wq+wNV/GCHJMA=,ChvLDArmGCiBGkGholbp/1Z493To4eMsEKgWbg2HXRxjugpYeT96/AncLgoy0dpZGIuV7Y69bBvYeM7HvWLU5Q==
492,2026-10-05,22:40:00,76,2026-10-05 20:40:00Z,40 63 85 70 64 38 91 55 80 53 63 75 71 21 95 12 78 9 91 46 66 57 89 64 55 69 88 61 7 22 5 81 94 61 79 66 30 93 93 15 61 22 49 98 62 27 79 17 55 55 31 30 76 84 53 63 67 66 7 78 23 84 51 61 40 69 35 29 64 2 5 96 75 89 19 9 18 22 47 36 47 57 43 41 42 45 75 44 28 68 43 100 68 74 37 95 76 1 77 50 44 95 41 29 72 76 60 54 31 40 1 8 16 76 24 16 9 69 100 22 80 99 11 84 1 98 7 38 41 83 75 11 83 89 52 76 22 47 7 9 55 15 67 7 71 7 49 97 24 59 83 13 89 83 36 63 13 25 82 58 83 17 90 36 57 10 73 91 58 70 60 65 72 31 79 5 77 96 48 93 8 4 54 45 95 42 50 24 27 15 79 78 76 24 100 56 99 61 36 93 23 15 62 79 100 61 6 25 100 30 31 33 71 93 84 43 73 50 94 39 6 18 59 23 35 11 98 26 99 21 28 50 76 23 85 61 93 78 56 3 12 11 41 43 43 25 89 72 78 34 75 46 5 78 90 64 77 56 39 75 67 1 57 65 18 8 85 74 57 8 17 70 57 23 64 8 39 97 74 31 29 46 93 41 61 8 25 87 48 13 27 57 38 100 3 60 5 58 28 29 14 89 91 52 56 85 23 18 98 57 92 76 61 28 95 41 99 79 85 13 70 18 81 62 39 36 14 60 35 26 21 60 51 62 12 82 17 66 69 11 59 25 40 6 16 9 42 23 97 11 83 22 99 96 93 57 20 22 60 61 97 66 53 34 49 26 51 97 74 22 38 76 96 10 17 63 36 12 88 53 88 48 53 41 6 35 32 31 87 12 30 20 56 52 28 42 1 70 28 30 17 17 46 35 57 88 85 52 52 70 18 18 44 1 9 19 18 91 4 60 24 90 58 48 68 21 58 33 41 56 45 40 95 89 52 17 37 83 92 65 20 63 34 49 18 97 51 95 27 82 56 48 21 55 71 86 1 49 19 1 3 83 19 45 2 60 92 99 40 40 27 7 70 61 45 12 17 34 74 33 86 45 100 94 3 40 32 99 46 45 54 41 4 81 92 68 75 49 21 18 88 82 3 30 65 97 11 57 33 8 9 81 34 16 14 82 30 27 3 65 96 61 67 67 57 51 46 33 56 81 6 50 68 77 28 59 7 48 53 73 5 47 70 48 100 17 42 49 24 65 41 47 43 40 31 83 7 22 22 42 62 74 22 34 50 23 88 64 42 42 3 98 98 19 61 81 59 18 80 43 34 34 59 12 92 2 38 33 47 26 42 31 13 86 64 60 2 48 29 55 79 13 11 90 68 46 7 18 73 55 11 35 65 17 82 87 17 6 46 47 10 23 22 71 92 83 1 60 3 2 38 6 99 24 94 32 41 96 8 45 85 4 12 55 20 57 63 6 16 29 70 1 20 64 92 88 68 29 20 81 41 68 11 29 33 32 46 73 61 71 11 62 91 91 36 87 28 78 6 75 20 85 85 70 99 94 11 91 58 78 52 18 53 52 100 20 7 54 48 34 74 25 71 72 90 34 21 95 20 8 15 75 22 92 16 77 19 100 67 97 13 9 26 28 55 15 21 7 33 54 75 21 5 87 97 37 24 73 88 62 39 21 86 74 64 96 22 37 42 41 27 96 94 21 76 49 16 32 92 34 54 90 47 89 54 45 72 18 59 54 5 82 25 54 76 38 46 35 16 89 100 85 30 88 60 44 34 16 79 76 53 79 11 17 92 36 54 4 63 100 36 5 87 88 74 27 13 84 17 54 92 88 79 62 70 94 79 88 41 30 51 19 24 98 51 43 19 9 65 81 22 21 24 67 95 4 15 35 26 33 54 94 58 51 11 77 40 1 34 75 97 4 83 76 97 5 90 45 45 56 99 87 72 27 62 96 78 39 43 62 81 9 33 58 73 33 55 55 50 38 50 52 92 56 7 57 80 97 75 88 56 15 71 84 11 71 63 8 87 21 33 16 76 75 41 11 35 54 94 95 77 1 68 46 31 36 44 89 61 3 68 36 30 20 88 25 79 70 52 67 5 88 87 58 76 68 81 2 25 98 90 5 1 10 74 3 90 9 19 19 25 97 18 77 94 15 48 35 47 52 53 90 21 79 49 81 83 75 18 91 56 87 27 46 85 59 87 50 63 34 81 29 30 94 79 60 60 35 32 61 88 95 8 34 7 21 80 72 40 5,j51poISJCBZ0TpdV1Ph/vcebyOWcc8Ikqte0jNKc57TK/Mx5FQOJWHdi3pixByUQQGvb5D1nnJCKfKG+9kqA5rWEwi2gIcIft5aLZGcfER2CiBoAVUb9mrYe203V5sb9JhxCe0xl+IFOTqZmE5RFAxYxHg1x0A0XTQhq413GA4VQ8kdhnEXCTKEODR4zxlzp9LR92J07yjBD1y65E121fjfHEniMe7TJismslWelgEa1YM5fXyNHHmu/pEFFStoUXstYofjf9sfnOgG84UMQ646DejZIP7k6KElAQJpYuMZ/CiPuwU+CB67cczvRb8i2N+8siwjWSVcnyCTkW1hXOHn0T9lbJlWbKd+U0RiZAf2OQ8Wn54KrW6gOIKtl4Hd6iafnBunLsWLiAwy5ffCP3iFXTxFnd9UDOAhXG+sHswjTFdH5vgknEXEbGDGodjAY2zn+7meqeucVdHRYVu5Fy1YIPPMemE9I7S6/OhKxGfhbvxNm5WqBHfVQz36AD8z8HEa5OVxT0IkQ8BgoaXvBV+axCfqKdbQW83+JYD4U1JsuwhrsrT9XSavkLxOQrvYWlekMjuQEM87f1kKCnlL/J5zCKevMEO+6kInacFliGoptrkk+QwZ2HCiaI5a+DBJtu+gSMkxwZTs9Kc4NsC80q3/sz72KwFZPZ5MBO3wxz8Q=,ChvLDArmGCiBGkGholbp/1Z493To4eMsEKgWbg2HXRxjugpYeT96/AncLgoy0dpZGIuV7Y69bBvYeM7HvWLU5Q==
493,2026-10-05,22:45:00,77,2026-10-05 20:45:00Z,96 81 49 16 29 78 64 66 3 61 82 84 56 27 14 20 91 19 21 30 51 47 41 90 37 76 92 62 13 63 20 24 59 10 59 81 47 10 57 47 61 13 95 20 1 80 19 72 26 84 18 92 97 36 14 41 71 32 46 58 54 3 52 48 99 98 88 9 64 18 5 38 35 24 88 41 86 50 25 77 15 87 88 38 72 53 66 55 53 97 87 64 12 36 29 89 82 47 89 77 30 32 51 98 66 30 65 44 96 39 42 7 45 76 83 91 4 71 79 39 43 26 94 52 27 100 64 46 51 48 77 58 14 61 6 58 27 100 58 57 82 74 36 73 81 13 24 24 67 66 30 67 74 52 73 14 22 68 45 68 84 45 12 73 94 68 50 2 38 27 15 5 42 56 13 1 17 69 14 89 30 23 90 89 52 97 67 32 23 55 8 2 26 37 41 21 90 49 62 14 12 16 10 12 82 46 100 88 47 94 42 15 41 81 52 87 87 26 36 42 92 5 19 32 33 61 24 44 81 83 35 17 59 84 48 26 58 89 94 26 77 71 19 2 51 24 6 93 13 4 1 17 65 79 79 52 94 99 61 53 94 43 81 12 45 51 7 65 87 51 69 3 2 28 85 76 16 83 40 69 7 54 47 51 56 31 13 90 70 70 73 39 14 1 2 32 23 94 14 9 19 100 45 50 30 91 93 30 77 63 46 49 26 65 61 33 24 41 68 62 77 45 6 20 73 61 25 60 91 52 80 15 3 50 16 44 39 53 87 16 71 86 35 94 31 14 47 69 32 52 71 59 18 32 86 13 78 51 84 78 60 73 85 69 93 79 41 57 50 54 22 70 80 94 43 37 32 25 57 31 9 81 41 70 71 61 57 68 22 20 95 99 53 82 8 100 51 47 66 27 80 22 66 86 61 59 93 47 8 72 2 52 77 80 7 28 48 56 89 27 50 2 82 5 65 7 58 17 84 70 24 70 55 48 5 60 82 88 42 48 41 34 13 46 1 69 12 100 25 22 88 7 96 11 30 79 33 70 38 56 62 39 75 71 13 33 63 19 47 43 19 30 45 44 26 49 32 18 88 55 65 85 92 36 47 13 71 16 22 31 28 25 15 80 27 5 72 91 46 13 64 79 56 44 11 55 77 71 22 60 28 35 60 61 13 90 8 28 15 95 95 71 34 31 64 37 72 49 54 27 79 77 33 42 82 39 39 53 79 46 83 30 18 67 94 44 67 97 27 85 72 14 4 26 7 71 67 92 89 2 65 22 35 33 78 67 26 82 23 50 61 15 25 83 48 34 29 25 71 34 50 53 4 40 30 37 96 66 14 23 2 29 18 9 13 31 86 83 76 81 69 46 34 58 54 100 46 90 48 66 86 5 74 67 87 50 73 60 12 37 23 29 96 43 17 31 78 67 23 15 39 3 35 97 70 70 30 55 17 96 32 9 51 11 88 13 40 12 39 18 5 71 42 39 6 32 34 7 3 97 46 39 61 67 67 70 38 76 23 54 90 97 53 5 81 39 88 99 41 64 95 8 82 13 36 59 35 85 82 25 63 86 59 3 25 88 80 100 97 14 85 24 46 21 91 82 1 5 86 17 14 59 23 83 99 94 9 85 28 27 52 32 26 34 22 8 83 11 14 17 6 71 69 67 62 94 86 99 55 10 39 8 17 98 34 2 80 26 2 49 56 21 16 96 48 44 66 7 34 40 65 96 34 87 28 4 46 2 96 91 99 95 86 18 4 52 4 93 4 35 89 76 87 42 6 17 70 80 9 39 28 74 97 97 2 53 62 100 45 96 46 45 53 21 68 68 99 98 36 10 63 19 15 100 43 65 85 65 40 97 68 86 29 94 3 83 45 33 36 93 8 8 30 21 1 90 24 40 72 57 3 16 93 76 48 21 69 19 74 73 60 20 37 15 67 74 8 82 33 83 90 99 68 36 4 7 28 41 59 88 40 47 72 36 13 64 90 36 63 59 24 2 6 16 17 64 64 57 76 51 65 14 100 26 51 89 13 37 7 65 64 77 3 44 67 12 33 27 18 13 18 10 78 99 57 77 45 5 67 8 23 31 93 91 7 9 40 92 9 59 91 79 8 6 74 48 73 100 7 17 45 3 84 87 1 38 90 18 40 77 59 47 77 55 55 99 88 79 7 1 82 46 18 45 22 47 96 23 2 54 60 85 77 2 64 22 48 73 81 69 61 68 33 84 40 13 90 78 83 2 68 25 64 9 52 57 46 38 77 86,RcA6YuTifQM2FmogGpWQoq5sfU1deKVdHUimMbeacCK8wG+8Qrr7IBFPVWR74LHZI5+Z+23rimukD9aGT565lZnJi3rOG30MNXlQHGiagxXR2HFlEg/+dlpagJYaOUJZThjqBjOtXh8HU8kbEykEo0qppioitE0bY8yTc/SGaT1DXA44nlHk9NIgpSmGAIBZoJ6qgjQl27YvKJu1Q51Of1Bf/gPswTOdN69HRsJKMLEN9TlaJXrGVRfZ+8M7SZdCbIoEjcpzaPEhiXS2sgMkDpemQtKsrPv93NgqOxPESHevLmS4vZlD+S1Anh6YolLWASVcvL7E9MieI40/Te9+rbtZk53xK1m+h0oeW/8nCfm9voo7L4qKOGhxvTz7VLAIUI6MTw2QX7CJsRj3WhyBA2+TQMDhX7p0V4vb80XDWi3wG7J9tBjajaRHcjI4xSY95GDHxOeoGaSWG+IvItJxhQRLvAw/KHPMSmCZaGALiVvylCg0wmNHUz79/ZKVdWHZiHMy2+8mw6GKXRBwdnBWj1OtGRYIBtrrgRYGpo0eFNjssIK6DULzAD/8XUxwvftnn0j/9zWdnxUfUEp2pD0aZTl40k5kwxLbu1nswm+zyenSY3yLal0TX/g5MUWtQXidQ48LAFgio5fqUtST+wzTgYOnKKyZCTljW6hViHTdlS4=,ChvLDArmGCiBGkGholbp/1Z493To4eMsEKgWbg2HXRxjugpYeT96/AncLgoy0dpZGIuV7Y69bBvYeM7HvWLU5Q==
494,2026-10-05,22:50:00,78,2026-10-05 20:50:00Z,65 89 98 45 30 56 66 2 18 61 96 38 92 4 57 55 17 94 98 63 55 60 33 22 28 31 82 43 10 71 41 65 27 55 91 6 70 96 5 37 48 1 44 69 91 80 99 36 57 44 75 62 6 95 8 31 71 75 9 70 24 10 29 29 80 70 71 48 18 63 8 62 42 80 76 86 99 29 74 8 85 31 5 60 10 25 49 40 60 11 17 66 68 78 73 55 98 38 89 13 25 82 15 98 98 71 32 30 87 2 5 58 77 7 72 21 53 11 33 74 8 31 59 21 67 63 40 87 81 92 4 22 47 40 80 49 29 37 46 42 10 56 86 80 79 20 35 68 13 14 49 26 50 42 97 61 44 39 17 79 59 9 41 62 62 83 53 60 4 59 71 72 5 61 1 52 1 34 64 91 89 72 12 39 94 50 59 12 86 73 57 41 75 7 92 46 87 16 75 24 58 22 31 85 93 72 86 89 33 6 25 17 79 65 67 85 75 20 45 26 63 63 58 51 35 15 62 79 31 22 61 44 3 46 73 16 62 17 84 69 84 43 72 7 16 68 65 19 5 76 37 76 44 65 40 45 62 96 21 45 59 5 68 27 98 1 1 90 59 24 44 94 56 25 28 84 59 100 19 58 24 75 27 25 80 66 31 21 34 47 92 87 92 47 1 8 72 61 14 40 20 77 70 58 41 15 66 75 71 47 80 27 41 76 77 56 87 83 93 69 75 56 27 42 56 72 9 46 61 25 26 62 31 54 10 13 41 96 100 63 16 45 48 85 96 37 94 29 24 36 39 96 7 42 76 11 85 91 80 70 81 27 40 57 87 71 16 8 85 67 21 68 28 70 85 84 73 11 96 84 27 8 1 5 38 49 40 90 43 8 61 72 6 69 98 15 87 75 13 82 15 91 46 4 68 12 50 38 62 2 7 79 28 40 6 80 72 44 2 38 36 42 7 92 26 58 12 92 7 94 83 98 97 25 40 50 67 26 81 68 57 5 10 84 26 85 72 38 7 5 79 92 29 47 81 75 57 25 28 27 75 20 26 22 83 34 87 60 20 87 83 5 64 13 71 7 85 18 3 74 15 96 86 94 26 41 67 58 54 88 55 6 17 65 48 34 73 97 25 75 34 74 54 65 68 69 65 20 72 95 77 94 91 49 37 2 68 41 87 93 5 1 59 34 56 87 94 78 49 74 60 51 11 99 54 43 25 63 92 32 84 2 37 15 51 40 90 45 29 20 71 7 43 26 29 78 32 1 86 61 39 46 4 40 75 23 25 15 33 30 92 52 4 69 43 58 6 49 74 33 28 19 19 38 93 40 45 91 27 95 63 43 48 3 27 87 66 93 71 59 82 76 23 81 92 5 39 51 4 10 83 76 81 72 52 55 13 67 53 79 46 92 61 64 13 31 53 97 20 5 96 3 34 63 33 63 36 28 45 21 43 73 60 26 88 22 20 16 7 71 67 45 56 27 89 49 26 76 35 62 36 28 20 48 41 75 6 46 83 78 69 31 29 95 70 94 54 5 69 62 87 54 32 73 98 85 3 71 94 49 84 30 20 98 13 28 29 88 57 65 19 31 32 12 8 48 32 60 6 11 54 66 63 74 64 11 29 8 62 58 45 66 7 27 76 66 63 30 43 77 36 12 22 45 44 3 52 65 80 39 84 38 60 24 65 35 91 40 48 12 78 64 43 47 5 60 93 90 4 41 8 75 24 33 75 78 55 95 22 82 52 17 86 2 44 75 31 46 46 17 23 8 73 25 95 40 35 66 50 99 92 98 21 37 1 45 79 84 61 50 87 32 33 73 37 99 46 60 27 5 60 22 98 40 65 75 37 10 94 33 4 21 56 93 13 19 40 99 18 90 20 47 51 26 76 47 71 26 100 73 14 76 44 81 78 85 35 88 24 36 22 9 66 55 21 47 69 23 37 78 18 94 78 32 58 80 91 67 7 6 97 35 33 71 11 9 25 43 76 55 59 84 78 81 89 68 5 96 60 13 82 63 33 61 10 21 68 90 20 97 2 79 23 28 73 31 24 84 45 100 84 9 68 6 75 88 84 76 32 85 53 46 39 73 15 38 10 33 67 27 54 85 59 20 44 20 14 53 64 11 42 70 70 3 4 57 61 10 88 18 77 95 73 10 70 95 36 92 37 74 50 24 100 7 1 65 15 24 84 71 20 2 68 48 76 18 91 85 19 8 71 61 95 17 68 68 7 54 91 41 60 63 81 88 46 73 8 74 75 11,D+hzXeQ3R8d6VKWOKJ05N/17D5RmPEt/OJEKrDfeOcYKx84jR6Vy1eNC8zJf1fSOM4C7jGGUTHZPkMT3NvDTT42+smd7kFvrxpZYP2uWlQGJjvslOsrYTWgqO/Jv8P9GzYO1HuwVR1f0H3riyxV04ctsuFddWs7g8QsCSh2kIkrqJaSxOpAh1Vr3jax9Flx8wl+zAnyXQbtwMmU1vAZttOh/w00qQ8ClEsKseSprd3eV/CZmrzs+b4/BdzZF0mH5ME8BRpu/+W8LHzcGE/D7A0TtWGkVnmLXd4qcURsduUZh4iT4WWPAqdAKHWlJNrJKwLAYE5hAQKevktZPYL2AKyRxeIzbbSpVGLGYbCCDDmvrxwsiCaiNwuxNh4p2yX3jzgVyI3duWFHirM0njEs0eWmPeNlf1xuHhPap3K6jCKI2kBPhCSOkFKVU3wvP3tQO84MQglBee1NJOH4rb3ufnF3g6cXnxfW/XzQkuCCzGEB2V0zcCITvBR6Wh0OwZUBy2iKSewOj5K9kBq5jUxq4tRoVm9wnlADP93BV2lhX7lqaI17r3qTcKE+/EKZSmuo3DfKfRusYb67VG+TqO2Qeda9qdyfkZbV3YkzV2zQzl5JHuYovWZYn006tU4fnm9h1DerJGnN3Sd9ameiouYlB4LYK7D2XNEx2xYh9v7PQVfg=,ChvLDArmGCiBGkGholbp/1Z493To4eMsEKgWbg2HXRxjugpYeT96/AncLgoy0dpZGIuV7Y69bBvYeM7HvWLU5Q==
495,2026-10-05,22:55:00,79,2026-10-05 20:55:00Z,28 29 78 62 54 42 48 83 65 25 20 12 38 50 3 45 10 13 22 66 64 8 6 5 47 54 35 68 77 35 79 97 68 70 1 85 98 39 75 30 48 77 51 8 10 55 85 48 62 11 43 72 17 84 24 9 92 47 53 96 57 78 87 82 63 88 49 28 98 94 50 84 51 78 67 40 35 26 28 79 49 36 83 22 53 10 16 20 59 87 7 52 67 87 65 53 9 90 32 69 68 91 14 76 93 7 4 89 98 3 20 6 94 42 34 15 60 84 7 42 2 24 8 38 58 23 55 60 20 8 69 94 2 35 24 44 54 93 81 41 61 91 51 87 53 66 36 62 27 93 50 56 58 42 82 65 66 43 37 10 94 28 18 61 93 35 51 37 40 88 96 91 20 83 92 6 52 95 26 79 93 26 9 60 48 11 87 87 33 56 64 36 36 13 32 59 61 69 25 71 2 92 62 67 38 58 74 62 19 1 56 63 73 58 10 90 38 53 7 42 23 40 58 15 49 2 66 40 11 47 92 21 67 43 58 35 96 84 38 10 23 97 70 100 86 15 25 60 32 77 33 92 52 1 46 35 53 23 99 29 91 58 87 46 18 73 78 30 92 78 62 66 39 80 9 70 77 11 95 81 69 49 2 96 33 14 7 13 36 51 20 42 35 72 20 12 27 45 88 47 46 29 95 64 58 41 26 71 68 80 70 27 29 7 98 70 63 53 22 2 92 96 2 25 91 41 81 83 35 14 86 47 18 70 58 28 53 82 6 56 27 78 16 4 50 97 13 78 60 90 83 2 33 95 23 57 21 21 31 85 62 72 94 57 72 80 63 43 56 42 68 95 47 83 6 85 59 17 37 1 7 75 85 42 7 88 16 16 52 37 62 84 40 8 39 63 70 3 74 66 65 72 56 30 14 80 3 17 13 12 83 41 78 33 92 95 29 89 32 86 25 19 76 63 77 10 48 55 3 97 36 25 75 30 25 11 39 59 40 58 98 15 15 96 13 59 79 84 97 49 93 17 13 89 14 11 81 58 50 92 17 21 57 36 51 82 78 84 72 47 49 95 36 68 92 39 57 30 77 40 17 54 12 55 55 47 83 74 85 98 12 85 71 84 15 23 94 21 21 52 87 2 9 59 34 55 86 100 58 42 23 7 12 9 35 62 59 71 23 23 62 26 7 14 39 56 70 34 34 100 84 42 28 56 78 40 85 69 78 35 27 56 14 38 83 83 7 86 4 84 36 59 80 4 96 66 23 95 75 41 59 1 77 2 40 40 18 85 54 2 37 24 42 50 72 60 21 44 58 68 69 16 58 93 49 91 19 87 32 98 92 63 94 30 19 48 85 81 44 31 4 57 63 1 13 52 83 73 11 62 98 99 70 55 40 37 27 20 61 33 87 62 21 94 83 54 18 26 97 26 22 45 65 18 11 41 70 8 3 93 5 89 53 14 52 87 24 35 19 74 91 39 32 89 59 16 54 2 31 26 60 92 60 90 81 95 95 2 34 43 67 73 51 55 91 27 60 93 79 53 7 9 81 55 54 69 76 19 42 96 100 49 38 74 13 70 63 18 74 95 12 19 97 88 81 25 5 21 3 38 2 52 15 24 11 37 92 59 95 100 86 100 36 49 63 76 23 24 52 68 90 65 25 80 65 71 12 58 18 71 29 18 98 33 45 71 67 100 56 56 43 60 7 27 6 48 42 39 63 7 8 27 75 94 24 92 91 2 71 35 4 28 49 94 38 40 48 37 64 58 40 86 80 37 26 76 68 98 57 2 4 44 23 35 15 7 72 66 39 90 59 96 18 50 20 91 88 58 24 97 16 86 26 64 90 1 11 49 9 86 56 32 89 66 64 63 75 34 89 11 89 41 87 53 46 97 79 41 36 61 55 22 67 53 73 59 4 37 22 6 3 32 46 87 98 53 37 72 83 25 16 49 50 100 57 56 14 65 49 58 71 34 17 81 60 63 89 39 47 75 83 19 92 48 56 88 70 39 94 81 24 55 66 27 22 71 18 12 5 55 73 9 3 87 33 91 73 24 83 88 93 64 87 56 48 84 52 68 64 7 56 75 42 43 64 77 9 50 13 21 31 96 61 22 67 46 88 66 43 44 7 37 41 83 2 97 51 91 4 12 85 82 50 96 16 43 79 78 19 91 60 80 42 35 74 20 100 71 77 67 93 28 96 12 36 34 81 30 37 50 58 28 31 53 2 59 64 29 81 5 27 8 96 37 32 46 56 85 21 80,MAbE4oDFyh9oiL5O2WZvk/b7hQhwnWDes7NyR3M/zjj+imZAPe3VS+h1rxY7+2vx2aPmvYongOU400vpJaTz2wEURH3xMec10/QzVUIhh0IcmFZQkQWriN3i26GjQy8uLM9x2/18zdFaSMpao+qjRF01EnubNoxFI24eNDgd0fxzdngMKTZchv5mbcRaoNvg751Wh0TXRRTaEpk9wWuikX6AqsHse5XkL33CRGLRJI9OkEPQBPIvcm8hsOfpskeNth8NAhYn7Z95H0+vCc5+SYa7KaKZ+ZPg1BLF9BM7tuDNAvhvS2zKBsr9Wzn9ANmXf/d6i9pAV+uug4M4hk2Pk3qyXyR0W1/CnZG3bE32rmX3yIrQEOYpahjpTPSc/0BVivGBqSEC8DD6Rpgw2V04ySxui9jwbDngoH+eS7/LK+BgNOSD9Gbdr+wrVmH7kTpH7okxxZcdSpVedvkD9glKU0zWtS1QraqyB5I/o6Rk5lE81Uti3lUAiM2uMFx3THkkkiPDPKs5b+88qm7RgoFYA2dZmuNwYaj8zXW3x6ffgCx6hUeaLq0Wn9dsskQd/FxaR618e/VHikwJzvWdeE8o7P/emRaWEGxoaxEXtAIFXwlFlBplkH7AG74lYR3+DW/Rtq6ZH/8IL+5ZdbGp983yo9PF19G8QftbRX2MxEisX7o=,ChvLDArmGCiBGkGholbp/1Z493To4eMsEKgWbg2HXRxjugpYeT96/AncLgoy0dpZGIuV7Y69bBvYeM7HvWLU5Q==
496,2026-10-05,23:00:00,80,2026-10-05 21:00:00Z,32 99 70 3 81 91 67 59 34 73 63 1 88 33 65 7 70 34 11 97 23 8 66 3 23 46 63 89 37 62 19 18 65 53 42 21 83 56 4 12 3 79 70 27 76 60 7 91 46 65 62 69 74 1 35 10 6 25 73 97 4 54 2 40 74 52 5 94 67 34 26 77 60 45 47 94 34 16 15 18 54 96 27 65 38 100 67 34 22 85 15 6 26 94 100 29 43 60 57 90 29 76 79 55 35 1 86 84 48 91 26 25 71 17 83 2 79 1 24 65 23 99 37 85 33 53 88 37 72 60 95 67 35 86 95 76 34 33 20 20 84 14 95 3 54 79 32 90 54 16 8 54 39 67 79 65 86 49 71 49 78 40 56 6 91 52 3 65 40 54 1 58 90 86 98 45 10 63 84 26 50 3 18 66 44 67 18 58 19 95 87 71 13 97 99 58 10 21 72 74 56 47 64 65 82 21 32 47 35 31 10 20 74 51 70 41 39 11 16 55 23 81 13 63 86 8 26 19 32 96 16 1 66 33 35 68 3 38 56 66 67 78 64 3 9 39 20 7 36 97 69 38 39 68 50 61 14 85 85 84 47 41 70 91 76 73 76 10 65 22 95 4 36 30 55 79 59 37 90 68 91 56 61 2 60 32 54 68 76 25 99 62 56 41 4 73 99 39 17 2 49 65 17 94 100 38 50 5 81 40 40 98 82 75 98 94 66 26 31 1 18 35 15 39 32 19 88 79 50 36 76 73 76 21 77 93 26 20 76 78 78 98 51 71 66 56 19 36 87 79 31 13 36 34 89 17 22 85 93 81 71 57 34 65 45 26 63 22 32 6 63 86 83 65 88 32 43 19 18 68 37 59 26 39 78 63 7 30 62 94 76 56 38 56 33 53 10 86 11 44 95 14 13 19 16 74 10 34 63 84 16 58 40 75 23 55 37 25 76 2 8 75 51 71 83 14 10 94 89 71 13 20 98 73 31 74 66 7 78 6 12 57 92 40 41 90 78 1 1 66 36 75 48 3 12 79 22 46 29 59 54 7 18 43 60 13 18 36 38 8 37 2 16 31 78 97 62 34 14 76 35 56 22 81 65 48 20 32 84 31 3 98 15 60 10 68 34 9 72 33 47 63 33 35 16 65 24 39 38 94 97 1 1 46 8 72 52 36 76 31 22 27 99 52 99 91 6 7 91 46 24 20 55 85 31 84 75 49 64 96 33 41 75 79 46 37 90 27 93 54 68 39 32 45 4 58 22 80 30 60 82 47 86 4 88 69 7 70 4 1 57 79 52 90 89 64 48 30 8 78 66 14 69 5 30 67 23 17 94 26 63 24 96 51 55 35 66 34 26 35 67 36 54 10 20 81 69 75 84 78 49 91 59 94 72 44 11 22 33 13 89 77 60 16 76 80 36 27 14 5 68 92 56 62 34 85 40 23 12 46 41 93 63 94 19 8 84 20 93 96 36 31 3 32 60 82 74 16 3 59 86 84 38 82 63 24 59 85 53 71 42 96 94 12 41 63 73 18 97 77 4 70 6 79 14 60 70 1 17 91 85 89 42 65 47 61 25 94 28 19 62 18 88 23 52 99 19 52 24 22 6 63 43 87 50 71 42 57 68 50 40 22 80 87 10 1 13 78 84 58 9 1 1 47 91 58 64 37 53 91 62 37 33 9 12 41 12 49 18 94 88 96 37 13 79 35 49 32 92 14 31 71 33 17 31 75 64 23 75 45 76 65 80 48 5 99 78 2 52 3 38 80 8 40 10 6 30 65 98 94 10 48 72 98 83 56 13 83 45 1 4 25 13 22 52 29 77 44 34 15 26 92 89 5 4 46 47 2 35 76 74 9 59 59 66 20 4 85 77 96 48 72 92 37 63 79 7 84 42 44 93 51 65 8 37 33 73 57 46 35 83 90 32 39 19 1 62 7 14 54 10 91 82 12 14 32 11 65 5 81 54 86 15 65 25 54 50 66 74 45 54 25 57 40 83 31 32 81 85 17 56 66 57 23 5 20 48 23 79 11 22 54 33 47 78 16 65 85 26 84 57 72 77 21 68 47 38 46 77 9 98 78 72 50 43 37 83 61 91 84 57 57 97 44 59 71 64 60 46 47 91 68 81 85 68 53 61 38 99 77 91 22 69 95 29 47 59 21 20 9 61 91 13 12 37 70 65 3 57 8 73 20 71 74 31 29 23 77 65 4 71 78 17 22 37 14 85 13 21 71 69 77 81 54 76 61 7 13 52 24,xBQ+QnAbDtSy0THAxhXTxj7+qRR6lRzbGk307nEYEqjWA15W0puL1UlQ0FwqP127cld0Y2uhAO/K0fSUipgN0ZF431iO75Wyfe7TxyFEOpbAA1mCaXQgLCMpO/xehVMh0QYMwZP4cg9hqCy6OmKzFH64EEQySdLacLM5ZMRSPWjNKCZf1BlstmXj3AIeCc6qFsvE9x2EbonU25e4yZ4uJPHn27dSR4h7mPUQDHyhULEsYrcJY+Be3fpamC1IhR9A1+NJ82HGbhmRUwSgdtPtf+EoSAh2TCdH8dVbZQkCuS10eQ2VDsweBshrToxUm6yaSVcMDUSB0rgcD1jW2rU+/nlzUCxMeZa8uWBDSihFRJCjw56R/S3R5X/rKwws+cCKdHnhnF/E3BIEU0jWZmm7IP1Jqz6pGiUGd0T4lctwtiA31sgD5zruwf+zAvxY6CuDlxpPm/1DhRrYEUoTboTvot7CeGzwIvdn0NWJi07flMrqWxP1X9YflMrNVdQ9heWD5A25vhMqFpgm6wA24UrfJBGMaFbrzbq+XKA+WTzRrBDxEjtzxR3Byjb1qDLLFOStywQe6SAFtGmipgFFfWxlct3oFbxwIy8WqFHaWosFMw+wdOMFBvyFa3N/TmgotEGtTNvzObz66GTaVA5bcSHFssbHnvK3/yJ1QweTV9+PMs4=,ChvLDArmGCiBGkGholbp/1Z493To4eMsEKgWbg2HXRxjugpYeT96/AncLgoy0dpZGIuV7Y69bBvYeM7HvWLU5Q==
497,2026-10-05,23:05:00,81,2026-10-05 21:05:00Z,7 54 50 33 54 29 59 47 21 54 68 9 23 50 36 50 48 85 2 24 54 55 91 2 4 5 11 45 63 20 30 15 84 38 53 70 74 84 46 22 44 37 5 39 64 34 84 35 15 83 37 66 25 97 66 74 19 90 60 4 92 37 40 69 34 17 52 96 43 7 3 93 11 5 42 51 92 25 93 16 77 74 5 36 50 50 32 48 57 43 97 88 9 74 13 47 77 49 74 3 33 91 77 33 62 38 92 77 15 28 47 88 5 90 32 94 12 69 2 34 14 30 99 91 73 12 83 65 29 87 51 93 12 85 94 21 92 26 7 23 33 84 58 91 92 23 36 49 6 72 65 4 12 43 58 97 81 26 49 34 44 99 14 83 35 3 71 4 94 16 63 70 6 23 60 18 37 36 96 60 70 99 12 58 39 6 75 33 30 47 67 15 91 20 9 32 6 37 77 86 28 3 3 49 97 47 9 52 54 97 7 72 87 80 82 39 95 83 44 87 57 51 71 49 88 73 79 26 63 25 32 84 64 34 10 20 44 92 37 23 84 9 61 41 5 61 58 80 8 42 26 9 96 41 36 77 7 64 51 28 54 60 47 83 49 69 82 27 28 94 42 9 52 74 70 6 79 92 86 63 5 6 91 20 2 10 81 90 59 92 65 41 46 62 25 89 30 20 39 65 45 97 34 62 85 54 93 69 48 19 55 75 9 51 81 30 29 58 20 52 26 25 48 79 81 100 46 87 88 52 75 13 53 43 99 34 85 96 15 97 68 92 75 6 72 58 76 8 90 84 89 69 57 85 39 5 92 88 4 22 10 31 71 62 87 70 50 5 30 59 56 74 65 98 14 5 100 100 96 30 32 45 54 56 46 88 64 69 23 43 40 64 49 58 34 20 77 6 72 81 17 74 67 98 100 23 38 79 50 74 84 5 62 27 3 58 52 11 38 33 67 38 44 40 75 49 7 79 19 88 86 54 10 75 16 78 22 76 85 90 4 7 74 28 70 10 90 13 94 13 71 37 55 5 56 72 59 33 65 100 7 46 5 37 38 24 100 14 51 64 61 68 35 70 58 47 100 32 62 32 95 74 55 12 72 73 99 48 78 18 28 17 41 1 61 63 65 3 7 100 29 36 62 45 37 74 25 88 41 99 16 18 75 67 61 16 52 49 35 39 46 54 9 31 96 95 83 42 78 35 17 64 24 91 34 71 19 76 84 16 40 73 80 38 65 82 45 77 7 63 95 35 100 53 64 69 32 5 24 83 95 34 83 67 93 63 1 19 61 3 37 5 46 10 41 40 23 87 82 38 66 99 22 12 91 61 22 26 24 40 55 34 21 2 25 18 37 8 65 73 93 9 3 14 3 72 50 82 86 30 51 92 81 14 53 27 49 8 94 84 25 21 65 98 33 26 80 83 39 8 60 12 16 35 1 83 74 86 48 45 92 80 27 44 45 85 16 75 34 43 89 15 96 19 96 63 48 8 47 65 80 99 67 71 43 27 14 27 10 99 46 10 95 59 100 55 12 68 14 69 93 24 27 96 95 22 67 45 2 15 85 55 99 93 56 83 96 25 81 43 64 36 99 16 29 12 64 14 100 10 23 82 13 34 65 81 92 69 84 70 76 80 23 32 48 22 69 99 46 82 61 23 26 49 83 98 90 25 1 92 55 43 47 4 86 98 43 74 97 67 45 53 89 30 92 95 20 5 28 88 32 20 81 3 93 21 41 94 2 78 41 5 25 80 70 85 10 58 45 88 48 54 37 33 2 18 56 15 56 55 2 19 90 80 37 31 21 66 95 70 34 37 83 7 77 72 10 7 69 33 42 87 84 58 67 72 32 70 80 1 38 98 18 1 59 36 62 59 92 5 98 65 54 72 61 44 47 1 26 16 20 98 80 77 31 14 58 98 26 10 58 64 91 45 6 18 55 23 98 75 40 17 20 20 91 83 91 43 23 51 79 28 84 88 48 43 57 93 3 93 72 2 37 50 96 7 12 64 43 20 54 70 84 98 44 56 99 90 94 4 77 7 84 72 86 52 25 51 20 89 24 2 81 78 96 70 14 87 50 22 37 8 59 99 63 89 31 31 66 54 67 36 11 61 46 2 90 94 60 66 72 62 82 32 25 84 99 12 27 94 48 14 64 41 48 61 70 87 62 53 58 35 86 85 96 42 40 16 16 67 94 78 40 87 7 18 22 28 72 21 45 95 5 57 94 12 72 94 89 99 82 53 84 85 65 48 80 61 36 84,xAZ+z/KdZHvwR2/h9YZo53n3yCi9tyyvlBuZ6dXg8ri6pAjYmG+03cteECGJzIc4+UtlPiLki3MOOTqoGq2NzOF5QS0WTygkuKoJD1ONt1ZKPdNuB/mcHZT5n12fXB3Vg3yK7N/fmbKmioanXfUBXHvLWrgAR/kVFEAti50X/4JEFGGlSoRMhrxDrmgwhMA1ScCJFnFSYTUNEujTet8ri6rkAG1MhhMabzzM2sKVs5d0GWIwswYiP9sStB/UQuYtuIrJKkemskvO9UDaNIzkMhEaT7Eb1LFku5+L8OhMayBiQtIDYrU5ZD1ZOiyAsIzQ5TSGgBQxPn20T3BjXnHNjglOTIjKyqwAXK0JZYnHzIcIszEnz8BCZFCxAMZwQ2HzegTbvfdySwi3lRVIpkPEM69UcUZs8JA5n6GqeHFG0fi2Kup2FDaeJ8/RhIwRORIxfPTW0k/CVJtH8AdkFojpwrZ1/giKt8yNKxKsbDnMmuDAlqRePbYEIc0Az9FW9DfV264IdaH0C5kTFADvfN/ErtGceDYKXxtIOjWs9dM2iKXqTzAcSHmsr1KsV10vNScqYxtDtMt2S+rhupEEO0rwBUysNRpEJQ3G+W3qsR8QHGFrM5VzoQ4oqsZDgfDSG3bCJ8wuDmbiwwfacJDgkPiVifu26zc+2UmpoadBoT01J2c=,ChvLDArmGCiBGkGholbp/1Z493To4eMsEKgWbg2HXRxjugpYeT96/AncLgoy0dpZGIuV7Y69bBvYeM7HvWLU5Q==
498,2026-10-05,23:10:00,82,2026-10-05 21:10:00Z,62 2 9 44 74 19 6 5 79 27 52 5 44 14 86 42 26 93 44 64 92 8 16 91 63 13 65 94 94 1 90 31 77 40 70 1 55 15 26 84 3 33 44 72 8 95 37 8 51 21 49 22 41 53 96 65 94 38 2 94 85 5 85 35 94 68 37 19 46 99 97 39 16 86 28 79 98 47 36 86 95 92 88 92 19 27 48 88 6 49 98 79 93 78 28 90 55 50 73 3 75 89 85 82 11 81 57 100 13 52 28 27 96 74 55 64 94 26 57 74 35 8 28 72 32 85 52 78 29 77 15 10 84 9 76 43 31 80 28 18 90 57 82 73 13 23 2 98 98 4 4 89 66 89 98 86 6 24 100 57 83 86 66 16 86 72 7 13 22 82 67 17 85 42 32 83 31 15 11 56 68 100 61 71 69 91 84 98 75 87 54 47 66 99 86 68 18 52 56 74 58 31 97 52 78 90 36 19 16 89 68 43 83 80 26 33 72 42 88 29 93 99 49 63 38 62 18 99 94 57 34 2 22 24 85 17 73 83 29 11 17 89 62 63 12 25 37 90 29 69 31 63 66 48 9 36 11 63 17 5 23 34 38 89 80 56 34 24 37 55 37 5 23 35 34 78 77 32 30 74 3 95 41 98 59 39 43 92 90 20 71 2 51 91 75 8 79 21 23 26 84 37 72 14 1 74 9 78 49 8 17 99 32 65 65 72 2 4 84 39 32 42 16 12 46 82 50 36 21 45 27 51 87 10 24 6 77 65 79 45 55 69 91 29 98 96 77 86 36 26 66 4 39 77 18 44 84 23 79 41 98 97 54 86 53 96 45 15 8 93 25 71 26 62 52 72 69 84 85 24 30 38 64 16 63 31 87 40 20 33 59 11 46 59 32 7 59 52 25 61 83 74 70 90 66 1 60 17 83 97 43 20 23 20 12 23 43 23 35 47 88 12 99 61 82 52 55 56 2 72 42 54 57 7 18 81 13 40 53 48 70 24 4 85 96 95 40 52 72 24 84 56 23 69 81 78 70 15 97 98 83 20 7 65 57 87 34 22 61 66 45 19 10 42 42 32 25 83 1 55 64 27 2 50 11 52 94 41 19 38 100 24 97 26 39 78 68 62 35 80 42 92 57 79 2 31 91 48 17 51 99 76 69 25 17 5 30 4 66 60 44 7 61 93 72 16 83 88 44 77 31 42 54 55 17 95 32 50 47 67 100 85 53 46 96 83 39 57 7 81 3 16 16 88 66 67 35 91 42 85 26 58 47 14 87 59 83 22 64 50 67 93 49 47 98 78 86 28 86 43 19 41 8 79 43 5 15 17 31 15 14 19 30 41 16 52 51 31 50 38 6 99 52 13 28 69 37 24 35 32 33 11 79 20 75 3 74 35 55 90 28 58 62 58 59 91 78 1 17 31 25 45 55 88 98 47 3 60 85 52 61 59 75 30 32 94 86 91 100 61 2 45 2 6 92 21 91 87 70 82 26 35 38 26 54 42 17 92 63 85 8 55 87 27 22 98 67 96 30 3 68 85 88 43 2 56 23 15 30 88 31 14 68 61 85 53 33 20 58 44 26 45 44 91 84 54 53 68 17 54 99 38 53 26 48 58 81 65 62 39 53 10 89 25 25 37 42 72 7 49 60 14 36 78 12 98 32 33 10 47 24 92 20 24 24 13 59 62 85 3 3 51 22 37 20 90 74 79 15 16 100 58 41 56 19 100 84 94 18 51 25 37 13 3 74 49 43 64 79 77 59 37 78 8 34 58 20 97 99 50 41 39 36 44 89 86 39 43 93 2 27 32 62 65 5 7 48 52 89 22 4 36 67 71 56 93 63 68 64 87 59 95 72 44 66 55 66 86 44 20 68 45 34 41 28 17 57 53 45 83 70 4 99 90 13 93 3 20 70 2 79 94 51 16 50 78 76 17 77 3 98 24 53 2 66 9 64 29 46 12 73 93 51 41 5 29 94 95 91 79 40 60 34 35 21 19 88 60 28 83 89 5 43 30 35 44 97 32 45 81 41 71 19 69 59 91 20 86 88 59 56 99 63 73 48 43 9 44 66 36 49 5 55 89 58 19 67 37 83 42 84 97 12 13 35 35 94 92 56 17 99 93 28 72 66 58 26 7 24 69 13 34 49 12 87 65 98 95 31 28 50 47 7 2 8 84 62 8 54 5 63 75 97 46 34 48 99 100 43 58 37 24 60 63 37 41 32 41 21 43 87 45 13 2 29 58 71 88 6 98,Qx7qX0LnDwqRrMDzA0e8CVIgg3e1zIMc2H/1RoEjyeUzqGHJ/CzGn5h/cq5kqeMiYrRsf8dDxzcFfLn2W9T6EVVVp+6tHOvcaZfihSM98kTL+hUe7KWC896M0OjSixxni6ac7MsklzshAxi6yEf1sQeTSxitNwSdG2yb+fG2cc0+7+CHis+294fdwOR3DgWVQ6aTH+IwyuqxenEankHAgkee9eQlwFVO+LCAxV0IeWfjvHwR7qAJ1xFFvNcOLQYTDD4G6TZ8sYZ65Y/Xy3oVWmyak6s4ltYnLnB/RLaysBFK3PetzZ3k5WxnQcDz37x8KbO/D04/jPd5rA1i3Dzb8OqeFbOLWvcmQHkG6luEBaMrJYTc12CH4cELxV8mzNfMpV/6pmWL9SFfmfrW1bSbVQhvETw2nuFcoIjhvEq/xXaz+4nEhJQLKA43PUQ9cUau65YvG+LugAECkL+33DfwT6VR0YdX8wnZGCnihw1Xw56ntWDYdAXPhq8Ns9gWxsM9FihR4oPl5hKhAmpkBLZv2IqFTwmO58cES/7ApftIkr5eIsJM0ZYJea0bk0nNgQTPUab0c6+9lWuC3yQmLzQL2v020YFj45ErNQG5Gljsa8iFdxVyEseogV1adNyfF9VwL51Ok5Cst70YnqRHCOuaISS5nIg2gVwOrJUw3mH/FAQ=,ChvLDArmGCiBGkGholbp/1Z493To4eMsEKgWbg2HXRxjugpYeT96/AncLgoy0dpZGIuV7Y69bBvYeM7HvWLU5Q==
499,2026-10-05,23:15:00,83,2026-10-05 21:15:00Z,49 17 48 30 99 78 31 26 64 55 41 44 16 86 14 28 43 61 66 15 74 71 53 64 10 50 78 66 40 100 74 50 25 33 28 29 45 31 13 46 64 85 51 23 42 76 71 92 48 57 57 32 82 31 95 30 94 36 10 59 80 54 12 80 96 26 88 92 2 61 53 21 77 51 25 31 56 10 93 3 16 3 39 94 39 85 8 28 18 46 48 94 9 30 67 57 53 47 96 13 61 5 71 64 9 62 70 3 25 14 97 14 42 68 3 32 9 31 82 16 26 5 68 100 72 44 49 6 10 32 86 98 16 5 35 34 71 57 67 22 13 99 75 81 88 3 53 58 97 90 61 83 65 99 29 34 96 11 64 80 28 20 15 61 9 86 16 21 88 94 22 1 53 6 71 23 33 55 22 3 38 84 67 95 48 88 64 30 84 79 20 43 20 3 38 47 5 10 90 13 99 14 90 3 21 55 73 12 6 24 68 21 54 2 2 20 97 83 13 23 62 77 17 91 11 76 21 30 86 62 99 62 18 69 91 7 60 7 1 11 58 76 25 11 37 24 47 79 82 36 15 21 76 26 89 48 64 7 47 2 31 18 87 33 39 46 45 40 26 56 66 77 43 78 52 83 25 53 40 52 20 59 24 62 62 3 59 32 80 22 54 63 92 48 93 20 4 19 73 51 14 95 26 44 35 12 44 98 3 6 16 62 34 22 18 75 22 24 20 73 57 31 50 100 60 60 55 41 51 75 58 76 54 60 84 44 6 32 57 76 33 14 9 84 2 37 35 32 73 59 17 85 93 99 12 17 41 9 56 70 32 40 67 44 58 42 77 36 83 14 74 75 54 52 21 70 37 16 55 100 4 73 6 32 100 6 91 2 89 97 12 14 11 40 22 22 94 37 35 95 20 57 77 21 99 96 93 18 84 96 3 97 2 42 88 1 92 25 41 68 92 33 46 40 71 33 25 56 88 31 66 55 22 63 46 85 24 49 35 83 13 18 82 90 85 20 34 83 12 54 60 29 49 92 80 50 66 25 68 29 98 1 89 1 25 54 21 12 99 37 41 79 32 45 73 66 79 26 20 39 2 17 29 85 94 47 16 37 100 61 62 47 20 31 57 33 57 19 56 91 83 38 39 40 26 47 32 50 79 20 76 51 10 86 89 20 82 29 56 59 16 34 54 71 65 75 85 1 51 48 29 91 83 76 89 13 43 29 27 18 71 30 10 56 72 50 88 56 3 34 92 17 55 85 57 24 65 95 97 29 99 71 18 75 37 70 51 78 83 21 67 87 45 73 3 55 40 58 58 72 1 65 2 76 14 79 44 47 83 62 9 79 12 36 67 58 77 29 21 47 75 28 76 60 55 58 90 57 42 11 75 42 67 76 32 63 99 15 86 83 67 85 50 77 59 20 26 16 12 1 53 31 27 84 6 51 29 83 97 44 21 50 20 47 39 81 14 20 84 57 12 38 32 53 83 76 72 71 67 93 12 87 30 92 50 50 51 44 43 40 2 79 72 90 82 89 95 37 39 14 96 27 59 68 33 28 26 63 85 56 25 55 11 36 67 35 92 60 48 83 73 80 37 13 56 39 7 50 14 26 47 70 61 94 46 77 97 67 60 34 73 12 65 91 61 83 20 39 15 45 94 58 83 26 51 63 7 100 33 10 96 98 7 81 78 15 87 10 62 83 95 18 44 42 37 88 63 31 2 94 67 51 1 25 14 77 92 29 19 73 87 75 9 18 75 10 15 87 79 94 60 49 9 44 25 74 13 8 71 27 53 22 95 85 14 44 47 29 95 17 48 11 86 67 35 82 75 67 83 40 15 73 76 58 38 49 1 64 8 91 22 16 70 38 69 6 100 51 55 49 94 16 61 20 65 47 54 14 20 18 92 49 45 20 38 23 84 1 7 50 83 39 17 49 63 94 4 22 17 32 27 49 17 44 54 54 56 88 40 81 3 37 10 62 37 94 32 31 44 68 98 61 34 57 56 2 39 33 15 37 77 44 18 58 7 68 8 10 20 22 27 25 1 97 30 56 72 23 73 22 30 73 39 98 23 48 9 83 35 99 53 39 40 96 90 12 20 74 90 78 68 8 72 35 88 86 77 9 63 93 73 86 77 95 61 81 68 16 44 18 41 39 5 47 10 14 83 76 66 68 93 87 55 67 74 77 19 68 38 14 61 84 3 40 36 79 76 18 46 57 12 7 50 63 86 29 19 61 50 42 52 87 85 86 25 28 48 65 99 20,1kbYnJTytS/TSQ3FDBva6IuWrzdftVPKdt8fceNVgL4mSNO2btA7amM7og6Xi49KBhrVDC4OcPWcdh5e6TKMjFEKQjG0ETydnahstuRrdFFbVYd3aB7V2CyqvN5rR8nabICJZSMWpHqGaFF6fELT+679oMH52PhsHnvUKlgE0590XaiD4RTx7gfe3ZFByHuM5KFTtbLeEZ7RH5WpDrs0EUJuQ+71RK0P5AIupXMQnJ7JAHLj+FzC5FooTDiCL2M+5vYYQTiz1B4ZAAvvWXoSCvx00PhIw1IzuSxu1t8JnDoEJtbZkiJQ+85vNT1YH18QI4d/reGeCKROTfcjwJGAjsl0ucQq4keoB56gcppfm9buana1xfVwPS30r2raWR7tXCaUqQrT+U03hQ7sAD+isu8k8BC9nFKvo2vwyL4KERWvdGej+zCbkdjww5Z6Eq+c9YjUsWCij35lwnll/0AWBWT+H+XUJmq5JqLQK/8ObdfmQUtuhHVkqbWN7o8h5n9YaOHwqZwa2bxg2aQen92KscqW6MJZOvic4zqvgpggf2U1fLmKXDek7GjjPz9ARR5K5OJBdd8Me57yrm6j0EHuaDUjzaDmzO8rAKGamHvhYBmJ+ls776GukUT+CwbiSr7/FFWFL5ukhXWywEOjmwU3hudxmoyj3vUR1se9Xe5Gjp8=,ChvLDArmGCiBGkGholbp/1Z493To4eMsEKgWbg2HXRxjugpYeT96/AncLgoy0dpZGIuV7Y69bBvYeM7HvWLU5Q==
500,2026-10-05,23:20:00,84,2026-10-05 21:20:00Z,98 46 50 65 47 90 97 90 14 58 10 75 9 34 88 45 66 26 100 51 43 81 26 37 21 61 70 95 21 97 87 10 99 53 41 73 20 68 40 18 26 17 46 83 71 50 56 93 4 13 82 55 77 83 12 96 47 37 23 6 35 56 83 33 14 16 33 76 61 25 39 7 86 52 11 36 69 66 31 43 36 60 89 47 74 9 21 48 15 63 93 56 81 85 45 30 9 34 62 23 70 25 11 2 60 92 20 97 44 75 40 49 77 44 3 59 29 69 75 44 66 23 49 59 75 68 69 68 97 26 7 81 26 54 30 75 10 96 66 59 22 62 86 10 95 45 49 48 18 67 25 19 95 55 7 13 12 65 53 98 57 75 3 73 57 74 18 57 81 29 96 13 78 46 91 14 49 89 98 99 77 60 89 25 61 83 56 7 66 87 20 57 61 56 7 37 68 100 80 10 50 65 95 9 47 52 14 76 89 68 67 54 9 13 10 63 57 39 31 81 79 96 30 70 82 12 21 72 60 21 13 80 24 92 16 54 46 40 45 1 56 17 82 36 67 43 81 31 48 79 88 71 6 37 26 5 60 20 94 13 51 88 90 21 96 35 99 62 29 22 48 59 50 82 37 98 62 35 60 50 73 65 81 53 47 12 24 43 9 34 47 59 15 42 47 65 47 83 37 34 21 77 74 31 34 28 10 10 90 57 17 88 68 62 33 33 79 84 15 86 86 12 94 3 6 43 74 29 21 14 61 86 39 15 76 20 43 70 95 65 72 46 2 20 79 98 97 97 84 92 8 73 73 3 25 30 15 65 23 29 47 84 56 59 84 77 79 47 2 12 85 51 63 43 42 35 89 72 100 21 18 100 24 90 48 71 13 52 53 44 50 31 22 18 83 78 23 45 57 52 75 54 36 98 8 81 28 54 3 91 6 24 95 58 40 80 31 55 84 13 56 87 63 100 52 62 94 53 9 36 88 46 100 43 87 49 78 85 4 46 42 47 74 70 75 27 92 82 54 33 19 56 40 95 14 91 78 2 96 67 26 57 40 11 39 36 16 17 84 95 34 68 84 40 3 81 60 21 31 87 69 88 3 84 93 54 19 47 46 29 56 82 73 91 64 36 78 28 87 82 47 81 55 80 33 38 11 36 37 96 10 74 65 92 20 1 47 18 30 65 41 93 50 59 53 79 16 37 13 59 54 56 98 11 2 55 63 99 68 55 9 97 37 52 33 51 100 84 72 72 9 13 54 89 84 7 51 45 52 82 73 26 46 49 30 22 40 95 35 78 94 52 84 49 96 74 68 83 33 1 88 90 11 99 55 39 89 4 3 48 75 29 62 99 28 11 5 74 98 54 47 55 46 22 65 33 88 7 29 12 37 55 20 91 33 9 43 90 34 51 32 29 3 11 22 65 57 42 2 47 39 99 27 9 39 72 13 67 56 34 60 70 91 93 90 39 72 71 84 27 8 8 93 50 87 97 97 86 47 42 55 18 3 51 45 55 40 63 28 12 57 4 2 49 19 22 83 12 11 24 94 48 88 8 6 26 41 50 8 80 83 82 94 19 19 32 59 63 88 76 19 4 79 52 70 93 76 5 73 11 26 56 68 74 53 66 94 32 10 19 23 95 27 25 30 26 17 34 22 15 12 51 18 65 87 27 36 37 98 33 88 44 70 5 99 77 9 100 60 75 95 68 72 18 41 33 12 80 36 79 34 42 8 96 86 12 93 50 80 69 37 7 85 44 30 48 13 68 99 47 3 21 69 33 97 12 8 39 12 45 19 43 50 20 4 57 71 40 16 49 68 26 94 24 45 69 61 13 65 67 49 9 5 92 16 72 62 47 38 2 100 16 44 94 85 21 55 60 54 43 36 27 35 75 31 85 78 2 24 40 2 21 28 65 51 45 92 92 85 35 12 46 31 70 62 81 5 32 98 7 22 96 24 100 91 73 7 3 39 20 37 89 52 83 78 88 62 14 3 99 97 69 68 49 5 47 15 96 54 47 80 4 62 92 65 1 78 1 35 19 100 51 52 58 41 96 94 39 91 7 13 96 69 64 10 27 60 44 30 3 33 95 93 73 10 18 62 72 35 83 99 69 70 68 94 82 62 89 44 49 71 24 31 99 78 4 75 87 44 23 48 19 49 53 81 87 88 58 73 68 64 85 92 7 82 49 90 43 56 60 55 9 97 37 79 44 38 69 27 13 12 50 1 24 12 8 43 62 10 76 4 19 81 76 42 20 52 67 39 85,iOCSZY/z8p+u04MaciNYwwZG1QytSL3QT46MrlIKB1PrQ1EQPLgpPDNtko9oRDnJwPlLXH7qxkRggwCI+KyQQY9JePb3/bH3CnR9r6Lv0/WKP7hVq7GP+quQUQ8vHbG00dLkNVR3A4r5lkmIduWU9NxHkuZBYtRshaf59N2XNUmofxQUJP4W597/paBSRK3dJ4/jtgPR4IwYum+rf6v59ey9m+CppJUcl1ikCgviH3IRf1p52olPn1uH9G13hTwGIEm73EmVKyCCWonzoJ7zo6nFzm+uHAhllV2h2GWssvKHCxsUFnS8Gf+BkcNFgUPccTKiACfTMklhGJMwdcUisKS9awHPOUipd8X2njmCOSSZ7e7tW4MIxXn8xddS7p/Tt0NHMJsYV754utQQ5D+0jBRj1sWnozSGryiv6IvZGJp+WlJMr8Bdzmu2ZR2V9rtYx2/ynn6jexhFRPt4YyMo83Q/5YshXkGeUQHnyqHjrPnvgQOf4auI9K4fVo5UXRxYjhyxAw8ZbXA9bPTiaF9QPuA9x5fYQvAlmiUTEHs+MYmVNOGfc2irFocQa4oP9CucAoDSy2XARaKmKyVuMGpQ74cw6FnSpsg+TIGB69P/gy0JyBbdMFTWBgVUrZwD8Vf8Eu3mIBCz5i7y29mMG4R6FPwAtsZCPmGxj491XiLY3U0=,ChvLDArmGCiBGkGholbp/1Z493To4eMsEKgWbg2HXRxjugpYeT96/AncLgoy0dpZGIuV7Y69bBvYeM7HvWLU5Q==
501,2026-10-05,23:25:00,85,2026-10-05 21:25:00Z,83 44 47 27 2 3 22 15 47 28 56 42 64 53 66 44 69 18 26 66 39 2 26 20 44 27 16 53 89 72 15 91 78 32 3 59 88 74 69 40 93 54 61 56 47 43 61 37 39 9 64 92 32 85 5 37 77 30 48 79 71 65 56 87 49 45 37 37 68 49 21 42 77 64 55 23 94 81 30 60 94 14 29 78 99 77 90 73 35 92 44 23 80 43 70 73 94 100 12 13 100 62 57 52 16 34 25 65 7 19 82 62 94 27 20 77 83 61 62 19 71 17 5 89 26 54 80 92 25 4 48 44 33 46 88 48 92 95 38 98 95 78 46 78 72 62 1 77 3 60 95 13 92 49 79 34 57 28 96 8 33 43 4 69 20 90 83 61 38 25 8 59 61 51 13 74 91 35 95 100 58 23 56 45 19 99 16 43 5 60 82 49 11 39 87 38 46 64 84 7 95 92 32 64 4 37 74 17 18 34 55 9 67 89 17 72 44 22 85 99 70 98 10 66 82 55 73 96 75 83 51 84 21 61 10 23 42 40 39 82 76 98 95 94 49 11 38 35 5 16 48 62 3 54 83 36 47 29 9 14 26 54 26 84 41 47 25 3 97 16 93 14 72 46 98 66 86 3 89 17 75 74 45 5 59 65 48 33 66 45 89 74 57 100 48 48 40 62 100 2 41 42 19 25 97 97 99 63 41 64 71 55 17 48 16 75 78 11 1 78 59 36 47 44 67 44 27 53 24 98 63 14 48 82 53 36 84 58 44 45 39 97 14 78 97 35 98 83 65 37 24 36 81 70 100 21 38 77 71 22 61 95 75 84 74 62 19 61 22 7 47 35 66 85 58 54 68 14 57 62 88 77 67 37 69 44 99 7 66 64 84 32 52 77 55 2 90 60 96 59 16 61 2 76 100 44 58 70 9 41 25 38 94 29 34 66 80 70 46 79 55 7 16 40 43 53 87 11 96 69 78 27 42 6 33 74 79 84 63 31 30 63 75 71 5 51 11 63 67 87 80 4 35 25 92 39 95 17 84 61 76 80 37 61 40 93 74 40 18 28 21 28 76 3 53 99 39 79 73 50 59 64 11 96 34 64 10 20 40 26 41 74 39 39 48 17 51 45 9 2 82 37 24 2 60 23 43 1 30 64 30 97 42 98 86 44 97 30 59 22 13 51 61 52 40 27 27 55 70 87 9 93 76 48 51 46 24 50 36 21 55 77 61 49 76 41 77 63 67 65 30 59 55 79 71 76 37 66 24 37 70 55 46 29 78 37 39 3 53 54 69 41 64 65 46 26 49 11 25 24 90 31 89 27 94 16 35 3 89 3 22 64 40 39 65 48 25 67 70 80 42 26 17 99 40 11 38 15 26 60 85 18 7 5 69 9 39 17 74 70 14 5 23 47 54 85 82 84 21 95 51 27 35 83 32 20 73 4 26 16 3 3 19 78 56 7 37 71 26 19 10 66 84 27 58 29 26 47 40 27 98 95 92 53 2 24 82 44 94 23 91 40 16 74 86 31 33 25 9 48 100 11 92 64 47 56 52 55 68 35 1 73 96 82 92 58 32 57 76 4 83 80 18 41 34 68 85 1 39 24 11 67 16 93 24 20 79 71 97 96 55 86 33 31 42 84 49 20 54 79 67 14 38 26 91 64 8 84 47 91 5 77 80 17 30 54 87 86 49 22 38 6 15 26 68 57 51 51 72 56 88 41 69 16 78 51 56 66 87 52 49 90 62 76 86 33 31 21 48 61 81 100 17 59 53 40 53 67 73 57 27 23 25 83 29 38 31 59 56 65 9 26 57 87 69 90 99 86 20 47 54 42 40 97 37 53 44 8 53 75 26 8 81 100 87 46 82 14 10 30 95 42 90 1 11 47 71 1 100 43 4 5 33 79 84 83 40 95 18 55 76 34 93 76 4 4 85 82 18 15 86 46 4 87 52 66 92 85 87 69 41 6 7 22 33 64 11 79 50 5 36 87 30 52 1 71 56 3 88 73 92 91 90 17 24 34 55 7 94 8 76 85 18 83 70 2 11 87 46 29 26 58 89 100 55 58 21 4 26 68 52 97 16 41 37 5 50 1 16 24 37 72 26 63 74 82 23 76 28 58 34 29 3 91 92 63 100 46 61 50 6 55 21 83 98 16 52 71 12 93 97 8 52 29 34 34 39 76 60 28 5 60 46 57 33 16 14 49 29 33 69 71 47 55 80 72 73 47 69 65 54 22 82 43 53 11 65 58 3 100,O6ofEbl+qgHgNlpx8n+JRn99RBrfuDro7JAHqsaxCtLexGyIybSmca3qPgMwowyFvKlNgj11ECui74S9Z7FoA3MBI/GTkJHa6QoovF3AbhC2PsqDABfNQmdgD3FRgS791KaQFbC+aFnmiS5CcJc2srldvf14vLg/JVz69MILvRmNSS8cs0HdxdMHCD+4ODrPePsJfHhc//7Wc15Yis81mkI/oNge4M07ul5BJL1eqJz4at1HYJLZqRrvS4wOqGiKhNIv6l1i+leHxYyPjlvKnFMhcUBKmhtiA+n5EELr2e9Q//FecFGryr1xzhTRncLRh5eDOl6zFWDP8GLp+4AQXBUHz/DnS3c24mjSbMn+toX69V6rbCU3DnYoM48M4//rsqW4IgJHzOf2rd5oskxANvJSAmFa+7jzdrZX31gcnvGifP9COHOftZNafjaccK9WvD9lDQuEU3ndpfXa409Gcrk8uP2+TiYciATGXs/1gQZZNg+xqDhKeDYeZ0Xp9mpo6WQZISTaihJNLpmxKnjCQDU/R7kYvcuOInKvaIRCTg581mO9oDdMPTMoMGy1nUD3PiN+ISJg2pSPXYIatBf9PRh7tkuVs09Huby/WMVIpQVsN+monBc4VfYaC/ApPOyub+wVGSJ1WP4jhCpU3XLUN1MGFJ+eBR+hz7y7+Kqd4xg=,ChvLDArmGCiBGkGholbp/1Z493To4eMsEKgWbg2HXRxjugpYeT96/AncLgoy0dpZGIuV7Y69bBvYeM7HvWLU5Q==
502,2026-10-05,23:30:00,86,2026-10-05 21:30:00Z,68 93 18 98 71 39 28 56 89 89 16 73 2 50 1 95 56 94 6 77 61 78 30 21 17 3 43 2 75 77 30 82 68 5 70 20 18 91 20 57 8 23 3 60 33 19 80 64 66 74 58 13 18 4 92 15 47 2 1 6 47 29 85 34 33 89 15 48 61 13 68 50 61 41 93 19 11 80 43 51 94 21 86 56 23 90 65 1 97 92 37 49 40 80 98 62 99 31 71 16 53 75 49 97 39 68 10 44 74 63 45 19 42 74 72 81 78 88 91 78 84 75 10 42 25 60 24 93 27 64 16 18 80 19 5 100 65 82 57 80 62 21 59 94 33 100 27 8 36 85 22 70 27 100 53 62 33 24 83 81 25 67 18 1 26 88 49 84 32 90 32 46 41 78 100 80 60 24 1 82 79 59 82 90 94 40 5 17 89 70 47 63 58 70 80 17 23 36 46 53 14 57 99 67 58 82 49 84 77 8 89 48 51 25 3 50 41 59 65 40 12 10 62 18 83 54 23 12 67 69 99 98 79 47 100 22 1 4 22 11 50 80 55 47 19 11 51 55 46 94 45 67 9 3 80 28 78 80 48 94 23 50 25 47 61 96 54 64 56 91 74 76 26 95 55 80 10 29 62 41 63 14 92 99 59 95 33 69 35 9 38 56 99 85 37 93 87 73 80 39 76 91 7 77 8 37 74 9 22 20 64 96 12 36 97 39 2 5 71 52 53 99 6 3 66 61 77 12 12 13 41 35 15 45 80 5 51 4 64 69 12 11 97 21 65 19 60 82 39 74 25 85 77 2 6 98 79 58 88 4 33 24 18 5 91 19 17 46 74 56 12 82 54 8 90 15 29 85 48 7 29 95 73 87 46 78 72 65 46 88 64 75 20 89 30 47 11 52 99 81 100 85 23 97 77 41 25 50 78 77 36 91 100 70 15 25 43 83 77 75 20 35 17 19 15 88 100 6 12 41 85 59 82 5 90 27 87 65 18 50 90 17 83 96 2 85 39 37 25 31 56 5 56 61 14 100 63 75 39 24 34 94 55 54 90 34 75 18 17 98 53 55 80 54 38 86 73 52 95 2 70 76 66 83 38 29 5 2 28 6 87 97 19 42 33 84 61 47 20 65 82 46 86 61 66 65 35 46 39 18 63 12 100 66 71 72 8 15 89 26 31 100 99 71 91 74 80 47 92 55 71 83 11 39 56 5 12 28 52 72 15 3 72 44 13 96 24 9 18 22 76 49 33 25 22 49 27 17 11 39 77 85 69 64 23 42 52 61 64 30 21 64 7 67 62 24 92 18 48 29 6 8 67 14 78 76 64 3 44 71 92 39 40 64 67 16 7 88 44 27 72 93 56 3 49 39 2 8 76 77 26 9 44 87 32 19 46 19 36 73 91 52 14 22 22 81 86 63 83 55 65 92 13 99 41 93 93 6 100 45 85 13 60 44 24 9 77 84 13 15 10 25 95 37 37 46 76 60 54 19 54 89 75 9 23 23 89 24 90 26 90 38 24 47 14 95 92 66 6 65 66 19 65 80 27 19 27 78 18 31 19 37 27 86 59 24 45 30 16 40 95 76 60 84 74 30 8 45 59 16 91 14 95 14 34 80 57 97 90 17 44 45 10 25 60 6 8 45 7 53 89 90 85 22 96 86 11 84 50 74 4 20 19 78 47 6 53 80 16 99 10 73 77 41 3 61 53 75 59 5 57 34 47 88 2 42 20 82 97 99 14 66 50 35 41 18 52 90 63 78 40 38 6 69 1 94 21 33 52 84 41 87 84 11 65 83 23 80 59 96 25 98 7 16 81 31 42 49 38 24 82 73 78 88 19 40 44 50 88 30 11 76 4 80 97 46 44 12 18 58 68 85 75 34 18 95 38 30 70 40 95 23 22 78 75 9 8 46 9 50 89 43 89 86 39 50 52 54 68 78 42 59 64 51 46 25 14 59 38 59 33 100 81 39 73 99 10 39 48 62 7 100 55 56 10 60 13 45 67 27 5 91 100 42 6 41 41 40 46 92 73 36 29 28 42 43 28 6 84 78 11 41 38 20 77 100 11 94 10 68 52 63 22 69 18 22 28 10 94 31 47 44 84 46 30 13 46 52 62 47 88 54 6 78 3 42 46 68 74 68 65 24 10 11 8 48 68 72 51 86 84 83 23 75 77 13 98 32 68 18 20 48 57 7 90 98 72 84 7 60 93 67 83 81 65 56 99 19 86 48 97 71 13 75 65 54 49 65 15 23,b5orKul8daSEME4wQsQddLW/bpvMs1iu4pbmvMSHo3BKhuEnnGjC1MNSETwd+S18s2S/439s3Ix6viEgsXHsuURoA6NPnENmBlD4UzDQwRXAw1pHpTwEF0AS/asqplU8SweWVhtMOg5inegMlN5miNf/bfWaPW/UCN6hqMG41dsshUqKDON0SsF0GsLw8w+VlXdiKA9cNZ7MGaMj76DsoJS67BTZh14XY6Dx252JVJigupTecqi/TtFWei5keixSmp/vnGmJsk9pf7HRutOnqMiNOgBG82SVfBbigab7gKg7G/dlg7PzsS6nZARk2VhE3xC+njAR1mZsLndaHuGBvzh+GGZHLXnD4p564PZd45e53rkYpSbnNKmM9Vm5um4986+861xzvFt9BzRKoJN4/Z80+CAn/A76aiysfgbpsAbHNA9oXGe7G6kASvmad1TIzTZh1JrpEm2Mov7CIXr73D0L/UZMLD8qEVirFFMsgFRYWK2V82ZxcdlF0sHzqIkrkdrstoWRY1sgpQQw/XmjbHlQaIWM38+MRAK2YoseC2uQBvSRc4FYFm+LIxOaaiSzlCmCn7VY289AoVp22iAnH4v34s/cKHOQa8IkQIZFVxkyzoBKuPY2OqPraZA4Axe1xh66tfGwutreNYEo1xH7nDwUHbx3/pgTcRZ3yEpqVFk=,ChvLDArmGCiBGkGholbp/1Z493To4eMsEKgWbg2HXRxjugpYeT96/AncLgoy0dpZGIuV7Y69bBvYeM7HvWLU5Q==
503,2026-10-05,23:35:00,87,2026-10-05 21:35:00Z,44 77 67 52 36 2 64 17 35 8 83 29 67 5 31 98 95 11 93 76 74 51 68 48 76 32 66 56 13 42 15 23 14 50 38 65 52 22 39 64 59 13 88 4 38 2 16 95 23 30 72 98 100 60 71 66 8 46 63 55 21 30 77 19 64 74 1 98 33 13 8 3 75 45 16 15 65 85 23 70 12 97 52 56 32 53 39 74 77 18 71 45 51 74 63 35 2 9 76 32 36 43 42 83 12 58 17 20 14 84 76 81 78 67 53 47 14 45 91 37 4 3 73 37 7 35 86 62 51 73 52 38 59 14 63 36 80 16 22 9 72 6 8 55 57 34 58 43 88 51 48 2 87 74 56 60 52 92 43 54 80 70 61 17 94 51 13 73 96 29 74 92 60 18 46 8 58 7 85 37 33 25 41 44 79 43 29 58 45 2 79 26 42 58 31 61 19 89 5 4 52 66 73 61 17 79 9 95 9 62 100 41 48 4 86 14 21 35 14 34 4 96 45 70 31 46 11 2 17 32 21 51 96 88 73 18 4 17 1 18 15 11 58 37 76 94 12 49 98 60 99 1 79 87 13 61 34 86 67 19 13 34 33 64 18 1 57 65 95 95 50 19 34 93 78 59 47 28 98 13 5 92 72 70 1 97 21 55 39 81 67 35 93 62 68 35 28 66 48 2 64 17 23 99 50 59 1 90 83 33 50 4 54 98 60 91 82 94 51 73 82 46 22 19 54 14 32 51 25 17 61 46 44 72 89 60 19 45 7 49 79 81 44 31 78 84 84 16 20 45 64 7 70 54 88 96 44 52 54 15 90 32 52 92 1 14 57 64 6 19 42 96 64 73 61 80 89 20 51 61 32 96 35 59 98 44 88 11 72 31 51 80 14 59 73 33 97 74 76 33 47 70 6 8 18 69 76 23 25 42 30 31 60 64 4 41 37 2 17 19 5 75 91 21 95 65 42 13 66 66 58 24 6 16 82 42 37 7 10 9 82 80 24 65 31 8 60 69 45 70 68 46 37 27 4 2 93 41 43 89 70 16 92 75 24 39 1 45 15 79 57 44 100 99 37 35 83 87 7 8 84 99 41 63 4 36 83 47 35 77 9 82 62 31 41 33 43 48 1 69 32 79 51 27 47 54 52 18 82 32 98 55 91 23 60 73 95 17 30 4 29 37 59 85 38 73 89 69 53 100 60 36 75 39 62 77 8 63 77 84 50 97 94 82 57 69 48 83 55 61 32 17 22 3 36 15 17 63 41 51 92 64 93 7 13 36 37 18 71 23 45 19 82 100 59 12 41 63 79 5 70 78 33 82 18 87 28 30 77 87 62 83 24 33 60 36 19 43 10 28 55 32 76 31 22 15 93 72 12 93 94 87 29 21 74 13 87 83 62 38 28 21 5 96 72 9 61 7 14 70 51 80 47 46 76 73 100 44 84 64 4 100 9 28 43 35 33 80 81 83 92 52 75 3 41 81 93 18 37 30 88 54 82 51 57 60 81 95 72 52 91 21 72 72 39 76 64 34 27 97 79 84 33 13 18 58 75 64 6 93 82 92 46 89 81 88 81 38 90 74 91 82 93 71 58 97 39 36 93 24 24 22 52 37 7 93 55 75 69 41 52 30 65 85 31 91 23 97 97 96 59 1 7 42 92 92 91 68 51 38 3 9 48 32 4 86 80 14 62 53 39 10 59 85 38 72 93 26 46 20 10 93 56 6 25 75 76 57 34 86 9 85 24 2 38 45 42 96 37 76 19 5 44 78 4 17 58 2 16 49 60 76 92 94 65 23 82 100 67 74 21 78 60 60 44 15 47 69 65 88 41 72 96 55 92 40 7 76 7 63 40 8 11 83 74 18 63 14 84 20 20 25 36 25 49 81 60 42 35 57 87 15 56 40 78 73 38 55 16 54 98 85 28 38 40 54 100 8 53 70 64 33 90 71 8 44 12 95 16 74 60 22 77 81 71 25 86 3 95 65 58 14 36 83 59 23 33 27 50 73 24 48 17 5 8 97 72 80 35 22 8 8 33 89 49 19 48 21 83 89 17 34 31 30 74 6 96 61 71 31 82 53 81 85 75 28 78 61 51 56 98 52 26 37 39 65 10 46 98 46 8 65 59 87 36 65 48 54 45 80 59 50 71 67 97 96 36 32 92 25 76 48 3 69 94 6 81 44 86 42 10 45 52 99 67 72 75 27 57 98 20 25 63 24 89 49 38 33 73 84 41 69 54 99 100 44 93 29 82 60,QKtSvQ22Ar2/lCXJ1zaoeTPUWQcNCfm+HoM/I8CGE1XzZcPxzgy22AJ9CWR0aKis5IZ6RyVzE2EGpLGNkbc4ylgh/bHmgEPqOEINHYCKea4EC5lpQ4k5byDd7MnL/cTiLSfcgRqPiB3TIcsr0YZhX+UPgWKylSYisf6RtZ7VynPBfi2HnQ5DbnHb+ryOluR7XuYHdRge9TzMumfnCIctHp2Pt0nc/DrDvx4SxEgz1BvxQSQivZyu8ke0tlWgXchAixSruKQF/5pejKoH4NAZL5ZO1/AhduP/R94szFGMXV2VuXeCyemgeFEQRg/R+ts9XUKuy9tSxMt4WGKRTEMym6GtWJAvTU4pNa2EB3seBVB/fqCfgh3WxedzMw7ou5atOFLt11W4XYbHhbxflsMm/KBszKlywMKrIiPIwwc4TvORQTyb68y9gqo4JNJColE119bJyx/cDtqnfV3NZpDgsbcCacPleQMAdzHXYe4UJO9n8p75X9pkOistflbQbIDBenQvu0hZl67OdqCeIIQi8mUo2z1M13Mdegp5O9DN6kIZYePrsNMHgvAGvIefPzUPxzXBfVJcYNnamGfXvM5v5cMrZ9QYINPhTlDGIgZ+Qtp/L0zzQHO6adPsuNMFbCJJFE7wJcAkGkHx5ogRoEKIgMLU8UcLcUb8+xuwHNJYtE4=,ChvLDArmGCiBGkGholbp/1Z493To4eMsEKgWbg2HXRxjugpYeT96/AncLgoy0dpZGIuV7Y69bBvYeM7HvWLU5Q==
504,2026-10-05,23:40:00,88,2026-10-05 21:40:00Z,80 66 90 33 2 68 62 39 21 91 41 86 86 30 69 57 64 82 93 9 15 45 55 3 92 92 43 71 84 53 81 22 49 21 75 66 78 58 57 88 5 71 48 25 95 90 2 79 18 27 50 80 59 10 47 79 39 99 21 59 83 31 20 47 11 22 87 53 54 80 83 96 53 80 24 60 33 49 54 57 55 5 43 42 33 85 14 37 17 81 31 47 100 83 91 81 78 89 9 17 2 52 83 2 45 46 57 92 35 39 21 79 97 38 39 30 56 20 82 99 99 48 15 60 54 17 72 28 30 50 2 56 85 31 81 78 62 58 9 3 72 51 3 84 72 41 50 68 24 18 26 47 67 69 99 45 34 76 69 76 37 54 75 83 7 79 74 47 50 71 49 36 90 40 14 47 34 81 8 36 39 39 11 81 97 1 85 28 100 33 64 33 11 54 99 94 70 70 47 61 77 10 23 95 98 31 91 72 60 74 52 91 56 94 15 77 61 77 99 79 59 57 86 27 67 96 89 10 63 16 5 80 14 86 77 25 67 40 99 100 6 53 64 51 57 87 84 93 6 77 81 43 27 55 42 14 12 64 75 45 29 93 85 60 1 84 38 47 99 11 47 80 97 47 77 58 21 27 49 33 63 20 72 7 58 67 77 30 32 92 1 12 81 88 31 78 65 1 26 39 67 26 43 25 40 32 7 5 98 71 82 60 83 74 1 30 57 11 77 27 27 61 100 42 5 36 91 9 28 37 29 2 2 14 69 15 69 51 39 19 27 32 26 84 5 20 83 81 32 44 84 32 20 12 29 8 32 90 97 25 33 68 9 56 39 65 46 41 67 1 91 98 64 75 51 81 76 97 23 10 91 65 19 81 22 1 72 92 78 8 74 50 62 34 12 73 79 5 98 59 52 94 58 86 54 92 53 76 28 72 7 34 83 12 23 41 49 75 70 40 2 33 56 71 32 52 76 74 73 53 93 40 7 24 53 4 63 79 65 45 88 53 20 29 52 85 54 64 85 21 95 59 39 45 84 52 4 43 91 11 7 24 33 24 53 16 12 32 71 59 60 83 59 93 20 69 60 70 63 71 98 3 17 24 51 86 78 59 100 34 86 43 25 100 51 45 38 21 69 88 38 21 40 29 41 76 56 77 75 9 48 73 41 1 41 89 40 13 65 24 22 28 61 6 70 38 76 65 78 48 69 22 20 81 23 99 89 90 43 84 59 97 62 32 50 64 78 81 19 1 86 44 53 38 44 90 80 16 54 31 81 99 14 2 8 15 80 50 90 34 92 1 25 20 69 21 1 39 64 63 43 44 15 30 65 12 45 83 23 7 17 60 92 3 16 66 36 18 59 44 42 82 30 12 34 100 71 79 84 46 77 54 60 51 95 13 47 10 49 80 58 98 7 7 80 27 58 11 6 52 15 45 49 30 89 97 53 97 35 44 30 98 28 90 28 26 47 57 60 94 74 93 77 7 50 19 77 16 25 69 46 40 11 86 70 99 74 70 51 14 16 100 50 63 78 37 76 24 85 49 70 74 79 31 47 19 9 41 28 70 49 60 49 76 41 53 42 33 21 88 94 78 11 26 48 93 22 68 59 22 68 21 45 36 1 9 55 30 53 94 87 96 67 98 50 48 78 96 47 74 70 19 23 27 68 72 41 19 42 26 100 6 45 81 7 83 67 84 34 31 49 86 58 70 94 52 57 56 61 78 34 58 75 11 40 73 34 9 69 12 14 25 93 23 46 26 49 8 81 89 87 14 40 53 63 29 54 2 69 25 77 88 61 60 48 3 32 45 75 75 34 88 22 94 85 63 46 75 65 52 58 83 19 72 99 1 69 20 84 2 46 74 56 63 14 45 48 67 70 76 23 67 97 83 35 61 28 81 24 86 5 9 97 20 80 41 90 59 63 25 28 100 84 58 47 24 91 14 54 54 48 72 23 93 53 61 55 26 87 11 64 24 24 92 39 13 39 23 20 47 64 79 17 22 99 32 74 29 58 94 54 95 96 11 88 98 51 89 12 88 13 67 81 3 99 74 69 77 8 33 93 74 60 51 13 70 78 40 93 2 7 33 41 89 30 35 34 22 24 4 23 76 25 57 58 7 24 40 23 80 4 96 62 75 35 96 12 71 74 43 42 65 68 10 7 27 56 60 85 55 17 85 55 96 21 37 60 79 94 3 65 74 8 74 87 70 65 4 89 19 73 38 100 52 77 13 8 68 91 13 74 76 46 28 12 87 31 94 52 16,fvAXIFR2X2qAYp7BlofMz6Q1D04A9x7mLXPi4LgDEyXxeJ1MKbIKWLftGfFgXZa5xJ3neyD1i0xXd2CICndXOrzvzD3rrm3pid7wb5od/Qzj3yJUrm5GyZ9eqMFezX17J77tDQdN1ZCBu8HTWUmdLjfarvOp8lPFnW1nWquK9/N3A5g7A2quCHrm6AGhs3OvGoHvStMbIH6YfrDpVOBMhevG8N04DscC6EwAlc7IOElUKDvwnieB2kTwwwa6GRkO9ovWfjVxqJZ71unNIJRVMAgJ2HMta6H87zjuC52e+oAaiJW8qXHinoq6c6A87fwKqH7gVhqd6m8JgS9oXMiPwTqbykmt+ZUM/pfE/XfxEudeph3eqCb0k+RpTtSMbD77I4KpjyXB1DgoLI1Vi4wSGWmL8BPU3xxKrxSgp3O1taUc3J2Z58/yuuxW3yQ9int49i6voEOvZnTUlfQ4TfL3pm+LMSmeYeAjq6zgq1tZasibQXITN2A7h8lhm9vgi1zM2yoyY/5GG7pyenA6jXOT8oyObzQ6NedIthxp7qBtWHxyTu+go8AeXFU8GZ9TBupIFCA+Ef9YFb7eDH74MLREVV1NNNK8wWTf5nf5QN23E7mWB7gZer8zuhYxd/dSr3pNteZEqktQrhkQHA3ZXUGXl09H0BJHkZ1zu8tz52MuIQM=,ChvLDArmGCiBGkGholbp/1Z493To4eMsEKgWbg2HXRxjugpYeT96/AncLgoy0dpZGIuV7Y69bBvYeM7HvWLU5Q==
505,2026-10-05,23:45:00,89,2026-10-05 21:45:00Z,17 15 18 21 2 88 16 16 54 53 34 43 78 27 95 85 5 91 94 25 88 69 16 20 6 100 41 49 86 33 95 89 19 14 49 88 51 9 49 17 24 52 19 22 44 51 47 33 1 96 14 67 30 94 87 33 4 36 41 78 78 54 45 11 62 88 13 74 15 6 84 79 46 19 34 18 96 86 9 73 37 26 26 71 30 17 35 1 33 82 68 29 6 43 65 43 80 42 67 64 68 73 14 30 31 58 47 69 23 24 63 78 98 62 88 87 42 7 99 71 63 43 13 7 36 82 20 66 10 43 59 60 24 42 47 86 62 25 85 58 63 59 63 53 58 98 26 57 47 71 30 30 82 4 49 63 60 80 28 67 17 91 52 76 21 9 70 25 73 53 30 8 73 53 84 44 2 29 88 33 37 81 46 31 70 9 66 45 95 26 5 13 95 50 28 75 40 41 43 4 3 11 11 4 22 4 72 78 41 98 54 75 42 78 34 7 82 33 85 51 47 14 99 93 15 24 72 45 37 38 21 35 97 9 70 1 2 39 11 96 32 68 96 75 69 22 2 48 18 56 5 92 1 74 10 88 91 35 39 83 64 30 12 1 66 9 11 27 73 58 15 15 59 18 10 100 37 93 10 35 63 10 89 97 51 59 41 77 85 18 82 12 81 86 52 90 30 26 47 33 91 16 65 53 86 60 56 25 12 54 18 78 70 51 11 6 60 59 28 18 21 43 96 14 53 2 80 73 93 46 67 58 88 40 56 92 27 9 17 89 97 97 67 62 49 22 43 50 58 10 94 19 79 62 38 43 98 3 91 61 5 100 98 63 20 69 3 93 81 22 71 99 90 26 4 41 26 100 91 20 15 80 75 51 97 71 14 89 53 18 91 41 93 5 98 9 48 98 41 60 51 36 82 66 90 28 55 13 24 71 19 45 81 64 19 99 47 99 97 94 76 34 61 46 91 30 68 65 63 52 69 70 62 8 77 12 7 69 78 80 7 99 36 40 99 50 42 71 40 83 8 35 64 49 92 45 6 28 87 91 87 14 98 49 98 84 23 83 55 82 49 100 100 83 76 35 83 1 24 95 44 49 86 33 48 22 19 37 63 65 74 57 18 15 2 57 77 41 73 54 17 8 36 16 65 12 29 88 17 48 85 69 63 62 78 37 65 54 91 77 14 93 27 53 90 39 47 65 89 30 47 99 79 80 44 23 34 8 17 35 24 61 64 89 45 17 17 24 88 37 17 72 16 12 50 5 52 66 89 43 76 60 66 33 52 70 49 39 18 20 73 49 20 95 54 10 81 39 57 86 53 74 20 19 87 89 2 65 51 49 72 96 16 65 32 30 28 7 80 83 62 83 5 59 3 46 20 88 56 82 88 80 47 54 50 33 73 68 6 16 53 68 46 100 42 18 95 59 69 22 35 66 58 73 50 62 8 39 28 5 26 3 6 95 12 6 4 7 59 36 97 73 37 82 71 34 25 4 3 21 18 35 18 37 51 16 25 96 6 3 5 75 38 22 19 10 66 65 20 92 86 89 46 68 31 33 1 78 50 55 18 19 100 81 82 23 89 59 46 78 5 37 77 64 48 27 34 82 2 60 1 61 51 33 7 93 73 14 42 95 89 34 10 80 44 92 31 65 58 89 13 50 70 7 58 26 7 1 69 16 77 23 8 99 99 24 5 36 89 31 82 74 82 91 14 81 89 20 57 41 76 16 7 25 31 48 80 74 56 43 43 30 28 20 21 35 79 14 98 82 12 50 12 30 73 39 72 56 55 62 80 86 31 20 69 56 6 79 11 12 6 32 85 8 31 29 94 74 72 76 1 57 28 7 82 26 19 9 51 29 9 21 88 100 66 36 34 72 47 63 69 18 92 67 93 88 41 99 40 17 52 6 76 72 17 15 73 62 7 78 10 19 65 15 53 94 74 26 37 56 97 5 48 92 58 31 10 100 65 38 31 46 47 71 82 70 81 45 20 25 43 78 31 56 5 96 38 79 15 54 11 22 41 36 47 16 71 2 25 21 14 5 27 40 31 41 55 8 37 68 84 4 17 92 93 31 59 39 41 3 10 22 75 54 6 9 38 59 25 39 26 15 22 68 27 23 93 4 60 97 39 80 39 38 15 33 23 46 29 10 54 67 92 80 82 66 32 93 13 17 11 28 94 11 67 34 56 9 26 99 99 46 92 57 44 88 56 27 18 56 48 60 46 66 92 86 27 3 37 93 20 76 56 50 21 58 18 89 81 83,pEZvPw+b93fiCtVgSlTCEp5PLpuXOyRnL2FfH2M1bRrLBQc3HilRjfwpJ+jd3ostTC9bo7iCsk8pEXPblb1VZoqLeYnnfnlXENgS1WX7/sXshV0XkMiXeqkU46MXR7s/6ORBOcbyrJ577OH0syNZrA4Ez0F2Ol2aGVo88NNVjzPXYx42/r7KW1J2NiU5HyH5x1KbLQdeOp015/mNUSjMXT6wF4/5tbB3Ve0Mn2DH73Rs6ghf1MGPzbzz0BgX1ObYSDz+W3AEbczDcLJ00KX2JHJ1OqpvEzAqlt3sQdBo0nf/z6BQkQ0jSy51aDPfIX5jMnG151ORsyZcVFtkpzStVltDOruH5ACiAGRAKvFRh20LJhdf3VxnrYZoYtdOjr4KhxyBFKuQ5Xai1Jl4WU+R7C6M28OlAM7lssu+7PY5uxfTG3SDR7/fZcUmY08YdOkN1orLz1esMgySFPYU9LQg/QboWHP+8yBp8YnR0Lr9QSFUIYelncs3o1sytLFMVspGNAwM/iK/P1DlMorWJQmQrJ46XXLVkyB+s8J0BPJWcZTf/n+MiYsRNx9DldCboLQEqyeaWjA8uJgGE7SccP0MP0DEPIP3/u4cz3wVXPWzR6O/2Pgd2lN5yIElly+c+J/6iOwE3r2hG6KADMHPcYf5uhU/Zdqrfj4DHDzp18sNCM4=,ChvLDArmGCiBGkGholbp/1Z493To4eMsEKgWbg2HXRxjugpYeT96/AncLgoy0dpZGIuV7Y69bBvYeM7HvWLU5Q==
506,2026-10-05,23:50:00,90,2026-10-05 21:50:00Z,97 34 68 68 16 70 2 70 77 5 3 86 92 18 52 18 89 93 43 18 66 40 26 38 67 87 15 74 20 65 69 100 50 14 10 18 1 69 58 31 31 83 88 74 14 53 59 70 53 47 48 64 28 34 3 57 29 20 24 22 71 15 30 46 90 29 11 3 16 23 94 12 72 64 21 54 77 79 61 11 53 83 100 18 70 9 86 70 53 98 12 40 57 19 80 47 83 3 99 22 16 72 65 24 83 9 43 64 53 26 13 49 54 75 60 59 42 22 12 51 58 87 12 38 39 100 55 39 86 35 51 68 81 90 96 43 66 75 20 6 73 95 100 42 31 45 69 78 26 45 63 98 79 19 23 41 22 55 58 45 32 97 38 73 9 52 90 53 2 21 19 71 90 63 14 82 28 20 66 63 45 78 50 14 21 28 46 13 98 35 18 15 38 63 13 42 12 69 77 84 14 64 30 20 85 70 20 86 23 61 81 20 71 82 29 28 100 85 90 88 40 51 86 42 71 70 55 80 14 94 2 13 14 33 55 7 36 45 67 82 43 19 12 93 11 90 4 80 41 25 21 64 22 85 20 8 88 47 83 1 62 11 60 84 50 98 25 96 7 60 55 2 82 97 62 84 32 78 31 91 24 20 53 73 26 6 53 64 15 16 98 73 13 62 33 91 79 72 83 30 32 32 52 3 79 84 56 43 21 100 38 12 89 72 67 57 32 8 97 69 67 24 46 66 57 45 26 33 14 54 69 41 63 82 67 21 62 87 59 41 17 34 48 39 53 34 68 32 84 87 67 52 97 50 21 70 55 51 3 72 63 55 1 77 75 41 6 3 5 84 34 70 72 80 37 58 20 21 27 41 85 6 14 25 59 61 65 63 18 88 23 69 62 89 27 25 49 35 46 32 63 22 53 24 78 94 40 44 51 25 87 53 57 10 10 84 37 9 66 35 100 48 53 60 19 98 17 46 3 32 35 95 92 5 80 11 65 79 67 27 60 77 89 69 82 1 87 39 64 5 39 54 18 96 4 4 96 68 41 31 70 21 63 35 42 76 17 44 84 88 21 83 95 18 25 42 87 32 91 47 23 76 59 66 6 80 7 41 44 41 69 23 93 24 61 24 51 29 84 49 70 23 65 41 53 96 94 11 14 93 46 17 54 67 35 17 58 53 7 79 33 49 74 32 31 77 2 76 3 62 58 63 15 54 73 79 99 47 73 4 41 53 54 19 48 44 79 37 17 67 79 39 62 74 82 13 41 2 2 41 68 9 63 93 21 48 17 51 33 3 28 65 43 9 41 37 69 98 97 83 4 86 71 49 22 74 47 82 6 98 29 66 93 29 27 27 48 5 87 21 75 86 92 84 39 41 97 87 22 59 23 65 95 94 59 40 27 17 8 91 59 23 8 100 59 10 28 72 100 92 90 80 15 89 17 11 65 78 17 40 57 33 87 49 27 25 64 7 95 42 30 21 64 68 83 98 46 57 26 3 62 89 59 75 50 69 29 71 92 18 34 75 89 44 59 45 26 55 76 36 62 32 61 94 66 48 9 34 30 56 2 13 45 6 99 33 38 28 88 18 29 64 13 39 66 78 24 28 31 23 5 69 16 85 22 6 43 20 54 51 11 93 61 62 89 45 89 70 7 93 65 62 15 55 86 65 44 79 81 9 52 84 53 67 48 70 67 9 83 44 17 81 36 14 64 72 66 73 61 5 9 24 82 90 24 81 50 39 96 14 93 43 55 61 14 28 30 90 30 39 36 5 6 76 39 83 30 59 11 41 33 62 24 100 93 34 55 40 79 37 42 79 31 29 53 4 36 1 9 39 100 96 52 39 31 30 68 19 44 52 22 54 9 39 87 69 15 62 99 25 26 8 5 37 61 27 97 4 37 94 41 62 37 40 68 33 78 85 26 47 15 89 23 7 89 29 54 82 39 89 79 58 78 34 12 16 48 52 84 72 39 97 100 64 50 27 67 16 4 87 6 55 17 93 94 71 47 35 94 41 95 71 12 34 77 5 87 82 56 22 6 94 34 95 78 48 67 37 58 71 16 13 4 44 82 65 40 3 77 98 64 56 62 86 55 58 14 39 29 42 13 64 76 25 88 68 21 61 9 33 67 98 45 60 68 66 64 40 13 42 27 81 47 13 59 91 24 76 30 87 7 28 7 85 75 75 58 49 87 74 12 30 61 64 13 61 72 100 75 66 93 47 6 26 75 82 49 23 88 70 59 57 14 73 73 48 31 89 55 39,tCm7JKEEkDZuWr4XCz84tLR+c9QnoL0F91HDw8nB1Fg0huQWWFpnF0Tmt42UNqgdQdtWMgmxq2NylOQ6An6BoxlyAG+IdAlGqSLMlgepj0N2mURW2yCfpqnvOGXrtn/i0XMuHrM9jCi8wLGtNiA7wf9Wa8DsK0sfJk5iX8BDekf2wOjV/wndhbmiNOykDHXNhVvkpQTl+VR73aWFFNjPx2A1kiP/2t3YaxZiUXzmvslip4jEKUyXwZnrgAJwbJgSJBPaBhtkFIrordcKLib4BC0+2epeo6/+SF5ALmfAdTI+G6+45L0KlaI581c/i897ulILY8/8YQl3mL0TUfJbL+L3a+KQhu+NdYpO/N4hgb9NrK03ahgZuYxXzcm+BtI1AxRMWx9yrLdWJ2+7IdOTMxkkMhd7ZsNbRZdFCGowd7oB+St2HkG5acbCMUePPHfMUaARYl2VL74NUZVKwTMhcl/NsKcRGDlYNNVwbstHXTlKOcw2gXvAfeaNF4DKoODg0dp6iRyYrX32pWNQmXy3jmhygBxqJo6HDZQyfL+NvPKOhFxjzwJUSAgz2JuCIOoqabbt/61t9LokBNpfXNv6MssdCBmUKKIH32lXEi1GL1h9L5gs1CapRHnkvCRJ2R2m/7NaTkhFdVe86zJ3yzp6tvdQXQfApPyAYVMlWlQV+Yo=,ChvLDArmGCiBGkGholbp/1Z493To4eMsEKgWbg2HXRxjugpYeT96/AncLgoy0dpZGIuV7Y69bBvYeM7HvWLU5Q==
507,2026-10-05,23:55:00,91,2026-10-05 21:55:00Z,38 70 47 76 48 2 34 47 34 17 68 10 51 84 87 38 48 26 4 92 25 5 41 25 86 53 45 67 43 39 14 99 30 57 30 45 39 31 89 43 88 97 76 62 66 36 31 54 2 56 44 31 17 72 29 43 1 60 65 22 78 85 62 10 96 53 65 73 95 10 15 98 16 91 43 56 22 19 52 6 81 96 24 98 55 32 26 32 21 63 76 72 38 58 17 90 92 14 26 1 92 48 24 21 66 60 70 50 37 55 81 68 89 17 16 88 18 74 49 54 57 96 32 14 64 27 17 21 66 99 41 39 34 83 19 79 38 56 71 54 63 50 27 3 44 14 91 76 51 60 95 32 44 12 85 77 14 98 57 72 18 67 36 21 35 29 38 30 29 89 67 82 71 73 33 8 79 86 96 77 99 53 4 29 55 79 4 45 72 37 41 42 62 63 39 91 63 100 54 44 80 26 98 28 33 3 62 68 48 46 73 88 2 13 14 3 6 87 36 16 46 97 12 91 18 38 93 77 44 45 34 45 94 16 65 42 38 63 82 84 37 70 66 2 69 2 28 72 63 64 87 80 36 32 90 1 90 5 98 70 20 63 15 19 10 81 34 74 67 99 42 16 94 73 7 92 5 22 86 41 82 19 20 82 32 18 75 21 40 58 94 3 85 13 89 98 64 50 22 23 35 56 68 20 16 96 38 85 56 63 36 40 96 31 34 13 48 28 86 11 32 62 97 8 74 64 20 44 20 38 61 29 50 12 15 71 87 96 78 69 8 75 63 2 41 70 99 98 45 51 36 40 56 31 4 73 59 32 9 89 25 59 11 73 33 61 48 67 82 71 37 3 56 89 18 74 81 61 35 97 94 27 85 54 56 50 3 38 74 34 55 72 80 97 26 89 73 34 88 30 12 49 29 99 62 20 61 25 86 3 92 7 48 36 88 1 30 2 36 66 46 94 45 18 73 28 28 46 24 41 76 46 60 29 14 20 21 93 23 7 94 81 29 59 76 23 50 41 32 48 89 40 52 28 10 39 63 43 44 50 9 50 19 57 25 9 99 38 46 92 7 34 67 39 85 100 63 38 97 50 33 99 13 44 96 50 22 70 21 19 96 31 48 100 29 25 32 51 92 33 21 38 76 23 33 94 100 73 15 5 15 56 84 80 4 21 44 83 52 53 38 85 65 40 94 45 40 33 3 94 70 29 58 48 16 65 78 80 26 95 64 90 45 50 99 91 76 74 64 45 49 20 46 21 30 34 15 23 78 47 3 47 43 51 50 41 73 80 29 14 73 36 44 95 65 86 31 33 97 36 82 35 93 17 46 28 39 3 38 81 38 26 79 85 11 34 45 62 87 68 69 84 30 71 45 76 2 48 7 95 58 48 96 56 10 72 74 93 71 65 58 25 21 9 48 52 34 22 27 51 78 10 30 100 63 71 9 18 3 39 52 35 92 74 40 75 55 10 25 2 12 59 44 68 28 25 20 91 74 17 34 98 26 99 96 25 99 7 40 85 71 99 9 39 24 96 22 84 68 79 90 1 24 19 21 15 9 74 88 24 32 35 51 16 56 63 48 2 30 46 41 8 94 75 6 60 31 15 39 99 80 85 38 72 86 42 7 75 14 58 2 67 5 16 100 7 91 17 64 91 48 22 32 53 86 82 10 75 48 69 41 97 55 30 78 21 26 77 66 86 39 15 22 19 77 30 5 97 88 89 81 68 36 85 51 94 13 57 90 13 18 61 10 31 25 78 37 53 97 22 94 72 26 6 69 19 68 36 58 72 71 93 60 77 62 100 80 43 35 50 33 7 36 59 32 98 36 39 34 86 38 42 16 3 7 32 13 75 48 97 49 8 68 17 96 55 2 92 27 75 13 48 96 61 64 65 78 26 45 30 2 62 83 75 49 19 69 38 40 24 80 79 63 12 66 35 67 82 73 70 76 21 48 63 15 68 54 22 74 28 79 90 54 51 12 88 97 9 8 66 58 83 94 61 52 91 95 18 52 89 32 14 96 9 100 33 27 85 19 49 14 75 71 83 19 42 93 66 100 62 75 42 22 64 51 63 45 53 27 78 22 87 25 96 12 91 37 12 69 84 67 23 79 23 64 93 49 29 73 21 34 76 62 39 17 21 91 64 70 23 21 2 82 87 37 18 37 88 74 67 3 51 76 1 77 45 9 76 79 40 79 48 65 90 66 85 88 45 36 91 26 46 86 72 41 7 86 67 36 60 5 28 35 54 49 10 48 48 63 73,YoZD6+RVn0fLUEmXQ7k641JnAuBz0s0HpMPD/LkR1EVQfDNIpdE1QI/ZaG0bPZ+Jc13OprupAy8ra85soRMRtECzrcB8KivkA0e1tP1S7DPcmPjn15WkRJFrdBVGpQITYlD8ueFHEuao0zdZC4UJSJI8n4z/JRLUOYDg98aCf4y3CAwHWpWAwIib8OBeM4Fqx7RZhmgJOXhulAbvVlsYLAektGxYdv1f/Csv2ja3Q1OI3vJ2HXgf4C0JlFLBRdcnRQJAYloPzyBdXE0pZoq9+xcy4jwl8MOYIWSdMO0GwBDWV6RiQlLjGUKh/ZfA7QlR+8I2raNFhIKSw5DBNjDzQ7/WfW3JButpv+gXIDHNQ57xTwuodOpr4neF/CTZSgPjXNOK7DridI3mtog4z9Dloth3An0rZRX951BbUVd4lZCEFfC3BLgHUrmLcMlJ+QrAme6gYpRXtQyMFrhCece7L03b0w8dI3icRUAXTV9kC9JNtq/cuQQMiMkDQ1EjlhNQWKLpwYPOmHPfBuxQk4RUH1wl8h1IZIVDiUrz4BNRWshHB08sWBx4x/V3OufVr3dSx0uVIqMs93f6Pr7xILxrGijLcCXsIj/R8hL1BqqeHRxoUGRlcoIVK8o0AM/h/k26Y4PykIaFXoTL92/pmqi017W7NoyK1HsAo25rZBISneU=,ChvLDArmGCiBGkGholbp/1Z493To4eMsEKgWbg2HXRxjugpYeT96/AncLgoy0dpZGIuV7Y69bBvYeM7HvWLU5Q==
